{"type":"FeatureCollection","features":[{"type":"Feature","id":180,"properties":{"OBJECTID":180,"KDCBPS":"1111010","WADMKC":"Sawang","WADMKK":"Aceh Utara","WADMPR":"Aceh","ID_KEC":1111010,"KDPKAB":"11.08","area_km2":382.17},"geometry":{"type":"Polygon","coordinates":[[[96.91385221230979,5.230697707433308],[96.9116487950559,5.233340580203674],[96.91379158271542,5.230008481406344],[96.91446511467336,5.2241371414160085],[96.91261256791574,5.223009942854617],[96.90990646561096,5.225319372191336],[96.90801637755385,5.221935494927209],[96.9088114456917,5.221268095446305],[96.91147135521891,5.222774967990404],[96.91482353857549,5.221010361439085],[96.91669358524081,5.222753749386072],[96.91672520540396,5.219262883375393],[96.91546313821334,5.217778100878718],[96.9115741477288,5.217121369155905],[96.91085459836108,5.2153339180259195],[96.91283015708615,5.21460233303128],[96.9169251453792,5.217393146076859],[96.91630361761793,5.213007821553788],[96.91848113529619,5.212726365229628],[96.92179362887293,5.2099599382006545],[96.92446214940873,5.213088043778271],[96.9251552838893,5.210734322830774],[96.92252766631879,5.208302520944642],[96.91648440023494,5.206713085240722],[96.91576537876927,5.204243558593419],[96.91674330605878,5.203083989834283],[96.91022893641633,5.203258518565804],[96.91046853469516,5.201151273012897],[96.90809909179973,5.198698156294938],[96.90632921162387,5.192915431901724],[96.90664638362375,5.18992874921247],[96.9038551362056,5.18624558656461],[96.90286202925932,5.182556797758082],[96.89465696025059,5.183626667236979],[96.89341130388863,5.187398265617503],[96.89075510316553,5.188100670309723],[96.8876201627404,5.1858746845690575],[96.88708199763613,5.181956502990261],[96.88137224243508,5.182742042811071],[96.88225667620469,5.170676317358186],[96.89106496637515,5.161293962946104],[96.89020056860141,5.157857412389717],[96.89210852708692,5.150253388183387],[96.88964394401285,5.14747953005633],[96.88374918477712,5.146359103389955],[96.88129664722254,5.143581930361847],[96.88079778968631,5.139021400817057],[96.87666756775411,5.136534519052873],[96.87706218397267,5.126788396967015],[96.87604982344067,5.123732658035806],[96.87393594898492,5.123252412868624],[96.87447023441382,5.119000092680153],[96.87309322397317,5.1148992740822905],[96.86925965960569,5.113454590556955],[96.8660179282848,5.110371589577255],[96.85100990798094,5.091718455142654],[96.84823316932534,5.091129318263484],[96.84939560422379,5.089890172093817],[96.84684228774142,5.0877015019228224],[96.84841102105185,5.0847630957403],[96.84635311590364,5.085518149443089],[96.84418698723971,5.083869640871285],[96.83963239591839,5.083083783589814],[96.8356353473934,5.079293828247614],[96.83504736344514,5.074253041844429],[96.83667138887358,5.071256820046244],[96.83516097569856,5.068196999991585],[96.83624220001758,5.061586875933642],[96.8322126796715,5.0543116339747485],[96.82777856602809,5.052617041443341],[96.82502916496406,5.053310681342907],[96.8262727573819,5.0487758643147345],[96.82259125488258,5.04498395384644],[96.82173274497029,5.038860174157776],[96.81888500573848,5.033332212411722],[96.8202022760143,5.029509843704375],[96.81855759405778,5.023844569871073],[96.82086852526231,5.020745559160275],[96.82096370321239,5.0170488293400695],[96.81866038476898,5.0136376342694575],[96.81912104899726,5.006809533433284],[96.82183173064993,5.002721934869442],[96.82102969366548,5.001513486158501],[96.82256777808055,4.997135278870076],[96.82273643423912,4.988212870127882],[96.82182272124163,4.9864139994065795],[96.8191577314442,4.987498677122289],[96.82089378631923,4.985134444898733],[96.8198544362333,4.983569710873496],[96.81953602676629,4.98482013903822],[96.81456632277764,4.985145866288747],[96.8097693290913,4.9879897986903075],[96.81079725688795,4.984871752929109],[96.81182518378529,4.98478038180923],[96.81148254208568,4.983318440293829],[96.80968176480167,4.983345090803368],[96.80912164005173,4.980307471412743],[96.80506739734255,4.976807945830103],[96.8070613858743,4.9719586044060975],[96.80563370942821,4.972385716727501],[96.80533161276378,4.960436443587071],[96.80926248197801,4.9503813171440925],[96.80694393531445,4.9507068285573155],[96.80734368486321,4.94893651041167],[96.80499087402967,4.9448590642944055],[96.80316915872976,4.944693455038987],[96.80288171921603,4.946600829864451],[96.80040707992288,4.9447924398193095],[96.80203463159302,4.940328571206635],[96.80023575907308,4.938539216211893],[96.7966589529484,4.9384421343970075],[96.79018681906649,4.94243962808639],[96.78523768976765,4.9410915524332495],[96.78763223004341,4.940766391755631],[96.78933325092885,4.936810108599673],[96.79166753482895,4.935311036774976],[96.79677867429643,4.935494133347618],[96.79925575434964,4.932302346775941],[96.80438164629601,4.930158685874687],[96.80460638058008,4.928098566595622],[96.80976347270615,4.920913370155972],[96.8118597078593,4.920629804921589],[96.81475694487716,4.917900501007352],[96.82085946729063,4.916429466446743],[96.82429580740563,4.91334920030539],[96.82404041703165,4.911615473775157],[96.83213083057342,4.908027847906908],[96.83362591840148,4.90552473517846],[96.83255391393203,4.904098178388267],[96.83257402726963,4.899268590573058],[96.83446940423966,4.89835142777622],[96.83448020959406,4.895640853142879],[96.83799616579046,4.890629862178457],[96.83754824135832,4.882427360734141],[96.83983343666381,4.881026302421958],[96.84140221943693,4.877261723250001],[96.85638204599468,4.891746880414246],[96.8608630862625,4.891281372437447],[96.86142963666845,4.8892986946790415],[96.86660995468571,4.898397972188718],[96.87204957242989,4.896912861439432],[96.87500000074948,4.90751052099381],[96.87858602042854,4.910532767373354],[96.8833206560235,4.911967704046333],[96.88728348444533,4.916658755797016],[96.89829234821337,4.913699034782667],[96.8982352403641,4.917582314572201],[96.90423148179752,4.922636291331855],[96.9024326101769,4.926833660245279],[96.90640155129063,4.925634410699558],[96.90997074195622,4.9300031022614235],[96.91588132296476,4.930431405285162],[96.9195932819045,4.927490391068716],[96.92304825956955,4.932601472979627],[96.9231910278437,4.935228398072184],[96.9289873949524,4.9393115530857585],[96.9301580892245,4.94242388815195],[96.9294442505518,4.944965152819577],[96.93289922821685,4.952617499398116],[96.93473767540348,4.953747339268318],[96.93825443739246,4.972615060936334],[96.93763450143115,4.981944588272199],[96.94119783930887,4.988426560737253],[96.94450383798181,4.99160792506575],[96.94450383798181,4.996176489153697],[96.94809206459718,4.996519131752564],[96.95068091958882,4.9997647175677],[96.95085224043862,5.004304729080047],[96.94823578435404,5.010998248170665],[96.95093694758214,5.013967814962712],[96.94820723087906,5.016149304946509],[96.94665962983811,5.024681100352552],[96.94399319303147,5.026849854137481],[96.94306143243921,5.029674561731667],[96.94000958487447,5.03087440842728],[96.93640436377041,5.030216955448168],[96.93539246009402,5.037211159267656],[96.93764112943461,5.039437811405946],[96.93543391074644,5.040644079260915],[96.93523745744278,5.042328656942004],[96.94224154840879,5.042738871002143],[96.94245474708896,5.046218595311984],[96.9464493710417,5.05107678066895],[96.94534603329288,5.053074794566157],[96.94696406743782,5.056586878281848],[96.94836690640767,5.071134648045643],[96.94731399544457,5.099628693109764],[96.94999719921145,5.105011671551438],[96.94912590993283,5.105458227215479],[96.9487892604161,5.115237957865531],[96.9505448539619,5.129544892782633],[96.94832294035149,5.1375493122509965],[96.94982494036879,5.141222943883804],[96.94843107843161,5.141583790559537],[96.94808952131444,5.146065149187336],[96.94993734123534,5.148973599851786],[96.9465437009311,5.158105599194073],[96.94705766527909,5.161611973114134],[96.94304622040681,5.164443286228732],[96.94510274869293,5.169810021115609],[96.94773942243643,5.171013630574635],[96.94766916470024,5.176782019774464],[96.94108510389447,5.176381466231703],[96.9426080734039,5.178192445425054],[96.94288607543211,5.1901259372622235],[96.9443974868546,5.192836421064044],[96.94258964089926,5.199571496927092],[96.94944000804998,5.198995122327062],[96.9490659584273,5.1892126838183685],[96.95008470144785,5.188977435560275],[96.95081541589877,5.19131398575189],[96.95531259629934,5.192889188785102],[96.95830130695981,5.20346243264521],[96.96557079325754,5.204981621404727],[96.96601441083646,5.210349724160494],[96.97350764755993,5.2119906703331935],[96.97791034788429,5.211097218162138],[96.97734906300889,5.214555227441849],[96.98086162336529,5.21667068740237],[96.98372433990642,5.222944503685937],[96.98985514959554,5.223092304566251],[96.98471342238662,5.226205331211133],[96.98587746257488,5.232679002034388],[96.97541300160879,5.231898766414986],[96.97437286461604,5.2304675934047395],[96.96599410594331,5.2299282052225635],[96.96444261623384,5.231114209553198],[96.96210790065913,5.227759076420284],[96.95527274374217,5.224636414439033],[96.95261726607401,5.221392731589333],[96.95302992089421,5.219336809446247],[96.95072904321086,5.220359063420062],[96.94803694964554,5.219774180334184],[96.94230483460052,5.216489698840576],[96.94125364943642,5.2195356297655735],[96.93705892003317,5.216844037122655],[96.93632597796159,5.219184206186242],[96.9377447825957,5.222313321702472],[96.93319269138965,5.221896742240915],[96.92826348027546,5.226864144864464],[96.93094358228058,5.228789105932549],[96.92983736220458,5.231671524821081],[96.92150928482567,5.231929666221163],[96.92211964660447,5.230634598408017],[96.92098584701927,5.2287262712005145],[96.91808267357658,5.231588768307063],[96.91385221230979,5.230697707433308]]]}},{"type":"Feature","id":181,"properties":{"OBJECTID":181,"KDCBPS":"1111020","WADMKC":"Nisam","WADMKK":"Aceh Utara","WADMPR":"Aceh","ID_KEC":1111020,"KDPKAB":"11.08","area_km2":70.34},"geometry":{"type":"Polygon","coordinates":[[[97.01711170683984,5.213576279421829],[97.01558885244367,5.211939210226433],[97.0115589660735,5.211388856610483],[97.0097973407747,5.205046281760531],[97.00277894069563,5.201382004875654],[97.00059041441614,5.202135269826897],[96.99873513012221,5.198431960566552],[97.00038527276217,5.194933208400869],[96.99698740294633,5.192810730131157],[96.99659717092277,5.18958418026574],[96.99513100259378,5.191050279346939],[96.99404675475398,5.189623176668306],[96.99376122000439,5.184578720131867],[96.99183861516002,5.183132007735992],[96.99135528711685,5.179434027858122],[96.98848565658784,5.179705285870284],[96.98434539462431,5.18236076533708],[96.9822324338798,5.18126145385304],[96.97941039277549,5.182215618356167],[96.9758037930107,5.179115050918938],[96.97505597885038,5.180373914724441],[96.97144363061909,5.177111998120267],[96.9679876897801,5.175948499323852],[96.96857327433719,5.1712888932678425],[96.96643713536554,5.166213650239797],[96.96166742441216,5.162260973365278],[96.96079254593928,5.156469091175666],[96.95553983429596,5.151551916587721],[96.95178243890848,5.152046299097492],[96.95310660968232,5.146444411280584],[96.95175457341492,5.134855270754201],[96.95334926205885,5.131772053037878],[96.95755730142838,5.13127793313015],[96.96525649189363,5.13814203112986],[96.96832373765045,5.133827594767752],[96.96715430872445,5.129241241190357],[96.97084392041063,5.12899005874425],[96.97074739167886,5.131627183947444],[96.97206838155063,5.132800639138225],[96.97314155693738,5.129985728758413],[96.97549129658614,5.131400275102635],[96.97419380060347,5.126929627400443],[96.97952153908784,5.129972262310105],[96.99024068176209,5.125762024098208],[96.99513467182771,5.133339919401806],[97.00244525714294,5.134869907220491],[97.00407280881313,5.133456506612561],[97.00842034742118,5.1329311631427],[97.00850027736595,5.130485003580077],[97.0158125129372,5.13049676671244],[97.01668815133718,5.1316100365739885],[97.02674124531228,5.129459124439109],[97.02889796077233,5.130493339396139],[97.03065185459945,5.129505363981423],[97.030362907822,5.1281397083809],[97.03675351276445,5.126902609967544],[97.04016318977943,5.13776566215563],[97.04302996136369,5.141309358839862],[97.04113234957833,5.141927404426212],[97.0421330539973,5.145084278416789],[97.04650251897613,5.151257268108509],[97.04415977065696,5.1522713301578165],[97.04477664892329,5.153142466551628],[97.03956111165604,5.153634697883035],[97.05150872374867,5.1583329738876955],[97.05427057682573,5.16181614080233],[97.06062857504878,5.178372431242735],[97.05543509905061,5.184749030143678],[97.05438189041195,5.1835222388602915],[97.05320167771532,5.184283665159057],[97.05460316860143,5.187693652440146],[97.05333183659502,5.192026706567276],[97.04606039157386,5.198020202370515],[97.02831703020684,5.196092153929783],[97.0267224000188,5.197033219807281],[97.02678027229177,5.19886990971861],[97.03097726438932,5.202737824590997],[97.03076726999359,5.205466096083512],[97.01711170683984,5.213576279421829]]]}},{"type":"Feature","id":182,"properties":{"OBJECTID":182,"KDCBPS":"1111021","WADMKC":"Nisam Antara","WADMKK":"Aceh Utara","WADMPR":"Aceh","ID_KEC":1111021,"KDPKAB":"11.08","area_km2":143.17},"geometry":{"type":"Polygon","coordinates":[[[96.96698033937122,5.130768879080563],[96.96832373765045,5.133827594767752],[96.96525649189363,5.13814203112986],[96.95637400405712,5.130781662943434],[96.9495464697938,5.133648850014481],[96.94926528956154,5.132613481227224],[96.9505448539619,5.129544892782633],[96.9487892604161,5.115237957865531],[96.94912590993283,5.105458227215479],[96.94999719921145,5.105011671551438],[96.94731399544457,5.099628693109764],[96.94836690640767,5.071134648045643],[96.94696406743782,5.056586878281848],[96.94534603329288,5.053074794566157],[96.9464493710417,5.05107678066895],[96.94245474708896,5.046218595311984],[96.94224154840879,5.042738871002143],[96.93523745744278,5.042328656942004],[96.93543391074644,5.040644079260915],[96.93764112943461,5.039437811405946],[96.93540908675999,5.037370329377268],[96.93640436377041,5.030216955448168],[96.94000958487447,5.03087440842728],[96.94306143243921,5.029674561731667],[96.94399319303147,5.026849854137481],[96.94665962983811,5.024681100352552],[96.94833857866251,5.015875191586872],[96.95093694758214,5.013967814962712],[96.94823578435404,5.010998248170665],[96.95085224043862,5.004304729080047],[96.950718990589,5.000097841742047],[96.94809206459718,4.996519131752564],[96.94450383798181,4.996176489153697],[96.94450383798181,4.99160792506575],[96.94119783930887,4.988426560737253],[96.93763450143115,4.981944588272199],[96.93825443739246,4.972615060936334],[96.93473767540348,4.953747339268318],[96.93289922821685,4.952617499398116],[96.9294442505518,4.944965152819577],[96.9301580892245,4.94242388815195],[96.9289873949524,4.9393115530857585],[96.9231910278437,4.935228398072184],[96.92304825956955,4.932601472979627],[96.9195932819045,4.927490391068716],[96.91588132296476,4.930431405285162],[96.90997074195622,4.9300031022614235],[96.90640155129063,4.925634410699558],[96.9024326101769,4.926833660245279],[96.90423148179752,4.922636291331855],[96.8982352403641,4.917582314572201],[96.89829234821337,4.913699034782667],[96.88728348444533,4.916658755797016],[96.8833206560235,4.911967704046333],[96.87775180030542,4.910009381727605],[96.87451231369238,4.906618978083429],[96.87204957242989,4.896912861439432],[96.86660995468571,4.898397972188718],[96.86142963666845,4.8892986946790415],[96.8608630862625,4.891281372437447],[96.85638204599468,4.891746880414246],[96.84140221943693,4.877261723250001],[96.84052173908702,4.874059970391386],[96.8447187914391,4.869390619281717],[96.84959808208589,4.870200658433703],[96.85118312460156,4.868452429436104],[96.85626559727956,4.871744615421733],[96.8587813508787,4.870311557432501],[96.86455416744093,4.870317758258011],[96.86681412866915,4.877089469803252],[96.87274885197797,4.884651266342928],[96.87532875691664,4.88526775340415],[96.87782347087654,4.896215912034734],[96.88145387479653,4.902052676689721],[96.881809297661,4.900482869588814],[96.88249888521545,4.901844756130629],[96.89119796621321,4.902887216072202],[96.89193397857031,4.902085353556288],[96.89285297508479,4.903230972031793],[96.89757540957754,4.898732310447826],[96.90443507032228,4.897480955981393],[96.90879148164163,4.899436681957354],[96.91140759328584,4.8977335125915715],[96.9131948924304,4.900087331565146],[96.91822156037676,4.90046384802821],[96.91887037806555,4.905292904344094],[96.9258669605918,4.912363382364276],[96.92872479381424,4.919724246976443],[96.92716005439303,4.922518513418709],[96.92789021666022,4.924496348327864],[96.93010997999164,4.926748882954655],[96.93220368804981,4.9257184172711845],[96.93417789509385,4.928720389334558],[96.93345602187799,4.933424841882982],[96.93608658742613,4.9366998724012205],[96.94227188793735,4.940049542152678],[96.9419010866659,4.942488462172832],[96.94354214705248,4.943838837392491],[96.95151246872553,4.945245599205066],[96.95569994509646,4.947759934573355],[96.95758445375958,4.9464625177310495],[96.96124438781828,4.947876898600043],[96.96278631773441,4.951390270144884],[96.9646108407178,4.95102802772135],[96.96720259422437,4.953936799443795],[96.96999152498893,4.954053973012492],[96.97281215505694,4.956238438852893],[96.97381623822889,4.95873572937046],[96.9792345780134,4.961481484582919],[96.98174627656948,4.961455887179511],[96.9841548939333,4.964320280956258],[96.99113329396641,4.965844530200968],[96.99263495134198,4.968301506809155],[96.99793078367878,4.970034297145162],[97.00155457758177,4.9750727650960584],[97.0068709180585,4.975698030439787],[97.00991318964202,4.977634348146694],[97.0113373794166,4.975670155053649],[97.01262615107606,4.977250391592349],[97.01517554561502,4.97713586113116],[97.01563530062867,4.975714155284095],[97.02334263085777,4.9767390316810065],[97.02599902583444,4.975568739405844],[97.03030332144118,4.9758934234428125],[97.03053312340501,4.979749779328927],[97.02896328392848,4.983855335555347],[97.0268221905917,4.985161908395412],[97.02699520486487,4.987876645990468],[97.02159751980975,4.992557582166739],[97.00906785569703,4.998047473811937],[97.00731697909538,4.99643428521415],[96.99935515601572,4.994930754550751],[96.9945884344088,4.996044490261056],[96.99448373713483,4.989677051854528],[96.98938217274912,4.9866922559428986],[96.98539229272018,4.989402937595514],[96.9849811217814,4.986646570382959],[96.98068667105309,4.982108461836106],[96.97556987844717,4.981666835356236],[96.97196071111796,4.979123666823796],[96.97118151691353,4.982334352648309],[96.97284904344866,4.9857455477189205],[96.9712576598132,4.989849641647709],[96.97457748376394,4.992864894899014],[96.97459271198414,5.000052771318394],[96.9783846206538,5.00180405441364],[96.97109639158526,5.008653435907377],[96.9733489666815,5.009295823443551],[96.97805488692353,5.016565973440947],[96.97832223558277,5.021076306426437],[96.97561736355055,5.0225448615561845],[96.97538330059888,5.025042059443535],[96.97725204504593,5.026215239441797],[96.98022752038383,5.025059389379351],[96.98281333476763,5.026025944741605],[96.98079422097658,5.026507404892868],[96.97855173357573,5.029209512409125],[96.97943050071711,5.0305926229512465],[96.97662302593199,5.032531578369685],[96.97792903129982,5.033819462398299],[96.98176852040098,5.033045711790237],[96.98554718025821,5.037254226001778],[96.98864990157176,5.03786025035032],[96.9917597733949,5.04037437977388],[96.98866654442554,5.0468917342661825],[96.99084098192583,5.049449150757766],[96.98826385769092,5.055106229069281],[96.9902278520338,5.05822936769124],[96.9935172186448,5.060193851265296],[96.99428245357245,5.063266210567235],[96.99650962911613,5.065561915350145],[96.99493347370088,5.069376666799769],[96.99749187135285,5.070724394415322],[96.99882817577975,5.073968074567063],[96.99735481377371,5.07813689090483],[96.99798371057983,5.080223643606303],[97.00219749301993,5.083367898309916],[97.00807951965419,5.084601411126243],[97.00932445386053,5.088313370066032],[97.01122040909468,5.088964390194519],[97.01024958914729,5.090677602289588],[97.01282530144658,5.092073020053874],[97.0106712767581,5.098417913356059],[97.01274049537761,5.098716063795337],[97.01404578578445,5.1031346245633245],[97.01944261378566,5.10481093028028],[97.02261979356865,5.1070208235522045],[97.02469221467402,5.110961080789309],[97.0285853959993,5.113029684272533],[97.02671607059023,5.11564519696833],[97.03422806357435,5.1225657049433835],[97.03675351276445,5.126902609967544],[97.030362907822,5.1281397083809],[97.03065185459945,5.129505363981423],[97.02889796077233,5.130493339396139],[97.02674124531228,5.129459124439109],[97.01668815133718,5.1316100365739885],[97.0158125129372,5.13049676671244],[97.00850027736595,5.130485003580077],[97.00842034742118,5.1329311631427],[97.00407280881313,5.133456506612561],[97.00244525714294,5.134869907220491],[96.99513467182771,5.133339919401806],[96.99024068176209,5.125762024098208],[96.97952153908784,5.129972262310105],[96.97419380060347,5.126929627400443],[96.97549129658614,5.131400275102635],[96.97314155693738,5.129985728758413],[96.97206838155063,5.132800639138225],[96.97074739167886,5.131627183947444],[96.97084392041063,5.12899005874425],[96.96715430872445,5.129241241190357],[96.96698033937122,5.130768879080563]]]}},{"type":"Feature","id":183,"properties":{"OBJECTID":183,"KDCBPS":"1111022","WADMKC":"Banda Baro","WADMKK":"Aceh Utara","WADMPR":"Aceh","ID_KEC":1111022,"KDPKAB":"11.08","area_km2":27.22},"geometry":{"type":"Polygon","coordinates":[[[96.99063003155078,5.222298572820932],[96.98372433990642,5.222944503685937],[96.98086162336529,5.21667068740237],[96.97734906300889,5.214555227441849],[96.97791034788429,5.211097218162138],[96.97350764755993,5.2119906703331935],[96.96601441083646,5.210349724160494],[96.96557079325754,5.204981621404727],[96.95830130695981,5.20346243264521],[96.95531259629934,5.192889188785102],[96.95081541589877,5.19131398575189],[96.95008470144785,5.188977435560275],[96.9490659584273,5.1892126838183685],[96.94944000804998,5.198995122327062],[96.94258964089926,5.199571496927092],[96.9443974868546,5.192836421064044],[96.94288607543211,5.1901259372622235],[96.9426080734039,5.178192445425054],[96.94108510389447,5.176381466231703],[96.94766916470024,5.176782019774464],[96.94773942243643,5.171013630574635],[96.94510274869293,5.169810021115609],[96.94304622040681,5.164443286228732],[96.94705766527909,5.161611973114134],[96.9465437009311,5.158105599194073],[96.94931910409343,5.152246415339846],[96.94991627191848,5.14846030190148],[96.94809712058571,5.14587424020408],[96.94843107843161,5.141583790559537],[96.94982494036879,5.141222943883804],[96.94819341099719,5.138719005577684],[96.95013970308491,5.132728740139271],[96.95327322527919,5.132262618824825],[96.95175457341492,5.134855270754201],[96.95310660968232,5.146444411280584],[96.95178243890848,5.152046299097492],[96.95553983429596,5.151551916587721],[96.96079254593928,5.156469091175666],[96.96166742441216,5.162260973365278],[96.96643713536554,5.166213650239797],[96.96857327433719,5.1712888932678425],[96.9679876897801,5.175948499323852],[96.97144363061909,5.177111998120267],[96.97505597885038,5.180373914724441],[96.9758037930107,5.179115050918938],[96.97941039277549,5.182215618356167],[96.9822324338798,5.18126145385304],[96.98434539462431,5.18236076533708],[96.98848565658784,5.179705285870284],[96.99135528711685,5.179434027858122],[96.99183861516002,5.183132007735992],[96.99376122000439,5.184578720131867],[96.99404675475398,5.189623176668306],[96.99513100259378,5.191050279346939],[96.99659717092277,5.18958418026574],[96.99698740294633,5.192810730131157],[97.00038527276217,5.194933208400869],[96.99873513012221,5.198431960566552],[97.00059041441614,5.202135269826897],[97.00277894069563,5.201382004875654],[97.00537282379685,5.203004475376304],[97.00317113593923,5.205691791742822],[97.0033482133494,5.210697491995688],[97.0009725606352,5.210880233336127],[97.00151317459341,5.212220346391916],[96.999759034352,5.215161043147646],[96.99766506369178,5.215321947150187],[96.99673012399609,5.219348789315234],[96.99303166657819,5.217050280446131],[96.99063003155078,5.222298572820932]]]}},{"type":"Feature","id":184,"properties":{"OBJECTID":184,"KDCBPS":"1111030","WADMKC":"Kuta Makmur","WADMKK":"Aceh Utara","WADMPR":"Aceh","ID_KEC":1111030,"KDPKAB":"11.08","area_km2":142.19},"geometry":{"type":"Polygon","coordinates":[[[97.06457406184353,5.161265338424698],[97.06123329897764,5.163958886193711],[97.05711683757204,5.1707753354134525],[97.05438479072558,5.162067412281317],[97.05150872374867,5.1583329738876955],[97.03956111165604,5.153634697883035],[97.04477664892329,5.153142466551628],[97.04415977065696,5.1522713301578165],[97.04650251897613,5.151257268108509],[97.0421330539973,5.145084278416789],[97.04113234957833,5.141927404426212],[97.04302996136369,5.141309358839862],[97.04016318977943,5.13776566215563],[97.03548323656219,5.124536092566643],[97.02671607059023,5.11564519696833],[97.02869228492108,5.11317111255687],[97.02469221467402,5.110961080789309],[97.02261979356865,5.1070208235522045],[97.01350613589949,5.1025709735716305],[97.01274049537761,5.098716063795337],[97.01064050375629,5.098341292916359],[97.01282530144658,5.092073020053874],[97.01024958914729,5.090677602289588],[97.01122040909468,5.088964390194519],[97.00932445386053,5.088313370066032],[97.00807951965419,5.084601411126243],[97.00219749301993,5.083367898309916],[96.99798371057983,5.080223643606303],[96.99735481377371,5.07813689090483],[96.99882817577975,5.073968074567063],[96.99749187135285,5.070724394415322],[96.99493347370088,5.069376666799769],[96.99650962911613,5.065561915350145],[96.99428245357245,5.063266210567235],[96.9935172186448,5.060193851265296],[96.9902278520338,5.05822936769124],[96.98826385769092,5.055106229069281],[96.99084098192583,5.049449150757766],[96.98866654442554,5.0468917342661825],[96.9917597733949,5.04037437977388],[96.98864990157176,5.03786025035032],[96.98554718025821,5.037254226001778],[96.98176852040098,5.033045711790237],[96.97792903129982,5.033819462398299],[96.97662302593199,5.032531578369685],[96.97943050071711,5.0305926229512465],[96.97855173357573,5.029209512409125],[96.98079422097658,5.026507404892868],[96.98281333476763,5.026025944741605],[96.98022752038383,5.025059389379351],[96.97725204504593,5.026215239441797],[96.97538330059888,5.025042059443535],[96.97561736355055,5.0225448615561845],[96.97832223558277,5.021076306426437],[96.97805488692353,5.016565973440947],[96.9733489666815,5.009295823443551],[96.97109639158526,5.008653435907377],[96.9783846206538,5.00180405441364],[96.97459271198414,5.000052771318394],[96.97457748376394,4.992864894899014],[96.9712576598132,4.989849641647709],[96.97284904344866,4.9857455477189205],[96.97118151691353,4.982334352648309],[96.97196071111796,4.979123666823796],[96.97556987844717,4.981666835356236],[96.98068667105309,4.982108461836106],[96.9849811217814,4.986646570382959],[96.98539229272018,4.989402937595514],[96.98938217274912,4.9866922559428986],[96.99448373713483,4.989677051854528],[96.99425530933513,4.995787508087062],[96.99666602032062,4.998172520945161],[96.9987827887947,4.99821820740442],[96.99832593229598,5.000152232739424],[97.00484375173784,5.000228374739777],[97.00517877977694,5.0029999710718585],[97.010137133422,5.000633945600157],[97.01082241682116,5.002318605119569],[97.01598108905608,5.002499444393891],[97.01556230355754,5.00714415228083],[97.01724696217764,5.010180344447406],[97.01724696217764,5.013302197038797],[97.01867463862374,5.010561058046449],[97.02034977881931,5.010294558347255],[97.02183456311468,5.012807268640586],[97.02397607823349,5.0127120906904565],[97.02437582688299,5.014263498561661],[97.02966774896748,5.0172901741023],[97.02946787374344,5.020764186817814],[97.03353536256697,5.027054945429427],[97.04146516078862,5.0290057071476895],[97.04268463338917,5.031010403007713],[97.04860264099915,5.028501862870712],[97.0522946646671,5.030404268941879],[97.05222804019195,5.032203140562558],[97.0553974822081,5.034331331325916],[97.05791019340074,5.034388438275869],[97.05869827020905,5.037278056237369],[97.06307267066728,5.038100397215601],[97.06536837455093,5.042177842433546],[97.06551685441934,5.0454215225852295],[97.06910317716995,5.048562411126397],[97.0678475832994,5.051953047695065],[97.06927906657575,5.055105357626189],[97.07488317391937,5.057039383860513],[97.07918707292515,5.065016076330892],[97.08355048096996,5.063618529871292],[97.08559950531298,5.071491800306376],[97.08786444069142,5.072802717771253],[97.08940633193674,5.076605096348146],[97.09432527279318,5.076888846842849],[97.09605890759258,5.077779360029467],[97.09598276559223,5.0793593231742875],[97.10086756098923,5.080478622090766],[97.10041070359114,5.082091895224835],[97.1032745496808,5.084458942326364],[97.09484717275888,5.0909930430945],[97.09808028407792,5.097456706262051],[97.09739499888013,5.098240976240106],[97.10171865958853,5.110147270779976],[97.10089198657596,5.114353946777271],[97.10520122755469,5.119552084860857],[97.10872912225125,5.128647653566418],[97.08719442957931,5.149239368402164],[97.0879424964491,5.1565415684386835],[97.07916113827599,5.158586040413468],[97.0746878816405,5.158262297067381],[97.07492879023152,5.162411275260183],[97.06894673470413,5.165084442593013],[97.0667252698554,5.164439133159533],[97.06457406184353,5.161265338424698]]]}},{"type":"Feature","id":185,"properties":{"OBJECTID":185,"KDCBPS":"1111031","WADMKC":"Simpang Kramat","WADMKK":"Aceh Utara","WADMPR":"Aceh","ID_KEC":1111031,"KDPKAB":"11.08","area_km2":84.47},"geometry":{"type":"Polygon","coordinates":[[[97.10175364861203,5.107043476575257],[97.10062210992248,5.107936727298181],[97.09739499888013,5.098240976240106],[97.09808028407792,5.097456706262051],[97.09484717275888,5.0909930430945],[97.1032745496808,5.084458942326364],[97.10041070359114,5.082091895224835],[97.10086756098923,5.080478622090766],[97.09598276559223,5.0793593231742875],[97.09605890759258,5.077779360029467],[97.09432527279318,5.076888846842849],[97.08940633193674,5.076605096348146],[97.08786444069142,5.072802717771253],[97.08559950531298,5.071491800306376],[97.08355048096996,5.063618529871292],[97.07918707292515,5.065016076330892],[97.07488317391937,5.057039383860513],[97.06927906657575,5.055105357626189],[97.0678475832994,5.051953047695065],[97.06910317716995,5.048562411126397],[97.06551685441934,5.0454215225852295],[97.06536837455093,5.042177842433546],[97.06307267066728,5.038100397215601],[97.05869827020905,5.037278056237369],[97.05791019340074,5.034388438275869],[97.0553974822081,5.034331331325916],[97.05222804019195,5.032203140562558],[97.0522946646671,5.030404268941879],[97.04860264099915,5.028501862870712],[97.04268463338917,5.031010403007713],[97.04146516078862,5.0290057071476895],[97.03353536256697,5.027054945429427],[97.02946787374344,5.020764186817814],[97.02966774896748,5.0172901741023],[97.02437582688299,5.014263498561661],[97.02397607823349,5.0127120906904565],[97.02183456311468,5.012807268640586],[97.02034977881931,5.010294558347255],[97.01867463862374,5.010561058046449],[97.01724696217764,5.013302197038797],[97.01724696217764,5.010180344447406],[97.01556230355754,5.00714415228083],[97.01598108905608,5.002499444393891],[97.01082241682116,5.002318605119569],[97.010137133422,5.000633945600157],[97.00517877977694,5.0029999710718585],[97.00484375173784,5.000228374739777],[96.99832593229598,5.000152232739424],[96.9987827887947,4.99821820740442],[96.99666602032062,4.998172520945161],[96.99551744127695,4.99637488859031],[96.99935515601572,4.994930754550751],[97.00552131355784,4.995882059209691],[97.00932676242019,4.997992657435248],[97.02159751980975,4.992557582166739],[97.02699520486487,4.987876645990468],[97.02704248762075,4.9863020715833954],[97.03407641719298,4.987661264655685],[97.06057682356163,4.988816932155714],[97.06049587828221,4.993158819424025],[97.06268831571327,4.995863129379984],[97.06041894577777,4.997285466551091],[97.06031142283393,5.003052941140368],[97.07136301698972,5.00306687163885],[97.07454972958641,5.009204822844367],[97.07449336907376,5.015082989588336],[97.07755163240199,5.0128526709140715],[97.07870138775888,5.012928813813744],[97.0773193959734,5.0135417629420544],[97.07798183659253,5.015091267847765],[97.0795389578567,5.013728313810702],[97.08128262459348,5.014230855869357],[97.08067729182363,5.011870429576732],[97.08239811757915,5.010956716579244],[97.08298822392743,5.012155964326325],[97.08529344533628,5.010676416783269],[97.08725221731606,5.01146734893905],[97.0896684654274,5.010296969429646],[97.09670554442539,5.015638826370775],[97.09811342499461,5.02068049321025],[97.09949922361034,5.02300284580474],[97.1009078632074,5.023094216924619],[97.10080126386731,5.025112002417018],[97.1033444323997,5.026040942735392],[97.10578100069267,5.025279516436569],[97.10825017120851,5.027513646437683],[97.111391060649,5.027965746422126],[97.11400219274708,5.035483042708279],[97.1124920313822,5.03666666293617],[97.1205726818838,5.033630470769651],[97.12142928793133,5.038141929706342],[97.1232900257142,5.039695241442303],[97.12578750868664,5.0397561561217685],[97.12646963186808,5.037605095598735],[97.12854191177985,5.038141364032754],[97.13108605877466,5.036829412347572],[97.13598908882545,5.0395571100726215],[97.13808320157852,5.049773213363153],[97.14505214973696,5.050011164084026],[97.14799024835133,5.053598803442071],[97.14796197456553,5.056646979974175],[97.15155072908294,5.059030284120354],[97.15241445866042,5.06105181528909],[97.15141172087425,5.062844882685226],[97.15301999107976,5.068118753577664],[97.15253164931624,5.08123727398106],[97.14680833233871,5.084776393116101],[97.14932732529587,5.086889036399953],[97.14914217197372,5.089911414080518],[97.14233152697847,5.095569086843909],[97.13867870835577,5.085088848171836],[97.13559207141702,5.087583520762905],[97.1355198639506,5.091525664777635],[97.13198984235737,5.091025650713277],[97.13012092434127,5.095220095930756],[97.11703282170743,5.103756155022609],[97.10175364861203,5.107043476575257]]]}},{"type":"Feature","id":186,"properties":{"OBJECTID":186,"KDCBPS":"1111040","WADMKC":"Syamtalira Bayu","WADMKK":"Aceh Utara","WADMPR":"Aceh","ID_KEC":1111040,"KDPKAB":"11.08","area_km2":34.59},"geometry":{"type":"Polygon","coordinates":[[[97.2008653430612,5.142603882563151],[97.18738708394682,5.141108977297506],[97.17712301891225,5.141986190410421],[97.1768228917631,5.139442381560684],[97.17886871901624,5.138357393578872],[97.18047621940207,5.135172907703577],[97.1778624765721,5.129585562823536],[97.17894585566677,5.126104073144518],[97.17750458057202,5.122026097326568],[97.17859401660064,5.119851863972372],[97.17495092144793,5.120139359244092],[97.17659661424238,5.11800426258668],[97.17638658567245,5.115289762412658],[97.17810058557365,5.115591064076398],[97.17840481273197,5.109027558175342],[97.16744870679247,5.109591471769079],[97.16639764933211,5.104278875169996],[97.17336186166062,5.090554191023159],[97.17562331936074,5.0907496595691555],[97.1796000845763,5.084124212862207],[97.17383356956367,5.082392007984822],[97.16137810221772,5.083111534869488],[97.1551163764197,5.079802167336197],[97.15253164931624,5.08123727398106],[97.15301999107976,5.068118753577664],[97.15138772426411,5.058879044232526],[97.16751726391067,5.063416916257722],[97.17040324321516,5.06572741129105],[97.17377785476424,5.064039607741734],[97.17606213635855,5.059379673433227],[97.17362163263232,5.049905365140546],[97.17424023759696,5.046858675187764],[97.17107269944557,5.040417000444279],[97.17164376984414,5.0388256150101824],[97.16881887339235,5.03712763203464],[97.1695498432507,5.033518464705423],[97.1676995735765,5.030845854952304],[97.16756942369,5.025371704140866],[97.16849282958049,5.028602624711425],[97.16964068107262,5.028671153051334],[97.17070463571042,5.024904172689446],[97.1684585654105,5.0246336826983224],[97.16940083278229,5.023331642441406],[97.17330231125271,5.024951589444356],[97.17333943256881,5.027278702150454],[97.17573243590323,5.027123164402553],[97.1781975585705,5.023187535976035],[97.18303758931336,5.024795349325984],[97.18354013137201,5.028747158354747],[97.18186864961854,5.029213771598336],[97.18279276057751,5.032139196067078],[97.18822449666322,5.032304927630378],[97.18948656295458,5.036062573029369],[97.19245749761546,5.0364076995557525],[97.19079931143915,5.037732597881131],[97.19022844428736,5.0463256838832535],[97.19284057193488,5.0500810477022355],[97.19360048287604,5.065479171426659],[97.19479103507825,5.065771328783853],[97.19190255296053,5.070162619409416],[97.1931515224249,5.0742633795513825],[97.19480161200482,5.07369363835079],[97.19607398902343,5.088464856368091],[97.19289961602453,5.088903426052298],[97.1929202024055,5.093262113555738],[97.19480371102253,5.093313135692711],[97.19440102158995,5.101825119034061],[97.19781646056128,5.103585835118224],[97.19854059557207,5.106404594596427],[97.20159225068187,5.106210531690749],[97.20319701263207,5.112285515064514],[97.20164975872945,5.112364524103555],[97.20147705022572,5.118103026133781],[97.19990009441386,5.117773871566953],[97.19899587555926,5.119886354771495],[97.19989523177958,5.124093489423046],[97.19829139163448,5.125000011441443],[97.19896781671144,5.131698164738566],[97.19295783993243,5.133296047774422],[97.19277700065811,5.134742761069617],[97.19799431228773,5.140942521780005],[97.20117310185725,5.14131317556263],[97.2008653430612,5.142603882563151]]]}},{"type":"Feature","id":187,"properties":{"OBJECTID":187,"KDCBPS":"1111041","WADMKC":"Geuredong Pase","WADMKK":"Aceh Utara","WADMPR":"Aceh","ID_KEC":1111041,"KDPKAB":"11.08","area_km2":179.46},"geometry":{"type":"Polygon","coordinates":[[[97.17090524657993,5.065657623900279],[97.16751726391067,5.063416916257722],[97.15049988476193,5.058443854200561],[97.1478187728182,5.056430243361092],[97.14799024835133,5.053598803442071],[97.14505214973696,5.050011164084026],[97.13808320157852,5.049773213363153],[97.13629277369262,5.039978098010863],[97.13356592942415,5.037884144437783],[97.13108605877466,5.036829412347572],[97.12854191177985,5.038141364032754],[97.12654749607015,5.037571528403362],[97.12593979358667,5.039680013222096],[97.1232900257142,5.039695241442303],[97.12142928793133,5.038141929706342],[97.1205726818838,5.033630470769651],[97.11539497459847,5.0361812529624785],[97.11208630134178,5.03640847117407],[97.11400219274708,5.035483042708279],[97.111391060649,5.027965746422126],[97.10825017120851,5.027513646437683],[97.10578100069267,5.025279516436569],[97.1033444323997,5.026040942735392],[97.10080126386731,5.025112002417018],[97.1009078632074,5.023094216924619],[97.09949922361034,5.02300284580474],[97.09811342499461,5.02068049321025],[97.09670554442539,5.015638826370775],[97.0896684654274,5.010296969429646],[97.08725221731606,5.01146734893905],[97.08529344533628,5.010676416783269],[97.08298822392743,5.012155964326325],[97.08239811757915,5.010956716579244],[97.08067729182363,5.011870429576732],[97.08128262459348,5.014230855869357],[97.0795389578567,5.013728313810702],[97.07798183659253,5.015091267847765],[97.0773193959734,5.0135417629420544],[97.07870138775888,5.012928813813744],[97.07755163240199,5.0128526709140715],[97.07449336907376,5.015082989588336],[97.07454972958641,5.009204822844367],[97.07136301698972,5.00306687163885],[97.06031142283393,5.003052941140368],[97.06041894577777,4.997285466551091],[97.06268831571327,4.995863129379984],[97.06049587828221,4.993158819424025],[97.06057682356163,4.988816932155714],[97.02843423884912,4.986987401747228],[97.0268221905917,4.985161908395412],[97.02920782667991,4.983409751159115],[97.03030332144118,4.9758934234428125],[97.02599902583444,4.975568739405844],[97.02334263085777,4.9767390316810065],[97.01563530062867,4.975714155284095],[97.01517554561502,4.97713586113116],[97.01262615107606,4.977250391592349],[97.0113373794166,4.975670155053649],[97.00991318964202,4.977634348146694],[97.0068709180585,4.975698030439787],[97.00155457758177,4.9750727650960584],[96.99793078367878,4.970034297145162],[96.99263495134198,4.968301506809155],[96.99113329396641,4.965844530200968],[96.9841548939333,4.964320280956258],[96.98174627656948,4.961455887179511],[96.9792345780134,4.961481484582919],[96.97381623822889,4.95873572937046],[96.97281215505694,4.956238438852893],[96.96999152498893,4.954053973012492],[96.96720259422437,4.953936799443795],[96.9646108407178,4.95102802772135],[96.96278631773441,4.951390270144884],[96.96124438781828,4.947876898600043],[96.95758445375958,4.9464625177310495],[96.95569994509646,4.947759934573355],[96.95151246872553,4.945245599205066],[96.9434288486625,4.943764910422317],[96.9419010866659,4.942488462172832],[96.94227188793735,4.940049542152678],[96.93608658742613,4.9366998724012205],[96.93345602187799,4.933424841882982],[96.93417789509385,4.928720389334558],[96.93220368804981,4.9257184172711845],[96.93010997999164,4.926748882954655],[96.92789021666022,4.924496348327864],[96.92716005439303,4.922518513418709],[96.92872479381424,4.919724246976443],[96.9258669605918,4.912363382364276],[96.91887037806555,4.905292904344094],[96.91876642093365,4.901076382569045],[96.91311466840727,4.900053803040635],[96.91140759328584,4.8977335125915715],[96.90879148164163,4.899436681957354],[96.90537772620115,4.898334933310593],[96.90385422159511,4.894274777558962],[96.90421979330887,4.888417645957645],[96.89419657571148,4.885236269038614],[96.8847204004262,4.8798833135641075],[96.88669216221359,4.877375729406424],[96.8861227249838,4.8743772143370165],[96.88844427898033,4.874322438429829],[96.89062669076924,4.876579635142093],[96.89355273397155,4.872764427736172],[96.89763542763296,4.87514354014229],[96.90686340442261,4.872100909729227],[96.90978057671231,4.874095112299642],[96.91078737943405,4.872883962025298],[96.9147379968611,4.874520538392176],[96.92058519095389,4.877850432951163],[96.92319963165772,4.87718064037432],[96.92328428124466,4.872761826896863],[96.92652824738076,4.867418912352946],[96.93297439805008,4.86900033419812],[96.93420526236304,4.870582602305319],[96.93767344567306,4.86649614408185],[96.94565097900954,4.863361925812285],[96.9504690492073,4.863254992823727],[96.95595359798023,4.866255174336857],[96.95759929706998,4.8660025044121085],[96.95778652332945,4.868177421251062],[96.96419150393484,4.870854886443908],[96.96426910823283,4.876845572765035],[96.96937120681582,4.8796830093634185],[96.96913674726312,4.885005289862306],[96.9820106556673,4.891183971363262],[96.9834146070985,4.8974703493771585],[96.98836914222221,4.9039385945905],[96.98782354781855,4.9088347511229244],[96.99130914560067,4.913872546380958],[96.99402751106084,4.914767099322205],[96.99634865586586,4.913001334444061],[97.0042368019869,4.912985322015061],[97.01239833661401,4.91738611757529],[97.01464054432574,4.920027391351084],[97.0155394104155,4.925457089573058],[97.0261275020826,4.9314488595772445],[97.02663230323827,4.935192337956096],[97.03077614540285,4.938291736274664],[97.03066313209791,4.941023767832689],[97.03713542156254,4.942816653565785],[97.03934781405042,4.941538420162033],[97.04032630341624,4.938723338011698],[97.04649750255777,4.938254171592803],[97.0512009757445,4.939646148550935],[97.06278469335899,4.946455703567892],[97.07087355107359,4.946462029399186],[97.07306632395176,4.947912348975763],[97.07539173783852,4.946517667756211],[97.0791576956712,4.951210073885875],[97.08101914841501,4.951716086428291],[97.08026119799592,4.955525020163577],[97.08256365938541,4.957079951578578],[97.08178862544474,4.958281324423638],[97.08296950723701,4.962140640877919],[97.08464218329021,4.964804233128916],[97.0868133265738,4.964190418852809],[97.08747764227945,4.968364961174075],[97.08615380065743,4.969619558595809],[97.08827007180645,4.968827281054246],[97.09111497007984,4.971648420138536],[97.09200204785628,4.9701715462798575],[97.09349885159077,4.970260760825511],[97.09223160340582,4.974546433271314],[97.09347774540169,4.973999200302899],[97.09398773474624,4.975223290022882],[97.09530308407011,4.973091331999399],[97.09712496304667,4.977646800159732],[97.1013705644001,4.9767478432384],[97.10134517743802,4.978807038014452],[97.1031078423531,4.979437659720247],[97.10499852396276,4.976334236935543],[97.11218019865731,4.976440665404425],[97.11434082257097,4.977770534282797],[97.11595583229587,4.981180987412699],[97.12085379196901,4.982921139598943],[97.12338870022842,4.988618928420863],[97.12932113566194,4.988545458306305],[97.12981734109746,4.992767031573294],[97.13375787442641,4.984868965930104],[97.13744836834758,4.984240677065657],[97.14072250763769,4.986639172559819],[97.14058454803853,4.989808788145126],[97.14362492744851,4.9914824057884175],[97.14014843440276,4.994207864201599],[97.13977720325539,4.996741231023066],[97.14255440955839,4.9948444538085255],[97.14443506642522,4.995298313766227],[97.14586508740393,5.00153184132148],[97.14760060358503,5.001477777677337],[97.14818223382309,5.003369430554812],[97.15129830737106,5.002770330086719],[97.15477649204155,5.004241306191375],[97.15462822171514,5.006955458327809],[97.15655273042421,5.00621116231531],[97.15815030499266,5.007311418087511],[97.15559475729225,5.0107987623530335],[97.15365311739748,5.009405351875557],[97.15385063909577,5.013521435565849],[97.15545514473922,5.0156056207029],[97.1517089216295,5.015188739968437],[97.15198993458785,5.017473439747505],[97.15578065435375,5.021264931131725],[97.1570312992551,5.020379770709894],[97.15859603328039,5.021127873552587],[97.15890480561234,5.01777238698611],[97.16103450543812,5.018550062235647],[97.16087690374616,5.02162521123455],[97.15796748541118,5.021991511399165],[97.16077181256918,5.024203660170826],[97.15918352080291,5.026705748571487],[97.16090907339509,5.02899284774179],[97.16399645767046,5.029312840015621],[97.16492920661767,5.028071711740154],[97.16597997629492,5.0297430451054765],[97.16756942369,5.025371704140866],[97.1676995735765,5.030845854952304],[97.1695498432507,5.033518464705423],[97.16890263085179,5.037554030294302],[97.17164376984414,5.0388256150101824],[97.17107269944557,5.040417000444279],[97.17424023759696,5.046858675187764],[97.17362163263232,5.049905365140546],[97.17604690903767,5.058496414178194],[97.17377785476424,5.064039607741734],[97.17090524657993,5.065657623900279]]]}},{"type":"Feature","id":188,"properties":{"OBJECTID":188,"KDCBPS":"1111050","WADMKC":"Meurah Mulia","WADMKK":"Aceh Utara","WADMPR":"Aceh","ID_KEC":1111050,"KDPKAB":"11.08","area_km2":37.01},"geometry":{"type":"Polygon","coordinates":[[[97.20723593539014,5.110686596908977],[97.20288548028077,5.111099005314884],[97.20159225068187,5.106210531690749],[97.19854059557207,5.106404594596427],[97.19781646056128,5.103585835118224],[97.19440102158995,5.101825119034061],[97.19480371102253,5.093313135692711],[97.1929202024055,5.093262113555738],[97.19289961602453,5.088903426052298],[97.19604896628681,5.088926385744173],[97.19529273986814,5.076856626831898],[97.19480161200482,5.07369363835079],[97.1931515224249,5.0742633795513825],[97.19183597794807,5.068933977321251],[97.19479103507825,5.065771328783853],[97.19360048287604,5.065479171426659],[97.19284057193488,5.0500810477022355],[97.19022844428736,5.0463256838832535],[97.19079931143915,5.037732597881131],[97.19245749761546,5.0364076995557525],[97.18948656295458,5.036062573029369],[97.18822449666322,5.032304927630378],[97.183376106722,5.032830313368322],[97.18186864961854,5.029213771598336],[97.18354013137201,5.028747158354747],[97.18303758931336,5.024795349325984],[97.17850880223949,5.023211303259075],[97.17550093332147,5.027215882706855],[97.17267698925173,5.027133079428097],[97.17330231125271,5.024951589444356],[97.16990594959998,5.023215066921864],[97.16831579803574,5.024365279134372],[97.17067037243982,5.024732852739021],[97.16964068107262,5.028671153051334],[97.16849282958049,5.028602624711425],[97.16842796777655,5.025951136435822],[97.16722703290128,5.025279738569111],[97.16597997629492,5.0297430451054765],[97.16492920661767,5.028071711740154],[97.16399645767046,5.029312840015621],[97.16090907339509,5.02899284774179],[97.15918352080291,5.026705748571487],[97.16077181256918,5.024203660170826],[97.15796748541118,5.021991511399165],[97.16087690374616,5.02162521123455],[97.16103450543812,5.018550062235647],[97.15890480561234,5.01777238698611],[97.15859603328039,5.021127873552587],[97.1570312992551,5.020379770709894],[97.15578065435375,5.021264931131725],[97.15136056833563,5.01622808825573],[97.1520189970791,5.01511754603797],[97.15532379875435,5.015908289336153],[97.15665605083615,5.01300427143002],[97.16187563505258,5.008493447414708],[97.16433604257435,5.008873791392432],[97.16632783855897,5.007443454751694],[97.166070161209,5.006018784739183],[97.1692256790219,5.005238793735373],[97.16809995624806,4.999475581033266],[97.16892324960833,4.998680841147973],[97.17207365567475,4.998776019098045],[97.17436061904738,5.007138316580097],[97.17390376164934,5.010945456167917],[97.17588347434292,5.013838879160971],[97.18744204961098,5.017291993430774],[97.18893444666742,5.0197095239753935],[97.18864442609947,5.016035818598198],[97.19128277258193,5.016709683305294],[97.19240778129415,5.021026975914253],[97.19894654055048,5.023859486026481],[97.19931773662432,5.0260238448246355],[97.2039052224481,5.0266980575693765],[97.20611717876483,5.0226091154183905],[97.20771858894176,5.024824781438554],[97.21076898320206,5.024808903008534],[97.21140148359166,5.0261954381689975],[97.21028218557444,5.027371844035429],[97.21348398879513,5.027524128935454],[97.2143900872328,5.029949275838476],[97.21634314941684,5.029115512570911],[97.21461090137205,5.033364277739281],[97.21541420729989,5.036055925240817],[97.21789265342329,5.0378148219965055],[97.22099500421615,5.03673286472997],[97.22341050499085,5.041532535698025],[97.22420718021726,5.04428585870545],[97.2210743442057,5.045101976375179],[97.22543090661111,5.056783263237037],[97.22851562439661,5.07147216900546],[97.22380768337797,5.072059863372033],[97.22692525969302,5.084785765850484],[97.22562892743309,5.088374944847885],[97.22698282259927,5.091008731767602],[97.22637367940183,5.094654067131557],[97.22491744858144,5.096148368952129],[97.22230050506431,5.095881782018694],[97.21616910991656,5.0983526135822785],[97.21694056725346,5.102292315038369],[97.21087359504043,5.10429595869158],[97.20901934406754,5.107368112048789],[97.20904613577062,5.110623749586409],[97.20723593539014,5.110686596908977]]]}},{"type":"Feature","id":189,"properties":{"OBJECTID":189,"KDCBPS":"1111060","WADMKC":"Matangkuli","WADMKK":"Aceh Utara","WADMPR":"Aceh","ID_KEC":1111060,"KDPKAB":"11.08","area_km2":26.14},"geometry":{"type":"Polygon","coordinates":[[[97.3002809642951,5.073523026166754],[97.29703262205794,5.073066344136521],[97.29494285572827,5.068655013917805],[97.29313085760305,5.061317849139471],[97.29434385058829,5.0612249401788745],[97.29403323644476,5.059527761197273],[97.29133973364185,5.0513296907126914],[97.28907038978673,5.051726996803495],[97.28945611980413,5.048331731424298],[97.28698043459946,5.042510057393258],[97.27290635304581,5.038333630093007],[97.26714725024544,5.042454663651881],[97.2635632180681,5.039706298606859],[97.26053721881766,5.0423015612680615],[97.26039062302891,5.039370216562304],[97.25707936422134,5.039600707406748],[97.25743953640551,5.035756282826242],[97.25571247565028,5.035742521400266],[97.25416284483947,5.032555276404935],[97.25177844441976,5.031957327069051],[97.25290242700544,5.0333447867325845],[97.25090558402553,5.035170307963369],[97.24698718121351,5.031103333552039],[97.2478932805505,5.033038502824695],[97.24613819062506,5.034763135410401],[97.2442160624214,5.033909859552409],[97.24395239468731,5.031168839270549],[97.24174864558358,5.031345710735991],[97.24144699858016,5.028606595218264],[97.23868529658921,5.027838164999366],[97.24076721363605,5.025926727036847],[97.23824132377814,5.024665666187616],[97.24504889758862,5.0214128129509845],[97.24963735108292,5.020946223989085],[97.25181357733476,5.017355812920471],[97.25703789378383,5.015974242917025],[97.25403138194281,5.009587024821371],[97.25034652856948,5.006985234880744],[97.2521549779699,5.003501013960658],[97.25098295629846,5.002196935839947],[97.24498645406169,4.999510508902915],[97.23735442496678,4.991661968025426],[97.22999811632008,4.99041280160958],[97.23472250863693,4.985535943628918],[97.2409851013814,4.989498797231761],[97.24004801140666,4.990801393269749],[97.25156054858053,5.0009938012229895],[97.25303550058794,4.9940388654013645],[97.2615513968795,4.990043181147939],[97.26230666731891,4.992902205072767],[97.2610755466992,4.995628091563219],[97.26289821258251,4.996213439598591],[97.26345500624359,4.999611310313753],[97.26783321443133,4.999216319977222],[97.26858036669063,5.000458398836088],[97.26727642166958,5.0025380477927115],[97.27022695341122,5.002476183429167],[97.27303902193336,5.005659332012613],[97.27490689943392,5.004707548014949],[97.27549284102184,5.006810397681761],[97.2791423384482,5.007589671026551],[97.27814593998318,5.010040515157698],[97.27966581942206,5.012556795759565],[97.27831171201598,5.015281746055791],[97.28516580325925,5.020323686289146],[97.2839080833914,5.023150765395542],[97.28760076626241,5.022014400044554],[97.2910627073781,5.022659010704842],[97.2924309530261,5.021314033216129],[97.29376817656015,5.023425261866407],[97.2968794846006,5.021992968300879],[97.29921906640686,5.026168784062179],[97.30072360970689,5.024440089238794],[97.30380297922414,5.024252082367752],[97.30307152822849,5.035878939561485],[97.30114206875152,5.036475172091571],[97.30458728337646,5.037696193324734],[97.30308316455648,5.046815324267868],[97.30617106774065,5.053356851637432],[97.30355849582799,5.060718670430333],[97.30497811344924,5.069573401591242],[97.29920676098328,5.070696216856959],[97.3002809642951,5.073523026166754]]]}},{"type":"Feature","id":190,"properties":{"OBJECTID":190,"KDCBPS":"1111061","WADMKC":"Paya Bakong","WADMKK":"Aceh Utara","WADMPR":"Aceh","ID_KEC":1111061,"KDPKAB":"11.08","area_km2":267.81},"geometry":{"type":"Polygon","coordinates":[[[97.24077254931376,5.023396622955829],[97.23824132377814,5.024665666187616],[97.23642178573687,5.023354754118657],[97.2366117135598,5.014340214329479],[97.23456306063679,5.013441534399362],[97.23089158827622,5.006497642252441],[97.2252107642654,5.007113665263489],[97.22555340686432,5.004781794244479],[97.2278433505902,5.004048789220292],[97.22651843337906,5.001957798913338],[97.2259980253886,5.002968749308366],[97.22196198495772,5.003222523600641],[97.2214899793791,4.9980047829943715],[97.22375727008199,4.9973442849108665],[97.22197474543822,4.994681016415825],[97.22323059741422,4.993514705439338],[97.22196947720965,4.989044355412716],[97.22460160577953,4.9875452772927815],[97.22683227429008,4.990717131290637],[97.22928315709208,4.988034155052276],[97.22779986027541,4.985905674707169],[97.22291188127838,4.986707098353975],[97.22049268159202,4.983949068294919],[97.22063494444717,4.982868987014172],[97.22402523477683,4.9827255649329345],[97.22468622299084,4.980497887567481],[97.21496629725686,4.978855126562905],[97.21477795044211,4.977000221782873],[97.21728392930993,4.976246848912979],[97.21737739944751,4.974507982757245],[97.2137398324274,4.973894565082162],[97.20955989057654,4.9751694332227885],[97.20634710843234,4.972727809840592],[97.20602330303308,4.968545008145668],[97.19743621281106,4.970149634298252],[97.19462778294587,4.9677747559003365],[97.19263943676066,4.9632062475703265],[97.18996021069523,4.961523231112267],[97.18526037706482,4.962543019145073],[97.18381417638318,4.959570927056689],[97.18074657989081,4.958312849258618],[97.17957906831941,4.956297305776104],[97.17384808372213,4.95569415026489],[97.16926144775766,4.958137326776239],[97.16848357375801,4.954655652736221],[97.16315878684861,4.952886725841779],[97.16127875770854,4.9425860763863625],[97.1570765990059,4.943259610142945],[97.15650811955413,4.938745892109296],[97.1495831086736,4.936981130874528],[97.1486609744245,4.934548878428018],[97.14697033621212,4.9340362288888855],[97.14534095442156,4.936182078739989],[97.14392638739292,4.934250259441967],[97.14304253728335,4.935457415827102],[97.14166726523217,4.934450574434493],[97.13356996288354,4.937634715869478],[97.13504561456352,4.939060992071177],[97.1329769193494,4.941881093337827],[97.13360140228292,4.944501230347555],[97.12900558064308,4.945489125722645],[97.12572136265084,4.949512384089303],[97.12300893541408,4.9501396594178],[97.12156111055685,4.953318387833406],[97.11905185455947,4.953853990769119],[97.11633759540376,4.951289248400144],[97.1107564477519,4.951599289675528],[97.1082438984372,4.949688597250997],[97.09937621344153,4.948869150291102],[97.08996744144434,4.953144042563565],[97.0900206678196,4.9549369300953],[97.08267101955198,4.958521678132968],[97.08243096801482,4.956864412862387],[97.08026119799592,4.955525020163577],[97.08101914841501,4.951716086428291],[97.0791576956712,4.951210073885875],[97.07539173783852,4.946517667756211],[97.07306632395176,4.947912348975763],[97.07087355107359,4.946462029399186],[97.06278469335899,4.946455703567892],[97.0512009757445,4.939646148550935],[97.04649750255777,4.938254171592803],[97.04032630341624,4.938723338011698],[97.03934781405042,4.941538420162033],[97.03713542156254,4.942816653565785],[97.03066313209791,4.941023767832689],[97.03077614540285,4.938291736274664],[97.02663230323827,4.935192337956096],[97.0261275020826,4.9314488595772445],[97.0155394104155,4.925457089573058],[97.01464054432574,4.920027391351084],[97.01239833661401,4.91738611757529],[97.0042368019869,4.912985322015061],[96.99634865586586,4.913001334444061],[96.99402751106084,4.914767099322205],[96.99130914560067,4.913872546380958],[96.98782354781855,4.9088347511229244],[96.98823039032033,4.903615861183084],[96.98423795441812,4.898357298550536],[96.99213503440438,4.889713562730776],[96.99418087244936,4.885021056776395],[96.99987064831186,4.880183725798361],[97.00253899258053,4.879997331411744],[97.00515735342918,4.881178555845736],[97.0122170575712,4.88886740140947],[97.01915509333293,4.889454722557446],[97.02858602822266,4.897071374144673],[97.04330014108871,4.893893131362972],[97.04783956534374,4.889101314174354],[97.0546193995657,4.885896439768942],[97.05776999269108,4.890231198111337],[97.0601771882267,4.890817038975229],[97.06266384785835,4.889045325981044],[97.06561588236713,4.8909457319600165],[97.07118405190255,4.891278053039741],[97.07372664486883,4.893238369155483],[97.07370422656885,4.898213511344522],[97.07696818733206,4.898469515955469],[97.07761135637907,4.899545398301541],[97.07656021887908,4.900876802322614],[97.07976610682044,4.902941535123773],[97.082399295691,4.901530272204354],[97.08358754472948,4.905333166992136],[97.0871638472338,4.9026021804463085],[97.09319089044732,4.9058236185651936],[97.0985658577282,4.903899062192011],[97.1014877676464,4.897992731379475],[97.10286525922442,4.899683978432904],[97.10564824457089,4.900312416584825],[97.10498295939612,4.902104785207712],[97.10607898205944,4.9030232511221925],[97.10927351875796,4.902549666334096],[97.1109608267808,4.900403489129758],[97.11279127359848,4.900677902862981],[97.11455464268266,4.902204459768029],[97.11433815967837,4.907357023807663],[97.11972470842863,4.908411669562952],[97.1217821063592,4.910085564197459],[97.12568664881985,4.9086180360935145],[97.13010293340369,4.910170884678621],[97.13189670406967,4.912465854715492],[97.13529277344281,4.910625568415298],[97.13876208360335,4.91196423715985],[97.14179982260379,4.909593232142015],[97.14427700068308,4.909378081033651],[97.14604825142573,4.911546138743347],[97.14474775800267,4.91653387593766],[97.14583816979575,4.917274889424675],[97.1479976227921,4.915769064590734],[97.1487778134454,4.916828247425713],[97.15261088588375,4.912776143304427],[97.15436232186374,4.9125899197890135],[97.1545470552025,4.910478706427227],[97.15692562441808,4.9085738766831355],[97.15787592003772,4.903963575058981],[97.16434991821421,4.898503503134236],[97.17051368985494,4.900240039146524],[97.17720875038356,4.89880941742075],[97.17948732577952,4.892136930774768],[97.184188268274,4.888921040573621],[97.18420847244312,4.884644442287254],[97.18704582000862,4.880918785773417],[97.19215718970258,4.879925668035185],[97.20059174681171,4.88598237718503],[97.20583970194076,4.886571959228604],[97.20960041222929,4.884878540312457],[97.21311319921483,4.886413988814581],[97.2139435693403,4.888368555564455],[97.21555137909291,4.886514024902397],[97.21889271392769,4.8871690119403866],[97.22030252534131,4.889484170857827],[97.21998814483709,4.887915460030513],[97.22254375009408,4.885007123579953],[97.22356908244728,4.886207917261629],[97.22648583205557,4.884956898242308],[97.22817522380757,4.886809584394825],[97.2284040149334,4.883145603386936],[97.23070587197844,4.880607584372569],[97.23509256167245,4.880693312246592],[97.2337544172326,4.876979366704461],[97.23649828656676,4.878489412956071],[97.23590775304041,4.876845259800973],[97.23757332894604,4.8747528188875435],[97.24047218474357,4.875855473151603],[97.24040259340501,4.873784329982868],[97.24949403871898,4.873802096989209],[97.25242382130239,4.870221589254982],[97.25723660708383,4.871380497911673],[97.2598967486361,4.868859775558235],[97.26098576378206,4.858440100830023],[97.26860586966524,4.84722827716331],[97.26799465263116,4.838173354216963],[97.27013616775002,4.834404288327278],[97.2757228893999,4.833836341274207],[97.27741825534827,4.835026070596712],[97.2781023498436,4.8317543118120625],[97.28054129774273,4.833300962269618],[97.28399151619556,4.832230204260554],[97.28705507203398,4.834341976101371],[97.28738224809234,4.8374352752178424],[97.28919658715284,4.833747111440061],[97.29407448205177,4.833925570208919],[97.29514524006083,4.834817867650543],[97.29377705017077,4.837137843336848],[97.29505601022674,4.839457817224513],[97.29981493201353,4.843145981901614],[97.29829802573335,4.844008536065132],[97.29886314801593,4.846923376412747],[97.30329489374441,4.8455254432446395],[97.30487128658069,4.846506969620975],[97.30442513830957,4.84418699573331],[97.30793484331844,4.845971592415083],[97.31010610081597,4.8443357121234385],[97.31007635843724,4.848529511627703],[97.31162300709616,4.848945918419474],[97.31183121004239,4.847012606246835],[97.31284248059609,4.84731003902715],[97.31284248059609,4.849332580134501],[97.3110281424349,4.8509387171481535],[97.31212864282264,4.854864827150095],[97.31486502260276,4.855638152378901],[97.31694705116553,4.853020744811545],[97.31843421416772,4.853258691035819],[97.31938599906465,4.855757124591662],[97.31545988816339,4.858731450595997],[97.32197366335396,4.859980668273295],[97.32369877168105,4.8591181141097195],[97.32542388090746,4.865037022840397],[97.32682181407552,4.864501643835865],[97.3258997733559,4.860664762768636],[97.32783308462922,4.858285302324873],[97.33175919642986,4.859950924995246],[97.33342481910017,4.85644121998638],[97.33485249464695,4.857065828825],[97.33514992832659,4.860188871219464],[97.3320268850328,4.8615868052868905],[97.33205662921011,4.86369857622833],[97.33553659004167,4.862508846006506],[97.33752938877035,4.85905862665436],[97.33919501233999,4.8610514262823585],[97.34118165161198,4.8589740121410046],[97.34049479619796,4.866343700001778],[97.34210807023129,4.869655910292067],[97.32114846433024,4.882404594396576],[97.32078726422094,4.8898876328080405],[97.32300687556693,4.893713925257487],[97.31839400278108,4.894383457930303],[97.31742698966389,4.897520538741901],[97.3141452376127,4.901289606430225],[97.31030002882335,4.901540877009893],[97.30824703037621,4.899984868207127],[97.30615310378278,4.9028687736750385],[97.30511565936024,4.902145418376392],[97.30288848291724,4.9034779168724185],[97.30014734392483,4.8993566899593475],[97.29499819101375,4.906228573390024],[97.2892494133298,4.910054747128925],[97.2886688236074,4.91381429459409],[97.29140425280406,4.916991351169941],[97.29105590040956,4.918578927975204],[97.2845114295589,4.920748995669669],[97.28005136777648,4.924301056048932],[97.27949203622853,4.925731270381846],[97.28152037886247,4.929416284733804],[97.27939157925806,4.929078679237705],[97.27821761505095,4.932162620008967],[97.27582650658809,4.932622609745692],[97.27778742794749,4.940603266427672],[97.27761826097401,4.943057243796829],[97.27617785642298,4.943322022193627],[97.27747478043682,4.944841682197932],[97.27924648443775,4.944430238764539],[97.27955147961717,4.947003895213641],[97.27474925727245,4.953784757360722],[97.26996549441208,4.956926252044923],[97.26704750284006,4.956738056316283],[97.26587689220486,4.961041661243712],[97.26390024440082,4.9630967227355995],[97.26899694165559,4.963440613593491],[97.27016280027306,4.964745019067436],[97.26604481541597,4.967147041702674],[97.26430643579346,4.965919691040938],[97.2619377986905,4.9667698714324615],[97.26150413840531,4.9691311970471475],[97.24763691800939,4.978563217418582],[97.25139490155351,4.981081428864911],[97.25057582781227,4.984727138346784],[97.2529727306071,4.984993250438208],[97.25356186298967,4.986390853555122],[97.25257838958106,4.987212061387595],[97.25843821555128,4.988240161854037],[97.25837545456363,4.990173757313073],[97.26054319121533,4.988730697064057],[97.2592945850771,4.991306069419636],[97.25303550058794,4.9940388654013645],[97.25156054858053,5.0009938012229895],[97.24004801140666,4.990801393269749],[97.2409851013814,4.989498797231761],[97.23472250863693,4.985535943628918],[97.23050588613779,4.989020617807341],[97.22999811632008,4.99041280160958],[97.23735442496678,4.991661968025426],[97.24498645406169,4.999510508902915],[97.25098295629846,5.002196935839947],[97.2521549779699,5.003501013960658],[97.25034652856948,5.006985234880744],[97.25403138194281,5.009587024821371],[97.2569638292174,5.015657704939201],[97.25181357733476,5.017355812920471],[97.24963735108292,5.020946223989085],[97.24077254931376,5.023396622955829]]]}},{"type":"Feature","id":191,"properties":{"OBJECTID":191,"KDCBPS":"1111062","WADMKC":"Pirak Timur","WADMKK":"Aceh Utara","WADMPR":"Aceh","ID_KEC":1111062,"KDPKAB":"11.08","area_km2":34.29},"geometry":{"type":"Polygon","coordinates":[[[97.30208032334832,5.024079858598668],[97.29921906640686,5.026168784062179],[97.2968794846006,5.021992968300879],[97.29376817656015,5.023425261866407],[97.2924309530261,5.021314033216129],[97.2910627073781,5.022659010704842],[97.28760076626241,5.022014400044554],[97.2839080833914,5.023150765395542],[97.28516580325925,5.020323686289146],[97.27831171201598,5.015281746055791],[97.27966581942206,5.012556795759565],[97.27814593998318,5.010040515157698],[97.2791423384482,5.007589671026551],[97.27549284102184,5.006810397681761],[97.27490689943392,5.004707548014949],[97.27303902193336,5.005659332012613],[97.27022695341122,5.002476183429167],[97.26727642166958,5.0025380477927115],[97.26858036669063,5.000458398836088],[97.26783321443133,4.999216319977222],[97.26345500624359,4.999611310313753],[97.26289821258251,4.996213439598591],[97.2610755466992,4.995628091563219],[97.26230666731891,4.992902205072767],[97.26178859666646,4.990248748181216],[97.26004152869365,4.990222817129336],[97.26043621595863,4.9886330180993355],[97.25837545456363,4.990173757313073],[97.25843821555128,4.988240161854037],[97.25257838958106,4.987212061387595],[97.25356186298967,4.986390853555122],[97.2529727306071,4.984993250438208],[97.25057582781227,4.984727138346784],[97.25139490155351,4.981081428864911],[97.24763691800939,4.978563217418582],[97.26150413840531,4.9691311970471475],[97.2619377986905,4.9667698714324615],[97.26430643579346,4.965919691040938],[97.26604481541597,4.967147041702674],[97.27016280027306,4.964745019067436],[97.26899694165559,4.963440613593491],[97.26390024440082,4.9630967227355995],[97.26587689220486,4.961041661243712],[97.26704750284006,4.956738056316283],[97.26996549441208,4.956926252044923],[97.27474925727245,4.953784757360722],[97.27955147961717,4.947003895213641],[97.27924648443775,4.944430238764539],[97.27747478043682,4.944841682197932],[97.27617785642298,4.943322022193627],[97.27764979839952,4.94297056803731],[97.2768874592889,4.937806429723025],[97.27888467908474,4.939854165337522],[97.29395939221223,4.938365984302777],[97.29248777579028,4.94520506496184],[97.28754488958504,4.9475225747070795],[97.28863597856764,4.949965907700516],[97.28555191009264,4.962060211809387],[97.28321926925395,4.96634802823894],[97.28718414093544,4.970672883247005],[97.29232572155485,4.972845635417798],[97.29406679464694,4.975913981944757],[97.2999033515585,4.976047820850283],[97.30861240423911,4.978843214143069],[97.30743530139807,4.981903918231296],[97.30719518241182,4.99546686110682],[97.30614955775593,4.9966291512143926],[97.31187196461951,4.997027371915749],[97.31174102422892,4.998520539691185],[97.31567554019409,4.998300162622456],[97.31551262620678,5.003194599651124],[97.30861219020045,5.003127975175971],[97.30722936474342,5.004110532175389],[97.30660998456318,5.007155665401683],[97.3116665153974,5.007343944767285],[97.31778729674642,5.020404083881431],[97.31472534979514,5.023328638705777],[97.31165033299652,5.023065039320159],[97.31254958399614,5.024696778233761],[97.31172836896911,5.024964440756378],[97.30208032334832,5.024079858598668]]]}},{"type":"Feature","id":192,"properties":{"OBJECTID":192,"KDCBPS":"1111070","WADMKC":"Cot Girek","WADMKK":"Aceh Utara","WADMPR":"Aceh","ID_KEC":1111070,"KDPKAB":"11.08","area_km2":170.42},"geometry":{"type":"Polygon","coordinates":[[[97.31571250143088,4.996798607769563],[97.31567554019409,4.998300162622456],[97.31174102422892,4.998520539691185],[97.31187196461951,4.997027371915749],[97.30614955775593,4.9966291512143926],[97.30719518241182,4.99546686110682],[97.30743530139807,4.981903918231296],[97.30861240423911,4.978843214143069],[97.2999033515585,4.976047820850283],[97.29406679464694,4.975913981944757],[97.29232572155485,4.972845635417798],[97.28718414093544,4.970672883247005],[97.28321926925395,4.96634802823894],[97.28555191009264,4.962060211809387],[97.28863597856764,4.949965907700516],[97.28754488958504,4.9475225747070795],[97.29248777579028,4.94520506496184],[97.29395939221223,4.938365984302777],[97.2785705899608,4.939787539963049],[97.2768874592889,4.937806429723025],[97.27585131258809,4.932539747111662],[97.27821761505095,4.932162620008967],[97.27939157925806,4.929078679237705],[97.28152037886247,4.929416284733804],[97.27949203622853,4.925731270381846],[97.28005136777648,4.924301056048932],[97.2845114295589,4.920748995669669],[97.29105590040956,4.918578927975204],[97.29140425280406,4.916991351169941],[97.2886688236074,4.91381429459409],[97.2892494133298,4.910054747128925],[97.29499819101375,4.906228573390024],[97.29952868410157,4.8996707790832374],[97.30055661189817,4.899556565183389],[97.30288848291724,4.9034779168724185],[97.30511565936024,4.902145418376392],[97.30615310378278,4.9028687736750385],[97.30824703037621,4.899984868207127],[97.31005637190412,4.901479962330427],[97.31361985277402,4.901662704570185],[97.31742698966389,4.897520538741901],[97.31839400278108,4.894383457930303],[97.32273152114283,4.894145391196901],[97.32078726422094,4.8898876328080405],[97.32114846433024,4.882404594396576],[97.34195102611903,4.870012828729102],[97.34049479619796,4.866343700001778],[97.34118165161198,4.8589740121410046],[97.34478674501236,4.860575533833867],[97.34752312479242,4.8595345191027945],[97.34850754968375,4.860648122612815],[97.35270619023856,4.857561109757455],[97.35756028997548,4.851279332675119],[97.36234300692428,4.851993171347829],[97.36362791599561,4.851136565300294],[97.36681807029777,4.845697434988665],[97.37103251284026,4.849396026405543],[97.37595355001639,4.850307510882942],[97.38043129606751,4.853074599812999],[97.37975702037028,4.855752750289241],[97.37085234625886,4.867208324404714],[97.3714529054273,4.8714016832411176],[97.37801480244121,4.872489449228738],[97.37886876358266,4.876070912043019],[97.38761241857833,4.876581137009907],[97.39796307393675,4.882053896570142],[97.40058048060473,4.888240495702348],[97.4079568108582,4.891690714155175],[97.40831373109387,4.897639367063164],[97.41555387521123,4.903176109789683],[97.42070742940439,4.904504088293095],[97.42365419028869,4.914273572067771],[97.42697950460052,4.911499364104429],[97.42702519016046,4.913372475659287],[97.4304554211808,4.917898210434089],[97.4318164731518,4.914904847580715],[97.43250293016615,4.916281646680716],[97.43549425605511,4.914833122150924],[97.44190075021953,4.932152266114258],[97.44760417958929,4.93346726020593],[97.45043565098456,4.935453137752177],[97.4512370854232,4.938934683189132],[97.45023805644121,4.942500526578101],[97.44641834702912,4.940346500990302],[97.44577851806423,4.947174279869159],[97.44286503479356,4.946361886292095],[97.44554486430411,4.953651865441259],[97.44256415041525,4.960623983709922],[97.42841825260035,4.956665177056323],[97.42381356544377,4.964154882142168],[97.41073828804161,4.9677870181564],[97.40637663817137,4.971728724201284],[97.40351569958995,4.972428671945693],[97.40197553774095,4.977723697590648],[97.39422912657301,4.978293482858021],[97.39048290436261,4.976209074689109],[97.3884355185844,4.973307424697964],[97.38347803908027,4.972832008890123],[97.37892574372813,4.96750111918135],[97.3737203067468,4.967748902190124],[97.37425344823811,4.966265083766643],[97.37098379656504,4.960074270411326],[97.3684118686129,4.960861000934472],[97.3663929077066,4.96623686034286],[97.35681753360234,4.9766714062604365],[97.35318867741557,4.977020927773651],[97.35309441677396,4.975978398584289],[97.34860118889384,4.9746861501457715],[97.34990379122706,4.973038486936673],[97.3485634992062,4.971270195862871],[97.35172722962801,4.970019550961581],[97.352903193028,4.9647157578260135],[97.35588334663919,4.9651656113039735],[97.3548425333563,4.961679030562834],[97.35706451981179,4.956622132805251],[97.35548003757373,4.954994803267596],[97.35673187137883,4.953880994712165],[97.35030685477756,4.952604984432526],[97.34983132655452,4.954401141899211],[97.35097597825887,4.956112602114956],[97.34242919744958,4.966472909896936],[97.33622835305613,4.977435867771135],[97.33382414596764,4.984751282445757],[97.33150070969003,4.987250485821335],[97.33034781030324,4.992668033303119],[97.33109587537439,4.996442210939335],[97.3295424835988,4.998191583874529],[97.32300349231735,4.998247261801737],[97.32270926562018,4.995571240920071],[97.3158693099208,4.993601447748688],[97.31571250143088,4.996798607769563]]]}},{"type":"Feature","id":193,"properties":{"OBJECTID":193,"KDCBPS":"1111080","WADMKC":"Tanah Jambo Aye","WADMKK":"Aceh Utara","WADMPR":"Aceh","ID_KEC":1111080,"KDPKAB":"11.08","area_km2":93.92},"geometry":{"type":"Polygon","coordinates":[[[97.48278504469414,5.2335770002783875],[97.47975184457204,5.237153013201066],[97.47715490467516,5.230874288417738],[97.4814886917498,5.220035919921827],[97.47729890142324,5.220902473370472],[97.47992803435136,5.218571232776242],[97.47984126955902,5.216541212906691],[97.47761214068782,5.216110868421879],[97.47697486040153,5.214338314561644],[97.47823051182871,5.209878992021913],[97.47685485037113,5.210258503227408],[97.47610468178567,5.206207026832885],[97.4768337963427,5.202230215751911],[97.4815890803718,5.196119053551513],[97.47906493070207,5.194606955946313],[97.48092933681949,5.192522194343837],[97.48035824034059,5.190192643575699],[97.47487855420195,5.192239357560368],[97.46603855573483,5.1869209774212095],[97.46168671656875,5.177836148419544],[97.46478203556256,5.178585147886338],[97.46198796427319,5.174264967554279],[97.46089073561899,5.16859834114058],[97.45742551377651,5.168776850271456],[97.45627160624969,5.166001265446084],[97.4546898399642,5.166006344816992],[97.45461401902185,5.164241629447702],[97.45570453243829,5.163871138442346],[97.45462527133924,5.1608879352300505],[97.45441523557474,5.13919820213539],[97.45567229444089,5.135842070755018],[97.45352998522071,5.128597991204401],[97.45268806959876,5.1293903352957955],[97.44583184696222,5.124788891094511],[97.44518939287622,5.12578826541619],[97.44317085285263,5.125475933567543],[97.44440898188907,5.119235312159958],[97.44292280544317,5.114491639277787],[97.4452095008179,5.1113536213725865],[97.44472751276459,5.110044484565378],[97.44012533741443,5.111289183149324],[97.43814364441374,5.114079817229822],[97.43539980475725,5.114258929805828],[97.4378644543811,5.109336835026966],[97.43572564442303,5.103871186406195],[97.43853896120413,5.097245824235472],[97.43810472175556,5.094204701985461],[97.43309114344157,5.09224164923279],[97.4263966153116,5.093253981885823],[97.42326180798614,5.0921994548410225],[97.42441004258944,5.089643361252172],[97.42956761855083,5.087668869123036],[97.42927670855329,5.086564132029139],[97.43127857784413,5.085391931392564],[97.4312829611398,5.076546745635824],[97.4394720294107,5.072097184337622],[97.43876233481399,5.062517425139106],[97.44123781497325,5.061517762135054],[97.43962548342938,5.058178882449511],[97.44240707572601,5.055648755885443],[97.44375958683554,5.051212729384019],[97.44599688065159,5.049796122692953],[97.44012998690943,5.0431681120188045],[97.43960037525716,5.040860501111297],[97.4417574117752,5.039231523116371],[97.44091427487393,5.038045954057566],[97.44188038866906,5.034355025763887],[97.44770677424827,5.034349449967181],[97.4476363213592,5.031860855893854],[97.44394156555086,5.028349109423914],[97.44461690964272,5.020456675335367],[97.44788750200667,5.017734001223232],[97.44616236040468,5.016029844401828],[97.44607131483934,5.011429908363652],[97.44933052358488,5.004421168801969],[97.4525522872583,5.006291362056743],[97.45432326190905,5.005762551700457],[97.4551450300192,5.003299024430476],[97.4535396978988,4.9980475079861435],[97.45485961308071,4.992735893446763],[97.45753463301696,4.988664970112325],[97.45781631956754,4.98450897990557],[97.46171112237045,4.981582694785573],[97.4664816678947,4.974668282415337],[97.4673561884374,4.96617626941935],[97.46873954809172,4.964697892793538],[97.47470909944542,4.971344862975116],[97.47606520244722,4.977497826563479],[97.47326695740423,4.984750422693878],[97.48062620773334,5.000251703153651],[97.482227510891,5.015480490832033],[97.4849649896426,5.0160818054310425],[97.48527827207465,5.0332897707064035],[97.48424893683904,5.0347183114009795],[97.48596814921075,5.044710425046105],[97.48485574539637,5.052229882403196],[97.48700035508239,5.060336847967221],[97.48001480184172,5.068684076409056],[97.47984589567159,5.071815742402634],[97.48177920784423,5.072529581075344],[97.4727962477487,5.08159903077069],[97.47758682836951,5.08611578941219],[97.47794458227673,5.087991956863391],[97.48114349597563,5.089969936563364],[97.47730632442739,5.092668776842629],[97.47667554444087,5.094918598214804],[97.48053081394596,5.095674349791466],[97.48184383132781,5.097469142087277],[97.47522139195371,5.099896940191684],[97.47573847874787,5.0952966003578695],[97.47129192658122,5.095536649197072],[97.46948071266479,5.093129555284804],[97.46817996203566,5.093229345857651],[97.46763288105268,5.096515662867603],[97.4726511286467,5.101617637344134],[97.47267857055965,5.103515059372512],[97.46628376938054,5.105635753387332],[97.46818733827507,5.109671914327407],[97.46325615404834,5.109246587160328],[97.45960046209171,5.112010907977094],[97.46372545086894,5.118422153259814],[97.46819775961899,5.116959035431194],[97.46960481820787,5.118361038930857],[97.47008157670348,5.124517792262338],[97.47651068521998,5.124240476416901],[97.47813564144673,5.126605400219091],[97.4777010125917,5.129111487005559],[97.47321321931469,5.131771869576141],[97.4697851457679,5.130855876797341],[97.46850781438417,5.131972327560902],[97.46995505108481,5.139792717859677],[97.46729957161801,5.145793719404651],[97.4699360133364,5.150224276229437],[97.4657061672059,5.153332055330111],[97.46848223406789,5.154085278013213],[97.47559925739989,5.149443296870686],[97.47874093824379,5.1514324200701935],[97.48125990242261,5.148911695918059],[97.48310592280018,5.152267071867925],[97.48691177725675,5.1506479378521135],[97.48839288602295,5.154061132115601],[97.48706641298463,5.160934749439207],[97.4890057919838,5.161305456281809],[97.49088419694817,5.157182418134141],[97.49323559404746,5.158596011197005],[97.49835033709843,5.15856923298378],[97.49651851072076,5.163022083102703],[97.49881411657827,5.1652051190210955],[97.49732015290277,5.167669145414777],[97.50018027400051,5.168648102428051],[97.49903216080565,5.171947420037441],[97.49651623183871,5.171189157553613],[97.494024503628,5.174432772954162],[97.48947011735208,5.172903452432422],[97.48822957723326,5.1686987018836135],[97.48711946489146,5.169083044247145],[97.4872873287473,5.172517876199095],[97.49097213985243,5.178974780062106],[97.48769408491415,5.178668396329499],[97.48546375724663,5.181050595208831],[97.48774041528799,5.185342827309682],[97.48947914294814,5.181780501169214],[97.4905569417495,5.182634818442182],[97.48727278221321,5.188019958854056],[97.49164560256258,5.189099306288028],[97.4920958742253,5.185069331784291],[97.49715028355882,5.188570320563883],[97.5003129806596,5.187730253048812],[97.50111321540265,5.188897843760515],[97.49787966431512,5.1938709381932995],[97.50061150341821,5.195682567596464],[97.49816382579996,5.197355226562479],[97.49645820038569,5.202697588023341],[97.49409777499238,5.202102721563392],[97.49276903925983,5.197782523244882],[97.48754032062936,5.199454503222796],[97.48752469131153,5.200563168555448],[97.49087236636666,5.202722755550781],[97.4901841808553,5.20626774186286],[97.48785572276347,5.209056887565339],[97.49040687367835,5.208963473185804],[97.49352974700031,5.205479447418611],[97.49431668706552,5.207085313736286],[97.49336582757093,5.210169621430907],[97.48949763031146,5.21190271124118],[97.48923132036919,5.213509517350417],[97.491652473383,5.21443801610161],[97.49508853201019,5.2115902561854455],[97.49951998276106,5.213397970839708],[97.49535613877487,5.217276644301762],[97.49706766733902,5.221438607805567],[97.49369024271061,5.218896106570128],[97.49176908127816,5.219978764408495],[97.48831966681922,5.224354605580629],[97.48798046232855,5.230952562710627],[97.48619238706908,5.234478027439081],[97.48278504469414,5.2335770002783875]]]}},{"type":"Feature","id":194,"properties":{"OBJECTID":194,"KDCBPS":"1111081","WADMKC":"Langkahan","WADMKK":"Aceh Utara","WADMPR":"Aceh","ID_KEC":1111081,"KDPKAB":"11.08","area_km2":235.25},"geometry":{"type":"Polygon","coordinates":[[[97.49526209307118,5.078321001013421],[97.49690164259681,5.082947365428595],[97.49460775084708,5.086780518805938],[97.49270227898705,5.087266721981678],[97.4904179955941,5.0859580204463555],[97.48813668805775,5.082258353440295],[97.48732703471495,5.07829881293992],[97.4840513270072,5.078678205434869],[97.48159195640375,5.08189187341128],[97.48114379275188,5.085264593686077],[97.4794454329604,5.086003536933731],[97.47758682836951,5.08611578941219],[97.4727962477487,5.08159903077069],[97.48177920784423,5.072529581075344],[97.47984589567159,5.071815742402634],[97.48001480184172,5.068684076409056],[97.48700035508239,5.060336847967221],[97.48485574539637,5.052229882403196],[97.48596814921075,5.044710425046105],[97.48424893683904,5.0347183114009795],[97.48527827207465,5.0332897707064035],[97.4849649896426,5.0160818054310425],[97.482227510891,5.015480490832033],[97.48062620773334,5.000251703153651],[97.47326695740423,4.984750422693878],[97.47606520244722,4.977497826563479],[97.47326160194143,4.968680508098998],[97.46013073564501,4.957965507702056],[97.46022673287746,4.962108919990726],[97.45829460960863,4.96630628890415],[97.45710488028607,4.966325324853926],[97.45582948874,4.971579175038926],[97.45028058628009,4.976518936100092],[97.45061370955511,4.978232148195104],[97.44885968712492,4.980706937675109],[97.44467049125024,4.976466904923768],[97.44485323259067,4.968715572665587],[97.4406258443073,4.966978301007828],[97.44554486430411,4.953651865441259],[97.44286503479356,4.946361886292095],[97.44577851806423,4.947174279869159],[97.44641834702912,4.940346500990302],[97.44997316472984,4.943174830154362],[97.4512370854232,4.938934683189132],[97.4501503923268,4.93501220824686],[97.44190075021953,4.932152266114258],[97.43549425605511,4.914833122150924],[97.43250293016615,4.916281646680716],[97.4318164731518,4.914904847580715],[97.4304554211808,4.917898210434089],[97.42702519016046,4.913372475659287],[97.42697950460052,4.911499364104429],[97.42365419028869,4.914273572067771],[97.42070742940439,4.904504088293095],[97.41555387521123,4.903176109789683],[97.40831373109387,4.897639367063164],[97.4079568108582,4.891690714155175],[97.40058048060473,4.888240495702348],[97.39796307393675,4.882053896570142],[97.38761241857833,4.876581137009907],[97.37886876358266,4.876070912043019],[97.37801480244121,4.872489449228738],[97.3714529054273,4.8714016832411176],[97.37085234625886,4.867208324404714],[97.37975702037028,4.855752750289241],[97.38043129606751,4.853074599812999],[97.37595355001639,4.850307510882942],[97.37103251284026,4.849396026405543],[97.36681807029777,4.845697434988665],[97.36362791599561,4.851136565300294],[97.36234300692428,4.851993171347829],[97.35756028997548,4.851279332675119],[97.3505646751197,4.85941708922735],[97.34850754968375,4.860648122612815],[97.34752312479242,4.8595345191027945],[97.34478674501236,4.860575533833867],[97.3409870787907,4.858976365666763],[97.34182527121936,4.8581677807185315],[97.33863298642325,4.856089084143946],[97.33731524130542,4.853834306608007],[97.33763884795451,4.850246079992644],[97.33632538540826,4.850274632568301],[97.3366585095826,4.851654721388343],[97.3352403506617,4.850969436190553],[97.33534504703636,4.8484281724222456],[97.33688693828162,4.84798083344873],[97.33606840323426,4.846524602628335],[97.33534504703636,4.847752404749713],[97.3343076017145,4.8466197805784645],[97.33591611833424,4.843954785385108],[97.33470735216264,4.842555662413929],[97.33679176033155,4.841242198968359],[97.33422194218895,4.8411375025937105],[97.33497385096251,4.840328485970872],[97.33368894189124,4.839719343672812],[97.33623020655887,4.837530240028627],[97.33631586698374,4.8357884753579015],[97.33795293707846,4.8371590439547845],[97.33620165308389,4.83499849378552],[97.3378672757542,4.8320955505692496],[97.3368774198571,4.832428675642916],[97.33733427725514,4.83139123122038],[97.33628731440808,4.830943892246864],[97.33742945520527,4.830782088922319],[97.33737234825531,4.828012395555675],[97.33817184735295,4.82905935930205],[97.33978036307337,4.828554913378582],[97.33863822137687,4.826575201584319],[97.33916170325006,4.824052972866468],[97.34238063765639,4.821039624379182],[97.34067408773899,4.817116367926076],[97.34062649921361,4.811001154279893],[97.34184002369818,4.808193389913072],[97.33969850857937,4.806860891417045],[97.34031177606767,4.803780600094683],[97.3383320642734,4.801439209751777],[97.34166330871477,4.797498823012347],[97.34206305916291,4.795081289769769],[97.34071152471716,4.792492436576708],[97.34183463136321,4.790588867682118],[97.34044502501797,4.788418799987653],[97.34232955796278,4.783431448602528],[97.34145391686485,4.782041844055925],[97.34650163794032,4.779173663234019],[97.35006187225764,4.779312531148435],[97.35451622334512,4.771945721118186],[97.35600100764043,4.7725548634162465],[97.36043632277813,4.783481346586939],[97.36445387944303,4.783820342434922],[97.36598253266783,4.778951491118448],[97.3608611256405,4.770137844585918],[97.36212732521597,4.767729315355666],[97.36537378157482,4.767664383404622],[97.36896875130691,4.769762326370312],[97.38686212408783,4.769470820122308],[97.38790018724393,4.767976681978325],[97.38689870041475,4.762770285420402],[97.38773723278712,4.761145238362133],[97.39403715638974,4.759616699351227],[97.39966413529169,4.760311723307439],[97.40220036465519,4.756788408858029],[97.40443188842096,4.756111669018367],[97.40655380641311,4.7564276314300855],[97.41106917020608,4.760058338421629],[97.41524851580641,4.76016535324851],[97.42417779357038,4.7554228737666335],[97.42420653230567,4.759220827679087],[97.42200859372167,4.765760283010707],[97.41764876407927,4.768936612035077],[97.41430312508919,4.768763425991381],[97.40981386771585,4.763321634585793],[97.40294383958661,4.763979764754367],[97.40031977074091,4.76664936627526],[97.40287273109175,4.7858791001403915],[97.40583950638819,4.795084608268098],[97.40807371642893,4.796630040144294],[97.41252921055468,4.796541488399043],[97.41547898686582,4.794565537569554],[97.41915193141654,4.788954395728808],[97.41878534436819,4.78760167237931],[97.41247554261224,4.788113452274047],[97.40868583908025,4.78698008256481],[97.40719002460003,4.783823246345776],[97.41139544424442,4.78071752579325],[97.41995400167588,4.7824241719380325],[97.42556127823048,4.7860860314452225],[97.43515901127938,4.787656234247834],[97.43663618101499,4.78962071782189],[97.436560037216,4.793762885448871],[97.43275290032614,4.798438048876903],[97.42874779207699,4.807666550870692],[97.4350535244007,4.808749240185307],[97.43756840655675,4.812027060400567],[97.43527954021869,4.819439226838881],[97.43584429557785,4.821570217191834],[97.45261515976188,4.819096077921699],[97.45548240708746,4.819818030277929],[97.45703529973935,4.822173566057302],[97.4499385875958,4.828431213429781],[97.44167203733474,4.829099784727305],[97.4427844897125,4.832882844967344],[97.45250869442077,4.836338692276854],[97.45910473959214,4.846606635188095],[97.46131306174846,4.845786169296332],[97.4619072357304,4.841468614984649],[97.46409327538441,4.839942221756189],[97.4656904290701,4.840400466808148],[97.46741258222494,4.843610656206863],[97.46966974656164,4.843340600588306],[97.47019835457047,4.841212565407602],[97.46767477866814,4.839034233842881],[97.46807809762618,4.837886625167641],[97.4713223056799,4.83782696144516],[97.47363511736683,4.844646757042256],[97.47473382540579,4.839748862120359],[97.47701513923732,4.839342444997897],[97.48509788426003,4.847409865572899],[97.48859451042836,4.854012184414842],[97.48937719939829,4.858177364793619],[97.48809837424062,4.866836341424062],[97.49035631379292,4.868401495432693],[97.49482374102291,4.8675883868945675],[97.49769113763597,4.871308947849684],[97.50126319983684,4.871561058396196],[97.50190106827972,4.876219730056562],[97.50587198880129,4.876659276404553],[97.50787916139421,4.880552026954547],[97.5115008940511,4.882498235405308],[97.50951513791335,4.885101972378152],[97.50641321429845,4.885418097567197],[97.50265825607374,4.879009016053317],[97.49712720425714,4.875249334589171],[97.49541399306139,4.881645325571355],[97.50013960306029,4.884729108961267],[97.50179044087622,4.8884466257112535],[97.50659905200473,4.887679700957506],[97.50600735385638,4.891796108403753],[97.50161010971885,4.892724098138672],[97.49579946587272,4.886999113818092],[97.49274423775643,4.886599364269273],[97.49281562234313,4.889725976972329],[97.4987519005798,4.89552392958575],[97.4983521519303,4.8996546740240206],[97.49217936728405,4.900947140098481],[97.49066294034247,4.906959151143951],[97.4880732435854,4.906479522911695],[97.48330602555268,4.902115036579744],[97.4839078959327,4.906513148563022],[97.4879935645514,4.910240896000573],[97.4855546175516,4.911466319415183],[97.4789873048203,4.911549599334592],[97.47729788788729,4.915689863096759],[97.4739071559905,4.913500758553198],[97.47360972321025,4.918878339263983],[97.475346729568,4.919485102855276],[97.47911817506377,4.917962247559728],[97.47986770602989,4.919485102855276],[97.47836864499703,4.921138826595609],[97.47066673408256,4.919547376410321],[97.46740191806413,4.913840345255778],[97.46547043960913,4.916791784413363],[97.46741208040322,4.920046886854379],[97.47357636735552,4.924105067694768],[97.46737679820075,4.9308188709941305],[97.47268725621194,4.937797208074755],[97.47360713855863,4.943298637122439],[97.47208418343837,4.948070830204699],[97.47543981569498,4.9480273174067975],[97.47618160259896,4.9428893862362315],[97.47783404300674,4.941046159152961],[97.48303510568564,4.94543258444628],[97.48495128937054,4.945106046007254],[97.4861459038105,4.942237458691807],[97.48773564438454,4.941867813948477],[97.49210384041999,4.948002207435991],[97.49712315640858,4.947854563937028],[97.49901794342338,4.956099194122544],[97.5052384640839,4.958995315981099],[97.50491485743476,4.960708528076168],[97.50249908956141,4.961319002270159],[97.49579491530318,4.957163923975941],[97.49030316925592,4.960090252263399],[97.48571200790292,4.959538552362346],[97.48408961744195,4.961319653379348],[97.48681936292331,4.963851480561402],[97.4923787865518,4.963481215285924],[97.49460639107213,4.96824948012943],[97.49620532001956,4.967784365156376],[97.49796419788947,4.963885633215455],[97.50000000399706,4.964437563342926],[97.50145286685637,4.966680229708857],[97.49885092133303,4.971714148888907],[97.49928454924259,4.976898026422816],[97.49686758077428,4.977983621447038],[97.4925006707694,4.976222123851983],[97.49067179236937,4.978888262982991],[97.4921408412269,4.981065431724346],[97.49811328839758,4.983397302743356],[97.49823226240903,4.986014710310656],[97.49651904941464,4.988941446890294],[97.49724727184417,4.991964552122454],[97.49912704557676,4.9928330553013325],[97.50226400587923,4.991855088441639],[97.50709823959215,4.994462985678297],[97.5078625572113,4.997037001856199],[97.5064283660763,4.9988060654476385],[97.50267634144006,4.99993097343571],[97.50157875665434,5.0018383851333965],[97.50525250340036,5.005372298093107],[97.50441555563344,5.0114360894040715],[97.50117880206011,5.013067732090235],[97.49479272880143,5.010945752044847],[97.49321430709466,5.014418588447143],[97.49458940827463,5.016508617378861],[97.50068968058434,5.016548599438352],[97.50323973972229,5.017858510561837],[97.50661664364327,5.022807340386521],[97.50700709600073,5.02947213333232],[97.51336617700753,5.0293909623230775],[97.51452084356214,5.030530171330383],[97.50801189233505,5.04433880359295],[97.50511846844262,5.04431977034119],[97.50291105999747,5.038088232086295],[97.49963618955854,5.038647135556914],[97.49995979620769,5.043196664594461],[97.50507432791795,5.045622257561206],[97.505799798422,5.047171937834719],[97.5043530869255,5.049056470779533],[97.49829491637735,5.049685051024312],[97.49755268340965,5.050784008175469],[97.5057620970432,5.055049439580046],[97.50862206255817,5.053943381381998],[97.51154679544828,5.050594218848175],[97.51404620476859,5.050772867373951],[97.51397716921105,5.053074663265136],[97.50625629339328,5.061252393782979],[97.51000644294305,5.065536837754905],[97.51312851227107,5.0658877559152415],[97.51453876525187,5.0635206026937],[97.51324069640106,5.058560103266188],[97.51545614658397,5.057093990695137],[97.51493585190809,5.059598920054157],[97.51678559457957,5.064129375370442],[97.51536843300681,5.072468587255571],[97.51102900358569,5.071780765969606],[97.51240316407484,5.075666521592723],[97.51126600282385,5.076352108063361],[97.50971783341134,5.074982034992956],[97.50726204480759,5.066387596410493],[97.50190548035368,5.069601374104195],[97.498602174251,5.068454215090014],[97.4995161057837,5.0743904105890465],[97.50120849677478,5.076780073841405],[97.50063817371279,5.078334051974991],[97.49911148730536,5.078154696582033],[97.49647713471205,5.073595578972856],[97.4937359957197,5.07196802640334],[97.49087927136134,5.0728887694012315],[97.49144083322795,5.075625007987753],[97.49526209307118,5.078321001013421]]]}},{"type":"Feature","id":195,"properties":{"OBJECTID":195,"KDCBPS":"1111090","WADMKC":"Seunuddon","WADMKK":"Aceh Utara","WADMPR":"Aceh","ID_KEC":1111090,"KDPKAB":"11.08","area_km2":76.63},"geometry":{"type":"Polygon","coordinates":[[[97.4825548263442,5.243211914897984],[97.47466668741777,5.241419690166595],[97.46440582037235,5.236965169107293],[97.46197555902489,5.234711174880886],[97.45921720970654,5.234726308672236],[97.39659256379582,5.212871739739057],[97.36737670666975,5.200351682184419],[97.36589500525037,5.201608965881121],[97.36560763498443,5.199262312705628],[97.33575162873473,5.190230225344692],[97.33390434121242,5.189794516403879],[97.33410304282125,5.191470317601102],[97.32748108998038,5.189645945703887],[97.32753042408984,5.186373637433462],[97.32878429126208,5.184846374560607],[97.33154515058828,5.1854837034102275],[97.33669550859094,5.183629595429522],[97.33869683199327,5.179607959439807],[97.34100469740889,5.1805388683741285],[97.34007670767397,5.1840723667463635],[97.34502598626034,5.183465604953767],[97.34816687570083,5.179420520940312],[97.3472745755613,5.176719832554284],[97.3521607352298,5.175265823958682],[97.35393325761379,5.178041486125721],[97.35493848382401,5.174511254091158],[97.35328867303389,5.172938524193569],[97.35560543993915,5.172040480084149],[97.35657189997329,5.179382505698129],[97.35854116704127,5.182978155317642],[97.35788195858555,5.191399412353064],[97.36385987543298,5.1912719937075735],[97.36415213891013,5.185362900177722],[97.36917962883683,5.18539742155383],[97.37098879679559,5.178441595403342],[97.37719984759497,5.176174798428235],[97.3859180904476,5.175058183988028],[97.39026322426844,5.176634029137176],[97.39847142921315,5.172077221886354],[97.41566085856181,5.173585114261641],[97.41657353643961,5.163612870237841],[97.42046333271668,5.161737058918163],[97.43008669824258,5.160743276581002],[97.43258749341817,5.158045001076005],[97.43375136723188,5.159106792844284],[97.43659828268466,5.157126863414078],[97.43743617384041,5.153669723778762],[97.44027862955517,5.154240301348864],[97.44134241242244,5.151950190349055],[97.45452043826765,5.153244175378461],[97.45570453243829,5.163871138442346],[97.45461401902185,5.164241629447702],[97.4546898399642,5.166006344816992],[97.45627160624969,5.166001265446084],[97.45742551377651,5.168776850271456],[97.46089073561899,5.16859834114058],[97.46198796427319,5.174264967554279],[97.46478203556256,5.178585147886338],[97.46168671656875,5.177836148419544],[97.46595547726355,5.186809362562087],[97.47487855420195,5.192239357560368],[97.48035824034059,5.190192643575699],[97.48092933681949,5.192522194343837],[97.47906493070207,5.194606955946313],[97.4815890803718,5.196119053551513],[97.4768337963427,5.202230215751911],[97.47610468178567,5.206207026832885],[97.47685485037113,5.210258503227408],[97.47823051182871,5.209878992021913],[97.47697486040153,5.214338314561644],[97.47761214068782,5.216110868421879],[97.47984126955902,5.216541212906691],[97.47992803435136,5.218571232776242],[97.47729890142324,5.220902473370472],[97.4814886917498,5.220035919921827],[97.48056979506003,5.224196686428002],[97.47711118863049,5.230001309313025],[97.4782071006772,5.23478332209271],[97.48015662942498,5.237161652088616],[97.48278504469414,5.2335770002783875],[97.4857490275956,5.234630090206565],[97.48352332334275,5.243070385889666],[97.4825548263442,5.243211914897984]]]}},{"type":"Feature","id":196,"properties":{"OBJECTID":196,"KDCBPS":"1111100","WADMKC":"Baktiya","WADMKK":"Aceh Utara","WADMPR":"Aceh","ID_KEC":1111100,"KDPKAB":"11.08","area_km2":124.93},"geometry":{"type":"Polygon","coordinates":[[[97.35888522067643,5.191342762258728],[97.35788195858555,5.191399412353064],[97.35854116704127,5.182978155317642],[97.35657189997329,5.179382505698129],[97.35560543993915,5.172040480084149],[97.35787467587568,5.171409308892521],[97.35976425761447,5.172712131559649],[97.36406738859915,5.1689114625939965],[97.36651553206622,5.168563155165543],[97.36426717658901,5.161055004085199],[97.36208733955914,5.159279805318818],[97.36576929441748,5.15642991131142],[97.36837833828974,5.1568339794046665],[97.3702852472664,5.15545543292194],[97.36401978478528,5.152025619187043],[97.37135141423641,5.143846125997982],[97.37061988679841,5.13904917907638],[97.37314301483832,5.137204724418552],[97.37580035680111,5.138648476246203],[97.37699849208678,5.1333108739976865],[97.37876957555551,5.133514440938768],[97.37905526408923,5.135291455436345],[97.38043692402488,5.132462083958046],[97.38246193287199,5.118248340388618],[97.37732916470924,5.1171360525868295],[97.38071601962866,5.106438623144015],[97.38745336627989,5.1023305290307235],[97.38901161169656,5.095736135014647],[97.3891580087352,5.092524616417961],[97.38682085869573,5.092135520238116],[97.38675011172836,5.07595548905465],[97.38402654638804,5.076042831211737],[97.38137099137822,5.074270421243],[97.3823014713359,5.071892186575212],[97.38435004242058,5.06819529577632],[97.39115529957746,5.064262046955946],[97.39269719262143,5.061064050565506],[97.39600940201234,5.0609355599281685],[97.39663757756222,5.058023100985395],[97.39528509343239,5.0548441414439935],[97.39887332094708,5.053073820600389],[97.4000344985933,5.050494485831905],[97.39862585629828,5.044983652573535],[97.40332707758262,5.042089039777409],[97.4024419180601,5.036585347136111],[97.40530205444634,5.031399633186595],[97.40782140623298,5.030643570444454],[97.40997865768895,5.026571721707626],[97.40969617523837,5.024991869179473],[97.40717955739075,5.023779819583069],[97.40677446407034,5.017637843911416],[97.41210480429334,5.014529621444922],[97.41199950807089,5.009307413906072],[97.41505712568585,5.007783513598326],[97.41651814539614,5.003461079565227],[97.42033663532754,5.003010904129951],[97.42940090133061,4.999089535353846],[97.43117122936877,4.993067995991282],[97.43465736404619,4.987869792257129],[97.43253182538348,4.982734768594753],[97.4379170197547,4.981560797193083],[97.442127493589,4.976708786581298],[97.44448044921342,4.971734945711205],[97.439616881414,4.970268677557499],[97.4406258443073,4.966978301007828],[97.44485323259067,4.968715572665587],[97.44467049125024,4.976466904923768],[97.44885968712492,4.980706937675109],[97.45061370955511,4.978232148195104],[97.45028058628009,4.976518936100092],[97.45582948874,4.971579175038926],[97.45710488028607,4.966325324853926],[97.45829460960863,4.96630628890415],[97.46022673287746,4.962108919990726],[97.46013073564501,4.957965507702056],[97.46873954809172,4.964697892793538],[97.4673561884374,4.96617626941935],[97.4664816678947,4.974668282415337],[97.46171112237045,4.981582694785573],[97.45781631956754,4.98450897990557],[97.45753463301696,4.988664970112325],[97.45485961308071,4.992735893446763],[97.4535396978988,4.9980475079861435],[97.4551450300192,5.003299024430476],[97.45432326190905,5.005762551700457],[97.4525522872583,5.006291362056743],[97.44933052358488,5.004421168801969],[97.44607131483934,5.011429908363652],[97.44616236040468,5.016029844401828],[97.44788750200667,5.017734001223232],[97.44461690964272,5.020456675335367],[97.44394156555086,5.028349109423914],[97.4476363213592,5.031860855893854],[97.44765948609648,5.034581207956421],[97.44188038866906,5.034355025763887],[97.44091427487393,5.038045954057566],[97.4417574117752,5.039231523116371],[97.43956706256995,5.0410922815835875],[97.44599688065159,5.049796122692953],[97.44375958683554,5.051212729384019],[97.44240707572601,5.055648755885443],[97.43962548342938,5.058178882449511],[97.44123781497325,5.061517762135054],[97.43876233481399,5.062517425139106],[97.4394720294107,5.072097184337622],[97.4312829611398,5.076546745635824],[97.43127857784413,5.085391931392564],[97.42927670855329,5.086564132029139],[97.42956761855083,5.087668869123036],[97.42441004258944,5.089643361252172],[97.42326180798614,5.0921994548410225],[97.4263966153116,5.093253981885823],[97.43309114344157,5.09224164923279],[97.43810472175556,5.094204701985461],[97.43853896120413,5.097245824235472],[97.43572564442303,5.103871186406195],[97.4378644543811,5.109336835026966],[97.43539980475725,5.114258929805828],[97.43814364441374,5.114079817229822],[97.43903975228278,5.112091481836444],[97.4428068126843,5.110144789550418],[97.44512852586087,5.110707516938419],[97.44297164042894,5.114032358206828],[97.44440898188907,5.119235312159958],[97.44297406140385,5.124711513425666],[97.44355195765678,5.125952510400111],[97.44583184696222,5.124788891094511],[97.44811612855653,5.125597906817973],[97.45268806959876,5.1293903352957955],[97.45362350661958,5.128765632028319],[97.45578910738146,5.1364951961963925],[97.45441523557474,5.13919820213539],[97.45452043826765,5.153244175378461],[97.44134241242244,5.151950190349055],[97.44027862955517,5.154240301348864],[97.43743617384041,5.153669723778762],[97.43659828268466,5.157126863414078],[97.43375136723188,5.159106792844284],[97.43258749341817,5.158045001076005],[97.43008669824258,5.160743276581002],[97.42046333271668,5.161737058918163],[97.41657353643961,5.163612870237841],[97.41566085856181,5.173585114261641],[97.39847142921315,5.172077221886354],[97.39026322426844,5.176634029137176],[97.3859180904476,5.175058183988028],[97.37719984759497,5.176174798428235],[97.37098879679559,5.178441595403342],[97.36917962883683,5.18539742155383],[97.36415213891013,5.185362900177722],[97.36385987543298,5.1912719937075735],[97.35888522067643,5.191342762258728]]]}},{"type":"Feature","id":197,"properties":{"OBJECTID":197,"KDCBPS":"1111101","WADMKC":"Baktiya Barat","WADMKK":"Aceh Utara","WADMPR":"Aceh","ID_KEC":1111101,"KDPKAB":"11.08","area_km2":77.85},"geometry":{"type":"Polygon","coordinates":[[[97.3273134941225,5.189581298837936],[97.30623293390283,5.1811493020986745],[97.30605783230317,5.178038467101601],[97.30866111242045,5.17191616859634],[97.30650171788005,5.167252844743018],[97.30704622680196,5.164620666710448],[97.30487395756717,5.161916765946046],[97.30631418585108,5.15863593300196],[97.30307335295294,5.157798951960103],[97.30430891262625,5.146412970082565],[97.30247969428251,5.143150321430255],[97.30464545602302,5.141744660387815],[97.30108659137318,5.134477124719581],[97.30542495509764,5.132310853962792],[97.30393144557979,5.130861940026534],[97.30636899773111,5.128719612819907],[97.30798909402154,5.124561887820903],[97.30778391999195,5.120386143106089],[97.3092493832525,5.1208808943378585],[97.31202288344934,5.117753330152141],[97.31534939296017,5.118378099070071],[97.31398354130744,5.117495817378142],[97.31447313043066,5.116485332831871],[97.30816753930054,5.113288009134351],[97.31137487964702,5.108835746272746],[97.31201733463234,5.1029108894260276],[97.31701434743422,5.086306117433423],[97.32068898540842,5.089116341446072],[97.32388103188418,5.089305270122168],[97.32400498724041,5.090890651682287],[97.32609667362266,5.090879810355034],[97.32714744419923,5.093792270197184],[97.33507866424901,5.099195549934734],[97.33449997929068,5.102484917445054],[97.33705837514395,5.1020585182860145],[97.3425069744174,5.106569262261701],[97.34510048340064,5.10127359540013],[97.34532803795867,5.097403259552834],[97.35038524058643,5.095058419410577],[97.35515289209235,5.090905969834694],[97.35378592707895,5.084108058340291],[97.35954475198878,5.081460293257976],[97.36468857461807,5.081009543155915],[97.37316918870715,5.075913712847637],[97.37431437820607,5.065958855416909],[97.37761096007779,5.067990467985737],[97.37719027341245,5.06957737659468],[97.3823014713359,5.071892186575212],[97.38137099137822,5.074270421243],[97.38402654638804,5.076042831211737],[97.38675011172836,5.07595548905465],[97.38682085869573,5.092135520238116],[97.3891580087352,5.092524616417961],[97.38745336627989,5.1023305290307235],[97.38079674277554,5.106296498784445],[97.37732916470924,5.1171360525868295],[97.38246193287199,5.118248340388618],[97.38074527907145,5.126443907160649],[97.38186258958689,5.127313683779505],[97.38134339478188,5.130320582329034],[97.37905526408923,5.135291455436345],[97.37876957555551,5.133514440938768],[97.37699849208678,5.1333108739976865],[97.37580035680111,5.138648476246203],[97.37314301483832,5.137204724418552],[97.37061988679841,5.13904917907638],[97.37135141423641,5.143846125997982],[97.36401978478528,5.152025619187043],[97.3702852472664,5.15545543292194],[97.36837833828974,5.1568339794046665],[97.36576929441748,5.15642991131142],[97.36208733955914,5.159279805318818],[97.36426717658901,5.161055004085199],[97.36640124442198,5.168700921410448],[97.36406738859915,5.1689114625939965],[97.35976425761447,5.172712131559649],[97.35761962544541,5.171372205562875],[97.35347759091815,5.172599113758167],[97.35493848382401,5.174511254091158],[97.35393325761379,5.178041486125721],[97.3521607352298,5.175265823958682],[97.3472745755613,5.176719832554284],[97.34816687570083,5.179420520940312],[97.34502598626034,5.183465604953767],[97.34007670767397,5.1840723667463635],[97.34100469740889,5.1805388683741285],[97.33800430005846,5.179800968340089],[97.33669550859094,5.183629595429522],[97.33154515058828,5.1854837034102275],[97.32818627267841,5.185247766271459],[97.3273134941225,5.189581298837936]]]}},{"type":"Feature","id":198,"properties":{"OBJECTID":198,"KDCBPS":"1111110","WADMKC":"Lhoksukon","WADMKK":"Aceh Utara","WADMPR":"Aceh","ID_KEC":1111110,"KDPKAB":"11.08","area_km2":147.55},"geometry":{"type":"Polygon","coordinates":[[[97.31066104187363,5.109992163807362],[97.30734976867694,5.1144938983747465],[97.29967715587611,5.109879469761779],[97.29169204305339,5.106978058090931],[97.29466526558957,5.097661283141747],[97.29785445941582,5.096257742700686],[97.29996658828748,5.0935345074116185],[97.30182225839059,5.087467855357261],[97.30414668032512,5.087784611870404],[97.30468920264462,5.081660744947442],[97.30255840924326,5.079044036153391],[97.30027765658866,5.07902859569316],[97.30154046392136,5.075925467886066],[97.29887149102655,5.074096306199635],[97.3002809642951,5.073523026166754],[97.29920676098328,5.070696216856959],[97.30497811344924,5.069573401591242],[97.30355849582799,5.060718670430333],[97.30612538218071,5.052603038999109],[97.30308316455648,5.046815324267868],[97.30458728337646,5.037696193324734],[97.30114206875152,5.036475172091571],[97.30307152822849,5.035878939561485],[97.30380297922414,5.024252082367752],[97.31194076275608,5.024911032718023],[97.31165033299652,5.023065039320159],[97.31472534979514,5.023328638705777],[97.31778729674642,5.020404083881431],[97.3116665153974,5.007343944767285],[97.30660998456318,5.007155665401683],[97.30671998783725,5.006027669141645],[97.30861219020045,5.003127975175971],[97.31551262620678,5.003194599651124],[97.3158693099208,4.993601447748688],[97.32270926562018,4.995571240920071],[97.32300349231735,4.998247261801737],[97.3295424835988,4.998191583874529],[97.33109587537439,4.996442210939335],[97.33034781030324,4.992668033303119],[97.33150070969003,4.987250485821335],[97.33382414596764,4.984751282445757],[97.33622835305613,4.977435867771135],[97.34242919744958,4.966472909896936],[97.35097597825887,4.956112602114956],[97.34983132655452,4.954401141899211],[97.35030685477756,4.952604984432526],[97.35673187137883,4.953880994712165],[97.35548003757373,4.954994803267596],[97.35706451981179,4.956622132805251],[97.3548425333563,4.961679030562834],[97.35588334663919,4.9651656113039735],[97.352903193028,4.9647157578260135],[97.35172722962801,4.970019550961581],[97.3485634992062,4.971270195862871],[97.34990379122706,4.973038486936673],[97.34860118889384,4.9746861501457715],[97.35309441677396,4.975978398584289],[97.35318867741557,4.977020927773651],[97.35681753360234,4.9766714062604365],[97.36069183276192,4.971281848378624],[97.36359246382119,4.969952386893169],[97.36813981560005,4.9634155099179225],[97.3684118686129,4.960861000934472],[97.37000188527884,4.9600718494363605],[97.37206553439694,4.960575806128588],[97.37428001960728,4.966350697426776],[97.3737203067468,4.967748902190124],[97.37892574372813,4.96750111918135],[97.38347803908027,4.972832008890123],[97.3884355185844,4.973307424697964],[97.39048290436261,4.976209074689109],[97.39470311695533,4.9784134065535],[97.40197553774095,4.977723697590648],[97.40351569958995,4.972428671945693],[97.40637663817137,4.971728724201284],[97.40829136225665,4.969084884659765],[97.42381356544377,4.964154882142168],[97.42841825260035,4.956665177056323],[97.44256415041525,4.960623983709922],[97.439616881414,4.970268677557499],[97.44448044921342,4.971734945711205],[97.442127493589,4.976708786581298],[97.4379170197547,4.981560797193083],[97.43253182538348,4.982734768594753],[97.43465736404619,4.987869792257129],[97.43117122936877,4.993067995991282],[97.42940090133061,4.999089535353846],[97.42033663532754,5.003010904129951],[97.41651814539614,5.003461079565227],[97.41505712568585,5.007783513598326],[97.41199950807089,5.009307413906072],[97.41210480429334,5.014529621444922],[97.40677446407034,5.017637843911416],[97.40717955739075,5.023779819583069],[97.40969617523837,5.024991869179473],[97.40997865768895,5.026571721707626],[97.40782140623298,5.030643570444454],[97.40530205444634,5.031399633186595],[97.4024419180601,5.036585347136111],[97.40332707758262,5.042089039777409],[97.39862585629828,5.044983652573535],[97.4000344985933,5.050494485831905],[97.39887332094708,5.053073820600389],[97.39528509343239,5.0548441414439935],[97.39663757756222,5.058023100985395],[97.39600940201234,5.0609355599281685],[97.39269719262143,5.061064050565506],[97.39115529957746,5.064262046955946],[97.38435004242058,5.06819529577632],[97.3823014713359,5.071892186575212],[97.37719027341245,5.06957737659468],[97.37761096007779,5.067990467985737],[97.37431437820607,5.065958855416909],[97.37316918870715,5.075913712847637],[97.36468857461807,5.081009543155915],[97.35954475198878,5.081460293257976],[97.35378592707895,5.084108058340291],[97.35515289209235,5.090905969834694],[97.35038524058643,5.095058419410577],[97.34532803795867,5.097403259552834],[97.34510048340064,5.10127359540013],[97.3425069744174,5.106569262261701],[97.33705837514395,5.1020585182860145],[97.33449997929068,5.102484917445054],[97.33507866424901,5.099195549934734],[97.32714744419923,5.093792270197184],[97.32609667362266,5.090879810355034],[97.32400498724041,5.090890651682287],[97.32388103188418,5.089305270122168],[97.32068898540842,5.089116341446072],[97.31701434743422,5.086306117433423],[97.31066104187363,5.109992163807362]]]}},{"type":"Feature","id":199,"properties":{"OBJECTID":199,"KDCBPS":"1111120","WADMKC":"Tanah Luas","WADMKK":"Aceh Utara","WADMPR":"Aceh","ID_KEC":1111120,"KDPKAB":"11.08","area_km2":106.17},"geometry":{"type":"Polygon","coordinates":[[[97.3025749693594,5.0874208127203815],[97.3011560100419,5.088253077717411],[97.30041837620718,5.092845437866686],[97.29808416155487,5.095987785108264],[97.29466526558957,5.097661283141747],[97.2942225896009,5.1008038372273745],[97.29078133738886,5.099343370600138],[97.2869097020212,5.09284242513786],[97.27844431255505,5.088874243051919],[97.27727470106669,5.085231046275794],[97.26677191099498,5.090835616770335],[97.26022718833411,5.092746673420265],[97.25838351338848,5.082540117332599],[97.26413123257038,5.080185807329201],[97.26419187025868,5.079031001379633],[97.26280559770021,5.073956302441445],[97.26117642185443,5.07498815577884],[97.26042118558928,5.073475432245459],[97.2566774428098,5.0733302987543425],[97.25754256723576,5.071169973415579],[97.25343085964653,5.069030837003595],[97.25597501203725,5.063438936158036],[97.25565099619655,5.059859480630564],[97.25304537424466,5.059526262027418],[97.24544291575802,5.0507620889992495],[97.23479352630028,5.042936264996683],[97.23582726731462,5.0421050252267605],[97.23171304881822,5.038262169963218],[97.22495893340812,5.027571161679816],[97.21679080764972,5.020263912849373],[97.21738610218694,5.018828577776674],[97.21504189067076,5.015673202056689],[97.19603939570163,5.013005596131393],[97.19647003426473,5.010669211415006],[97.18962952008633,5.0031027905614],[97.18734958941207,5.003170207339224],[97.18727371001376,5.00129530433486],[97.18305180040034,5.00527437811013],[97.17806862276876,5.005515372136756],[97.17067453270357,4.998347716074306],[97.16814754477343,4.999128180121488],[97.1692256790219,5.005238793735373],[97.166070161209,5.006018784739183],[97.16632783855897,5.007443454751694],[97.16433604257435,5.008873791392432],[97.16187563505258,5.008493447414708],[97.15533388555042,5.015235477735132],[97.15398814543664,5.013981531422587],[97.1535617462776,5.009572865895109],[97.15455921673453,5.009214995076036],[97.15559475729225,5.0107987623530335],[97.15815030499266,5.007311418087511],[97.15655273042421,5.00621116231531],[97.15462822171514,5.006955458327809],[97.15477649204155,5.004241306191375],[97.15129830737106,5.002770330086719],[97.14818223382309,5.003369430554812],[97.14760060358503,5.001477777677337],[97.14586508740393,5.00153184132148],[97.14443506642522,4.995298313766227],[97.14255440955839,4.9948444538085255],[97.13977720325539,4.996741231023066],[97.14014843440276,4.994207864201599],[97.14362492744851,4.9914824057884175],[97.14058454803853,4.989808788145126],[97.14072250763769,4.986639172559819],[97.1350808535986,4.983879109133625],[97.12981734109746,4.992767031573294],[97.12932113566194,4.988545458306305],[97.12338870022842,4.988618928420863],[97.12085379196901,4.982921139598943],[97.11595583229587,4.981180987412699],[97.11434082257097,4.977770534282797],[97.11218019865731,4.976440665404425],[97.10499852396276,4.976334236935543],[97.1031078423531,4.979437659720247],[97.10134517743802,4.978807038014452],[97.1013705644001,4.9767478432384],[97.09745496387552,4.977826503590336],[97.09530308407011,4.973091331999399],[97.09398773474624,4.975223290022882],[97.09347774540169,4.973999200302899],[97.09223160340582,4.974546433271314],[97.09349885159077,4.970260760825511],[97.09200204785628,4.9701715462798575],[97.09111497007984,4.971648420138536],[97.08827007180645,4.968827281054246],[97.08615380065743,4.969619558595809],[97.08747764227945,4.968364961174075],[97.0868133265738,4.964190418852809],[97.08464218329021,4.964804233128916],[97.08180331676971,4.958096787137038],[97.08392893007613,4.958346528869242],[97.0900206678196,4.9549369300953],[97.08996744144434,4.953144042563565],[97.09937621344153,4.948869150291102],[97.1082438984372,4.949688597250997],[97.1107564477519,4.951599289675528],[97.11633759540376,4.951289248400144],[97.11905185455947,4.953853990769119],[97.12156111055685,4.953318387833406],[97.12300893541408,4.9501396594178],[97.12572136265084,4.949512384089303],[97.12900558064308,4.945489125722645],[97.13360140228292,4.944501230347555],[97.1329769193494,4.941881093337827],[97.13504561456352,4.939060992071177],[97.13356996288354,4.937634715869478],[97.14166726523217,4.934450574434493],[97.14304253728335,4.935457415827102],[97.14392638739292,4.934250259441967],[97.14552198884877,4.936183771264098],[97.14731795026324,4.9339634170780755],[97.14887595286297,4.934682392678326],[97.1495831086736,4.936981130874528],[97.1561060479558,4.938414380419374],[97.1570765990059,4.943259610142945],[97.16135637279842,4.942687201553156],[97.163302438257,4.953106942831198],[97.16848357375801,4.954655652736221],[97.16926144775766,4.958137326776239],[97.17384808372213,4.95569415026489],[97.17957906831941,4.956297305776104],[97.18074657989081,4.958312849258618],[97.18381417638318,4.959570927056689],[97.18526037706482,4.962543019145073],[97.18996021069523,4.961523231112267],[97.19263943676066,4.9632062475703265],[97.19462778294587,4.9677747559003365],[97.19743621281106,4.970149634298252],[97.20602330303308,4.968545008145668],[97.20634710843234,4.972727809840592],[97.20955989057654,4.9751694332227885],[97.2137398324274,4.973894565082162],[97.21737739944751,4.974507982757245],[97.21728392930993,4.976246848912979],[97.21477795044211,4.977000221782873],[97.21496629725686,4.978855126562905],[97.22474328857197,4.980553275912996],[97.22402523477683,4.9827255649329345],[97.22063494444717,4.982868987014172],[97.22049268159202,4.983949068294919],[97.22291188127838,4.986707098353975],[97.22779986027541,4.985905674707169],[97.22928315709208,4.988034155052276],[97.22683227429008,4.990717131290637],[97.22460160577953,4.9875452772927815],[97.22196947720965,4.989044355412716],[97.22323059741422,4.993514705439338],[97.22197474543822,4.994681016415825],[97.22375727008199,4.9973442849108665],[97.2214899793791,4.9980047829943715],[97.22196198495772,5.003222523600641],[97.2259980253886,5.002968749308366],[97.22651843337906,5.001957798913338],[97.2278433505902,5.004048789220292],[97.22555340686432,5.004781794244479],[97.2252107642654,5.007113665263489],[97.23107493575975,5.0067043244450815],[97.23456306063679,5.013441534399362],[97.2366117135598,5.014340214329479],[97.23642178573687,5.023354754118657],[97.2407207726456,5.025836650041413],[97.23863888977303,5.027733695253858],[97.24166337456512,5.0288444632014375],[97.24212594355748,5.031731225815463],[97.24395239468731,5.031168839270549],[97.24433598701626,5.034069759911517],[97.2467720795679,5.034759328580208],[97.24793325541549,5.032741545785768],[97.2471227153411,5.031066785104088],[97.25090558402553,5.035170307963369],[97.25290242700544,5.0333447867325845],[97.25177844441976,5.031957327069051],[97.25416284483947,5.032555276404935],[97.25571247565028,5.035742521400266],[97.25743953640551,5.035756282826242],[97.25707936422134,5.039600707406748],[97.26039062302891,5.039370216562304],[97.26053721881766,5.0423015612680615],[97.2635632180681,5.039706298606859],[97.26714725024544,5.042454663651881],[97.27290635304581,5.038333630093007],[97.28702621278956,5.042549241754159],[97.28945611980413,5.048331731424298],[97.28907038978673,5.051726996803495],[97.29133973364185,5.0513296907126914],[97.29403323644476,5.059527761197273],[97.29434385058829,5.0612249401788745],[97.29313085760305,5.061317849139471],[97.29598932394822,5.07099144899621],[97.29703262205794,5.073066344136521],[97.30154046392136,5.075925467886066],[97.30027765658866,5.07902859569316],[97.30255840924326,5.079044036153391],[97.30468920264462,5.081660744947442],[97.30408957337517,5.087989245407414],[97.3025749693594,5.0874208127203815]]]}},{"type":"Feature","id":200,"properties":{"OBJECTID":200,"KDCBPS":"1111121","WADMKC":"Nibong","WADMKK":"Aceh Utara","WADMPR":"Aceh","ID_KEC":1111121,"KDPKAB":"11.08","area_km2":17.5},"geometry":{"type":"Polygon","coordinates":[[[97.26419187025868,5.079031001379633],[97.26413123257038,5.080185807329201],[97.25838351338848,5.082540117332599],[97.25264714185215,5.0838535636910365],[97.25026345999072,5.083226023062537],[97.2466692753668,5.080969217555378],[97.24990264658993,5.074585432172],[97.24802321729771,5.071181482939153],[97.24621307537319,5.071300259099701],[97.24497145336994,5.069893201410139],[97.24257632673613,5.070936934791746],[97.24384597341299,5.073623784410188],[97.24299174157568,5.076922128053809],[97.23914006486217,5.077232457112245],[97.2387476483853,5.075836452090641],[97.23665660501837,5.076942183834774],[97.2346221658803,5.076406804830242],[97.23516674225141,5.07242750982175],[97.23319316203487,5.071216980978932],[97.23236451321179,5.068649840118098],[97.23602293640943,5.065663616083043],[97.2320182040769,5.063138363844473],[97.23193134755371,5.060421604573435],[97.2346497094166,5.061512579342093],[97.2361892354449,5.060752537999292],[97.23424130029582,5.057293531371442],[97.22988705004735,5.053669729374576],[97.22998577582297,5.0502787087954175],[97.22581376059662,5.044310555887478],[97.22408270325423,5.044245120316077],[97.22114848071789,5.036847080428458],[97.21789265342329,5.0378148219965055],[97.21531902755112,5.035907445372345],[97.21461090137205,5.033364277739281],[97.21634314941684,5.029115512570911],[97.2143900872328,5.029949275838476],[97.21348398879513,5.027524128935454],[97.21028218557444,5.027371844035429],[97.2109429777363,5.024918269562534],[97.20771858894176,5.024824781438554],[97.20637986983519,5.0226205350097075],[97.2039052224481,5.0266980575693765],[97.19931773662432,5.0260238448246355],[97.19894654055048,5.023859486026481],[97.19240778129415,5.021026975914253],[97.19128277258193,5.016709683305294],[97.18864442609947,5.016035818598198],[97.18893444666742,5.0197095239753935],[97.18744204961098,5.017291993430774],[97.17588347434292,5.013838879160971],[97.17390376164934,5.010945456167917],[97.17327168663911,5.001423639389486],[97.17806862276876,5.005515372136756],[97.18305180040034,5.00527437811013],[97.18727371001376,5.00129530433486],[97.18734958941207,5.003170207339224],[97.18962952008633,5.0031027905614],[97.19647003426473,5.010669211415006],[97.19603939570163,5.013005596131393],[97.21504189067076,5.015673202056689],[97.21738610218694,5.018828577776674],[97.21679080764972,5.020263912849373],[97.22495893340812,5.027571161679816],[97.23171304881822,5.038262169963218],[97.23582726731462,5.0421050252267605],[97.23479352630028,5.042936264996683],[97.24544291575802,5.0507620889992495],[97.25304537424466,5.059526262027418],[97.25565099619655,5.059859480630564],[97.25597501203725,5.063438936158036],[97.25343085964653,5.069030837003595],[97.25754256723576,5.071169973415579],[97.2566774428098,5.0733302987543425],[97.26042118558928,5.073475432245459],[97.26117642185443,5.07498815577884],[97.26280559770021,5.073956302441445],[97.26419187025868,5.079031001379633]]]}},{"type":"Feature","id":201,"properties":{"OBJECTID":201,"KDCBPS":"1111130","WADMKC":"Samudera","WADMKK":"Aceh Utara","WADMPR":"Aceh","ID_KEC":1111130,"KDPKAB":"11.08","area_km2":31.6},"geometry":{"type":"Polygon","coordinates":[[[97.26520203464622,5.1664800438190355],[97.24974933196614,5.157802822642225],[97.24033490413257,5.154074016702566],[97.23348119420183,5.153953065081964],[97.22751619521631,5.1507646095990935],[97.2266086929369,5.1513831821881695],[97.22698183964025,5.155500426003925],[97.22730360987373,5.152964107607545],[97.21478266288966,5.1464220037725],[97.1983354602134,5.14116423344268],[97.19299591093261,5.135494669843183],[97.19295783993243,5.133296047774422],[97.19896781671144,5.131698164738566],[97.19829139163448,5.125000011441443],[97.19989523177958,5.124093489423046],[97.19891973265959,5.120358438591097],[97.19990009441386,5.117773871566953],[97.20147705022572,5.118103026133781],[97.20164975872945,5.112364524103555],[97.20319701263207,5.112285515064514],[97.20288548028077,5.111099005314884],[97.20904613577062,5.110623749586409],[97.20901934406754,5.107368112048789],[97.21087359504043,5.10429595869158],[97.21694056725346,5.102292315038369],[97.2165897965819,5.098032813763382],[97.22266218361295,5.095796120694445],[97.22491744858144,5.096148368952129],[97.22637367940183,5.094654067131557],[97.22698282259927,5.091008731767602],[97.22562892743309,5.088374944847885],[97.22692525969302,5.084785765850484],[97.22380768337797,5.072059863372033],[97.22851562439661,5.07147216900546],[97.22543090661111,5.056783263237037],[97.2210743442057,5.045101976375179],[97.22208428825934,5.044179370881295],[97.22581376059662,5.044310555887478],[97.22998577582297,5.0502787087954175],[97.22988705004735,5.053669729374576],[97.23424130029582,5.057293531371442],[97.2361892354449,5.060752537999292],[97.2346497094166,5.061512579342093],[97.23193134755371,5.060421604573435],[97.2320182040769,5.063138363844473],[97.23602293640943,5.065663616083043],[97.23247607680958,5.068227918683533],[97.23249240939725,5.0696194711617295],[97.23516674225141,5.07242750982175],[97.23432040826032,5.076146378252815],[97.23910170787758,5.076554728018323],[97.23842857971522,5.079573134292787],[97.2330773050736,5.080616271423821],[97.23330092239974,5.081787695945479],[97.23702187186194,5.082781222875155],[97.23946312742146,5.085387376326423],[97.2371051355936,5.086923671989894],[97.2370033943912,5.097305025706419],[97.23118232020795,5.099485843896616],[97.2307597764426,5.103587229966763],[97.22930835159923,5.105086939410796],[97.2297692847248,5.106962135594131],[97.22780270573037,5.108334296890348],[97.22735844063959,5.113437573585202],[97.22969043036915,5.11843909378922],[97.23690499596887,5.120011074551485],[97.23558650891033,5.123518644569856],[97.24290371593378,5.126412671907303],[97.2433719938225,5.127882227083148],[97.23883571629534,5.136351844262265],[97.25062232635935,5.144085779135423],[97.25832108964664,5.1474098029200945],[97.26160240372803,5.150873541780584],[97.2632724285798,5.15034240757609],[97.26705128179128,5.156376594104586],[97.26812895468754,5.164193703676517],[97.26789091133656,5.165822248198253],[97.26520203464622,5.1664800438190355]]]}},{"type":"Feature","id":202,"properties":{"OBJECTID":202,"KDCBPS":"1111140","WADMKC":"Syamtalira Aron","WADMKK":"Aceh Utara","WADMPR":"Aceh","ID_KEC":1111140,"KDPKAB":"11.08","area_km2":24.62},"geometry":{"type":"Polygon","coordinates":[[[97.27260695884411,5.124182711163257],[97.26970468742144,5.130516124619476],[97.26038556524168,5.124424704336661],[97.25760922138852,5.124122920636353],[97.25456705772359,5.130435625403834],[97.24339640771808,5.124140314424039],[97.2443234936344,5.121220385712263],[97.24408033943615,5.117714194354619],[97.2430712893086,5.117718716145873],[97.24338227577147,5.110971711675177],[97.24156801764997,5.109741154031099],[97.23982343180597,5.109553016758355],[97.2369832315909,5.120028123898862],[97.22969043036915,5.11843909378922],[97.22735844063959,5.113437573585202],[97.22780270573037,5.108334296890348],[97.2297692847248,5.106962135594131],[97.22930835159923,5.105086939410796],[97.2307597764426,5.103587229966763],[97.23129305642948,5.099326554177196],[97.2370033943912,5.097305025706419],[97.2371051355936,5.086923671989894],[97.23946312742146,5.085387376326423],[97.23702187186194,5.082781222875155],[97.23330092239974,5.081787695945479],[97.2330773050736,5.080616271423821],[97.23842857971522,5.079573134292787],[97.23914006486217,5.077232457112245],[97.24299174157568,5.076922128053809],[97.24384597341299,5.073623784410188],[97.24257632673613,5.070936934791746],[97.24497145336994,5.069893201410139],[97.24621307537319,5.071300259099701],[97.24736497561321,5.070769760715905],[97.24990264658993,5.074585432172],[97.2466692753668,5.080969217555378],[97.2481847373358,5.082210612030167],[97.25264714185215,5.0838535636910365],[97.25838351338848,5.082540117332599],[97.26022718833411,5.092746673420265],[97.26677191099498,5.090835616770335],[97.27727470106669,5.085231046275794],[97.27844431255505,5.088874243051919],[97.2869097020212,5.09284242513786],[97.28570786872325,5.09842330119443],[97.2870815867459,5.101949785754073],[97.28451873295325,5.1077119021825865],[97.2807149496353,5.1104451972880724],[97.27750508399248,5.117183361423031],[97.28057436491508,5.118530499982626],[97.28003749303593,5.12075317172156],[97.27741113001969,5.125340933637233],[97.27359422559311,5.123006102949319],[97.27260695884411,5.124182711163257]]]}},{"type":"Feature","id":203,"properties":{"OBJECTID":203,"KDCBPS":"1111150","WADMKC":"Tanah Pasir","WADMKK":"Aceh Utara","WADMPR":"Aceh","ID_KEC":1111150,"KDPKAB":"11.08","area_km2":14.61},"geometry":{"type":"Polygon","coordinates":[[[97.26955501235398,5.166181473396307],[97.26828983620703,5.168210697365851],[97.26499524093765,5.166819054056134],[97.26572443283635,5.165623643716231],[97.26789091133656,5.165822248198253],[97.26812895468754,5.164193703676517],[97.26705128179128,5.156376594104586],[97.2632724285798,5.15034240757609],[97.26160240372803,5.150873541780584],[97.25832108964664,5.1474098029200945],[97.25062232635935,5.144085779135423],[97.23883571629534,5.136351844262265],[97.2433719938225,5.127882227083148],[97.24290371593378,5.126412671907303],[97.23558650891033,5.123518644569856],[97.23982343180597,5.109553016758355],[97.24156801764997,5.109741154031099],[97.24338227577147,5.110971711675177],[97.2430712893086,5.117718716145873],[97.24408033943615,5.117714194354619],[97.2443234936344,5.121220385712263],[97.24339640771808,5.124140314424039],[97.25456705772359,5.130435625403834],[97.25760922138852,5.124122920636353],[97.26038556524168,5.124424704336661],[97.26970468742144,5.130516124619476],[97.27327737195321,5.123291574746418],[97.27741113001969,5.125340933637233],[97.28003749303593,5.12075317172156],[97.28057436491508,5.118530499982626],[97.27750508399248,5.117183361423031],[97.2807149496353,5.1104451972880724],[97.28451873295325,5.1077119021825865],[97.2870815867459,5.101949785754073],[97.28570786872325,5.09842330119443],[97.2869097020212,5.09284242513786],[97.29078133738886,5.099343370600138],[97.2942225896009,5.1008038372273745],[97.2876857126256,5.115616691157413],[97.28396294743214,5.119694702948209],[97.28510998683646,5.120931561242628],[97.28845318056989,5.119896706867564],[97.28920682233706,5.120698780724183],[97.28703504503136,5.124819036369502],[97.28397288044414,5.1247192475952374],[97.2812575573904,5.131685992414646],[97.27932670306495,5.128753198001732],[97.27787437620157,5.129297660158954],[97.28121355536138,5.136056157066037],[97.27679807926802,5.133841278852003],[97.2736342184445,5.135857932997283],[97.27617255042293,5.137269779576741],[97.27728679425019,5.139558940892471],[97.27554706744326,5.145736800413033],[97.27795152544263,5.145328626015328],[97.28163131923003,5.140623770570585],[97.2822631936915,5.1451252884014025],[97.28495965166667,5.1442379633114115],[97.27870139005717,5.155749522922179],[97.27733894143904,5.1548290775999135],[97.27702453485443,5.151108503154944],[97.27208518028692,5.152494596748284],[97.27360668300207,5.155519261404834],[97.2725595645723,5.157969168442435],[97.27110778629537,5.15703265043652],[97.27069065285139,5.15225513336776],[97.26788404681139,5.152576379296534],[97.26800099465027,5.156588600283726],[97.27139159344733,5.163516015052096],[97.26955501235398,5.166181473396307]]]}},{"type":"Feature","id":204,"properties":{"OBJECTID":204,"KDCBPS":"1111151","WADMKC":"Lapang","WADMKK":"Aceh Utara","WADMPR":"Aceh","ID_KEC":1111151,"KDPKAB":"11.08","area_km2":21.33},"geometry":{"type":"Polygon","coordinates":[[[97.30523726568731,5.18201039666252],[97.3044583961381,5.18306413680051],[97.30528410957407,5.181760202571354],[97.30422647357295,5.180776298387514],[97.29038447016723,5.172876720084616],[97.28139858907366,5.16957945382876],[97.27629706425819,5.1695254702243005],[97.2712369307398,5.166245849566337],[97.27123184507366,5.1627550590987425],[97.26787932087404,5.155939096412226],[97.26788404681139,5.152576379296534],[97.27055363034583,5.152112822848551],[97.27110778629537,5.15703265043652],[97.27290649783669,5.157840774032536],[97.27350666130343,5.154811051588808],[97.27208518028692,5.152494596748284],[97.27702453485443,5.151108503154944],[97.27733894143904,5.1548290775999135],[97.27870139005717,5.155749522922179],[97.28481021941616,5.144725085594246],[97.28415101905432,5.143740341443674],[97.28195728300227,5.144780015285505],[97.28163131923003,5.140623770570585],[97.27795152544263,5.145328626015328],[97.27554706744326,5.145736800413033],[97.27728679425019,5.139558940892471],[97.27364415325513,5.13577683303447],[97.27679807926802,5.133841278852003],[97.28129025224342,5.135937355724423],[97.27787437620157,5.129297660158954],[97.27932670306495,5.128753198001732],[97.2812575573904,5.131685992414646],[97.28397288044414,5.1247192475952374],[97.2873820664293,5.124328118947574],[97.28920126542613,5.12015093621676],[97.28510998683646,5.120931561242628],[97.28396294743214,5.119694702948209],[97.2876857126256,5.115616691157413],[97.28845557456515,5.112024273701309],[97.29169204305339,5.106978058090931],[97.29967715587611,5.109879469761779],[97.30734976867694,5.1144938983747465],[97.30816753930054,5.113288009134351],[97.31015051563384,5.114167688188331],[97.31447313043066,5.116485332831871],[97.31398354130744,5.117495817378142],[97.31534939296017,5.118378099070071],[97.31202288344934,5.117753330152141],[97.3092493832525,5.1208808943378585],[97.30778391999195,5.120386143106089],[97.30798909402154,5.124561887820903],[97.30636899773111,5.128719612819907],[97.30393144557979,5.130861940026534],[97.30542495509764,5.132310853962792],[97.30108659137318,5.134477124719581],[97.30464545602302,5.141744660387815],[97.30247969428251,5.143150321430255],[97.30430891262625,5.146412970082565],[97.3030911118654,5.157914040900323],[97.30631418585108,5.15863593300196],[97.30487395756717,5.161916765946046],[97.30704622680196,5.164620666710448],[97.30650171788005,5.167252844743018],[97.3086925257395,5.172195174267927],[97.30523726568731,5.18201039666252]]]}},{"type":"Feature","id":205,"properties":{"OBJECTID":205,"KDCBPS":"1111160","WADMKC":"Muara Batu","WADMKK":"Aceh Utara","WADMPR":"Aceh","ID_KEC":1111160,"KDPKAB":"11.08","area_km2":27.3},"geometry":{"type":"Polygon","coordinates":[[[96.97707650817438,5.2626645664166745],[96.95416431942783,5.260289319296703],[96.9157817410346,5.250700193659043],[96.91276255684659,5.25079607487902],[96.91290329984747,5.25400190076715],[96.91271478935613,5.250809788640879],[96.90978456160832,5.252065328552135],[96.91247872541288,5.255101838179314],[96.90939717593898,5.251351631072964],[96.90543748705045,5.250484768257479],[96.91223025891935,5.248498226112304],[96.91320021102098,5.247018690260404],[96.91224842522473,5.24583086300396],[96.9068683300095,5.246155368075847],[96.90620134061942,5.244603889158213],[96.90642976841912,5.242805018436911],[96.91030010786375,5.242478130161601],[96.90843993755311,5.2355409973192195],[96.91160957022555,5.235284118567279],[96.91394590278122,5.230297718664815],[96.91454660584122,5.231564402974868],[96.91808267357658,5.231588768307063],[96.92098584701927,5.2287262712005145],[96.92211964660447,5.230634598408017],[96.92150928482567,5.231929666221163],[96.92983736220458,5.231671524821081],[96.93094358228058,5.228789105932549],[96.92826348027546,5.226864144864464],[96.93319269138965,5.221896742240915],[96.9377447825957,5.222313321702472],[96.93632597796159,5.219184206186242],[96.93705892003317,5.216844037122655],[96.94125364943642,5.2195356297655735],[96.94230483460052,5.216489698840576],[96.94803694964554,5.219774180334184],[96.95072904321086,5.220359063420062],[96.95302992089421,5.219336809446247],[96.95261726607401,5.221392731589333],[96.95527274374217,5.224636414439033],[96.96210790065913,5.227759076420284],[96.96444261623384,5.231114209553198],[96.96599410594331,5.2299282052225635],[96.97437286461604,5.2304675934047395],[96.97541300160879,5.231898766414986],[96.98587746257488,5.232679002034388],[96.98600623470003,5.229477095391701],[96.98685763996815,5.229587685923036],[96.98858099281864,5.232831840916788],[96.99186497608781,5.232951839256032],[96.99525369799983,5.2405313731244405],[96.99162936630228,5.2423052399948915],[96.99146632820856,5.2454604673267795],[96.99027088009711,5.246188319235614],[96.98886304988991,5.242477891841304],[96.98714081129947,5.242800093749395],[96.98737028770864,5.244376818435455],[96.98131648606704,5.2453720549764284],[96.98175386325028,5.248628534279476],[96.97622227723639,5.246742905061069],[96.97311221475695,5.247664897217305],[96.9701280088006,5.249817886786104],[96.96942821034366,5.25291598378567],[96.96688808871437,5.254518027984659],[96.97092023058423,5.255747834694887],[96.97233458177561,5.2540974402447205],[96.97426860800994,5.254881708424136],[96.97630733061885,5.260449650431099],[96.97818613578158,5.262147895109308],[96.97707650817438,5.2626645664166745]]]}},{"type":"Feature","id":206,"properties":{"OBJECTID":206,"KDCBPS":"1111170","WADMKC":"Dewantara","WADMKK":"Aceh Utara","WADMPR":"Aceh","ID_KEC":1111170,"KDPKAB":"11.08","area_km2":28.76},"geometry":{"type":"Polygon","coordinates":[[[96.97918327618731,5.261910090078629],[96.97652243406316,5.260796098061519],[96.97426860800994,5.254881708424136],[96.97233458177561,5.2540974402447205],[96.97092023058423,5.255747834694887],[96.966913217571,5.254638053303552],[96.96719113686152,5.2538022854471365],[96.96942821034366,5.25291598378567],[96.9701280088006,5.249817886786104],[96.9727713096483,5.2478087770534785],[96.97622227723639,5.246742905061069],[96.98175386325028,5.248628534279476],[96.98131648606704,5.2453720549764284],[96.98737028770864,5.244376818435455],[96.98714081129947,5.242800093749395],[96.98886304988991,5.242477891841304],[96.99027088009711,5.246188319235614],[96.99148546308373,5.245414745793937],[96.99162936630228,5.2423052399948915],[96.99525369799983,5.2405313731244405],[96.99186497608781,5.232951839256032],[96.98858099281864,5.232831840916788],[96.98685763996815,5.229587685923036],[96.98561415007305,5.229629852435778],[96.98471342238662,5.226205331211133],[96.99063003155078,5.222298572820932],[96.99303166657819,5.217050280446131],[96.99673012399609,5.219348789315234],[96.99766506369178,5.215321947150187],[96.999759034352,5.215161043147646],[97.00151317459341,5.212220346391916],[97.0009725606352,5.210880233336127],[97.0033482133494,5.210697491995688],[97.00317113593923,5.205691791742822],[97.00537282379685,5.203004475376304],[97.0097973407747,5.205046281760531],[97.0122956781031,5.212205709026307],[97.01558885244367,5.211939210226433],[97.01846606066022,5.213560334441922],[97.02622915425212,5.208961384060672],[97.02765273608497,5.210545040721115],[97.03677898696071,5.213235203441911],[97.03875763665565,5.215986539846995],[97.03490396794382,5.219340031717138],[97.03781617597582,5.223617567097108],[97.03672354555522,5.2292004594336845],[97.0400129112669,5.232307083804926],[97.04603128861316,5.24257157601744],[97.03600972396964,5.246871214035366],[97.03651159693271,5.249422540318051],[97.03495890662828,5.246555051074779],[97.04037799374947,5.244002067341569],[97.0381494458403,5.2408622462957055],[97.04111491981774,5.24015668228509],[97.04037556737859,5.237931326069884],[97.03886450759103,5.237707296854296],[97.0329926307054,5.239633343404137],[97.03341020391781,5.241518627282858],[97.02874695380893,5.244318118786225],[97.02983930723832,5.247764254316905],[97.03261800911389,5.246867536707498],[97.03303257679204,5.250468641614589],[97.02452180573681,5.252344729026049],[97.02264209405746,5.254058865624188],[97.02191864522933,5.253399293842392],[97.0219499398379,5.254425774629851],[96.99614802880853,5.260095769903899],[96.97918327618731,5.261910090078629]]]}}]}