{
  "type": "FeatureCollection",
  "name": "Sungai Aceh Utara",
  "features": [
    {
      "type": "Feature",
      "id": "way/51208276",
      "properties": {
        "id": 51208276,
        "name": "Krueng Pase",
        "waterway": "river",
        "source": "OpenStreetMap (ODbL)"
      },
      "geometry": {
        "type": "LineString",
        "coordinates": [
          [
            97.235302,
            5.0799679
          ],
          [
            97.2349023,
            5.0802339
          ],
          [
            97.2344301,
            5.0803375
          ],
          [
            97.2335945,
            5.0802203
          ],
          [
            97.2331938,
            5.0806633
          ],
          [
            97.2331552,
            5.0812326
          ],
          [
            97.2334333,
            5.0817928
          ],
          [
            97.2339287,
            5.0821186
          ],
          [
            97.2349858,
            5.0826229
          ],
          [
            97.2359886,
            5.0828026
          ],
          [
            97.2370522,
            5.0828298
          ],
          [
            97.2378497,
            5.0835316
          ],
          [
            97.2386673,
            5.0843626
          ],
          [
            97.2394756,
            5.08512
          ],
          [
            97.2393769,
            5.0857706
          ],
          [
            97.2388257,
            5.0860426
          ],
          [
            97.2370082,
            5.0869166
          ],
          [
            97.2371318,
            5.08935
          ],
          [
            97.2371731,
            5.0917461
          ],
          [
            97.2369894,
            5.0940764
          ],
          [
            97.2373285,
            5.0957679
          ],
          [
            97.2370884,
            5.0970268
          ],
          [
            97.2369529,
            5.0974594
          ],
          [
            97.2367941,
            5.0976408
          ],
          [
            97.2365466,
            5.0977525
          ],
          [
            97.2346133,
            5.0979292
          ],
          [
            97.2341976,
            5.098013
          ],
          [
            97.2339034,
            5.0981711
          ],
          [
            97.2336559,
            5.0984642
          ],
          [
            97.2333337,
            5.0990735
          ],
          [
            97.2331235,
            5.0992224
          ],
          [
            97.2329181,
            5.0993107
          ],
          [
            97.2326986,
            5.0993014
          ],
          [
            97.2319374,
            5.0991107
          ],
          [
            97.2316525,
            5.0991154
          ],
          [
            97.2314143,
            5.0992363
          ],
          [
            97.2312415,
            5.0994503
          ],
          [
            97.2310921,
            5.0997712
          ],
          [
            97.2309753,
            5.1004085
          ],
          [
            97.2308726,
            5.1009946
          ],
          [
            97.2308072,
            5.1021016
          ],
          [
            97.2309053,
            5.1027994
          ],
          [
            97.2309006,
            5.1032552
          ],
          [
            97.2307652,
            5.1036227
          ],
          [
            97.2305317,
            5.1039855
          ],
          [
            97.2302375,
            5.1042692
          ],
          [
            97.2293175,
            5.1048693
          ],
          [
            97.2292288,
            5.1050646
          ],
          [
            97.2292288,
            5.1052879
          ],
          [
            97.2293081,
            5.1055484
          ],
          [
            97.2294389,
            5.1057996
          ],
          [
            97.2297425,
            5.1062647
          ],
          [
            97.2298452,
            5.106474
          ],
          [
            97.2298685,
            5.1066926
          ],
          [
            97.2296024,
            5.1073159
          ],
          [
            97.2294482,
            5.1074555
          ],
          [
            97.228631,
            5.1080369
          ],
          [
            97.2282294,
            5.1082323
          ],
          [
            97.2279025,
            5.10833
          ],
          [
            97.2275616,
            5.108316
          ],
          [
            97.2273,
            5.1081997
          ],
          [
            97.2271786,
            5.1080416
          ],
          [
            97.2268237,
            5.1067205
          ],
          [
            97.2267023,
            5.1064787
          ],
          [
            97.2264548,
            5.1062275
          ],
          [
            97.2261652,
            5.1060926
          ],
          [
            97.2257263,
            5.1058693
          ],
          [
            97.2254977,
            5.1056456
          ],
          [
            97.2253136,
            5.1053353
          ],
          [
            97.2247332,
            5.1041015
          ],
          [
            97.2246199,
            5.1037631
          ],
          [
            97.2245562,
            5.103333
          ],
          [
            97.2246199,
            5.103044
          ],
          [
            97.224896,
            5.102762
          ],
          [
            97.2257383,
            5.1017961
          ],
          [
            97.2259294,
            5.1014295
          ],
          [
            97.225979,
            5.1011051
          ],
          [
            97.2258941,
            5.1007667
          ],
          [
            97.2255826,
            5.1002802
          ],
          [
            97.2254127,
            5.100104
          ],
          [
            97.2249172,
            5.0996951
          ],
          [
            97.2244288,
            5.0993002
          ],
          [
            97.2238626,
            5.0987362
          ],
          [
            97.2235865,
            5.0985529
          ],
          [
            97.223268,
            5.0985177
          ],
          [
            97.2226663,
            5.098708
          ],
          [
            97.2220646,
            5.0990394
          ],
          [
            97.2216258,
            5.0995752
          ],
          [
            97.2214842,
            5.0998572
          ],
          [
            97.2214488,
            5.1002732
          ],
          [
            97.2214771,
            5.1007033
          ],
          [
            97.2219372,
            5.1018031
          ],
          [
            97.2219585,
            5.1021345
          ],
          [
            97.2218735,
            5.10248
          ],
          [
            97.2217178,
            5.1027479
          ],
          [
            97.2214064,
            5.1031215
          ],
          [
            97.221017,
            5.103333
          ],
          [
            97.2207551,
            5.1033189
          ],
          [
            97.2201959,
            5.1032555
          ],
          [
            97.2197783,
            5.1030863
          ],
          [
            97.219481,
            5.1028959
          ],
          [
            97.2191908,
            5.1026492
          ],
          [
            97.219028,
            5.1023248
          ],
          [
            97.2189077,
            5.1019723
          ],
          [
            97.2187803,
            5.1017256
          ],
          [
            97.2186033,
            5.1015916
          ],
          [
            97.2183626,
            5.1015493
          ],
          [
            97.2180866,
            5.101641
          ],
          [
            97.2171522,
            5.1021768
          ],
          [
            97.2166328,
            5.1023998
          ],
          [
            97.2160782,
            5.1025839
          ],
          [
            97.2154681,
            5.1028355
          ],
          [
            97.2153141,
            5.1029828
          ],
          [
            97.2153634,
            5.1034186
          ],
          [
            97.2152586,
            5.104775
          ],
          [
            97.2152648,
            5.1051494
          ],
          [
            97.2156407,
            5.1067145
          ],
          [
            97.2159611,
            5.1073406
          ],
          [
            97.2163,
            5.1076781
          ],
          [
            97.2164417,
            5.1079236
          ],
          [
            97.2164602,
            5.1081446
          ],
          [
            97.2162815,
            5.1090346
          ],
          [
            97.2163123,
            5.1095808
          ],
          [
            97.2162938,
            5.1098386
          ],
          [
            97.2161275,
            5.110035
          ],
          [
            97.2152463,
            5.1106303
          ],
          [
            97.2146979,
            5.1108513
          ],
          [
            97.2142295,
            5.1109433
          ],
          [
            97.2138537,
            5.1109556
          ],
          [
            97.2132436,
            5.1108697
          ],
          [
            97.2128677,
            5.1109433
          ],
          [
            97.2126582,
            5.1111275
          ],
          [
            97.2125288,
            5.1114282
          ],
          [
            97.2122762,
            5.1124102
          ],
          [
            97.2122823,
            5.1129074
          ],
          [
            97.2126459,
            5.1143129
          ],
          [
            97.2127013,
            5.1146382
          ],
          [
            97.2126767,
            5.1149389
          ],
          [
            97.2124425,
            5.1151967
          ],
          [
            97.2121652,
            5.115301
          ],
          [
            97.2109082,
            5.1153133
          ],
          [
            97.2105508,
            5.1153931
          ],
          [
            97.2101687,
            5.1156202
          ],
          [
            97.2098236,
            5.1158964
          ],
          [
            97.2096634,
            5.1160928
          ],
          [
            97.2095525,
            5.1164242
          ],
          [
            97.2095279,
            5.116952
          ],
          [
            97.209571,
            5.1174185
          ],
          [
            97.2096696,
            5.1179279
          ],
          [
            97.2098976,
            5.1184619
          ],
          [
            97.2102303,
            5.1191186
          ],
          [
            97.2103536,
            5.1194561
          ],
          [
            97.2105939,
            5.1203706
          ],
          [
            97.2107788,
            5.1206836
          ],
          [
            97.2121714,
            5.1221812
          ],
          [
            97.2123932,
            5.1225249
          ],
          [
            97.2124697,
            5.1231024
          ],
          [
            97.2129647,
            5.1266467
          ],
          [
            97.2131702,
            5.1271211
          ],
          [
            97.2134597,
            5.1274839
          ],
          [
            97.2138053,
            5.1277351
          ],
          [
            97.2140295,
            5.127856
          ],
          [
            97.2141789,
            5.1282188
          ],
          [
            97.2141509,
            5.1285258
          ],
          [
            97.2138614,
            5.1295584
          ],
          [
            97.2136092,
            5.1299212
          ],
          [
            97.2129274,
            5.130498
          ],
          [
            97.212367,
            5.1308701
          ],
          [
            97.2121895,
            5.1311678
          ],
          [
            97.2122175,
            5.1315399
          ],
          [
            97.2123763,
            5.1318562
          ],
          [
            97.2126191,
            5.1320236
          ],
          [
            97.2130394,
            5.1321538
          ],
          [
            97.213385,
            5.1324701
          ],
          [
            97.2135625,
            5.132898
          ],
          [
            97.2135998,
            5.1335585
          ],
          [
            97.213796,
            5.1341818
          ],
          [
            97.2141229,
            5.1345074
          ],
          [
            97.2145992,
            5.1346562
          ],
          [
            97.2163178,
            5.1348702
          ],
          [
            97.2172611,
            5.1349539
          ],
          [
            97.217616,
            5.1351027
          ],
          [
            97.2187649,
            5.1363865
          ],
          [
            97.2194373,
            5.136926
          ],
          [
            97.2202593,
            5.1372423
          ],
          [
            97.2215669,
            5.1374656
          ],
          [
            97.2226503,
            5.1378005
          ],
          [
            97.2230893,
            5.138154
          ],
          [
            97.2233975,
            5.1387772
          ],
          [
            97.2235376,
            5.1395121
          ],
          [
            97.2237244,
            5.1401447
          ],
          [
            97.2237244,
            5.1405912
          ],
          [
            97.2223421,
            5.144247
          ],
          [
            97.2220432,
            5.1448052
          ],
          [
            97.2214641,
            5.1456424
          ],
          [
            97.2214081,
            5.1463587
          ],
          [
            97.2217256,
            5.1469912
          ],
          [
            97.2224168,
            5.1474098
          ],
          [
            97.2230986,
            5.1477261
          ],
          [
            97.2242755,
            5.1486843
          ],
          [
            97.2315895,
            5.1548677
          ]
        ]
      }
    },
    {
      "type": "Feature",
      "id": "way/59985125",
      "properties": {
        "id": 59985125,
        "name": "Sungai Tanpa Nama",
        "waterway": "river",
        "source": "OpenStreetMap (ODbL)"
      },
      "geometry": {
        "type": "LineString",
        "coordinates": [
          [
            96.9542384,
            5.0077496
          ],
          [
            96.9547534,
            5.0078779
          ],
          [
            96.9551718,
            5.0079206
          ],
          [
            96.9554079,
            5.0082306
          ],
          [
            96.9555259,
            5.0087115
          ],
          [
            96.9553542,
            5.0089787
          ],
          [
            96.9549251,
            5.0093208
          ],
          [
            96.9546247,
            5.00962
          ],
          [
            96.9537556,
            5.0099086
          ],
          [
            96.953466,
            5.0100368
          ],
          [
            96.9534016,
            5.0102399
          ],
          [
            96.953584,
            5.010443
          ],
          [
            96.954335,
            5.0107209
          ],
          [
            96.9545496,
            5.0108491
          ],
          [
            96.9546676,
            5.0111377
          ],
          [
            96.9546676,
            5.0114156
          ],
          [
            96.9545066,
            5.0116614
          ],
          [
            96.9543779,
            5.0118217
          ],
          [
            96.954453,
            5.0121423
          ],
          [
            96.9543994,
            5.0123561
          ],
          [
            96.954056,
            5.012495
          ],
          [
            96.9535732,
            5.0126554
          ],
          [
            96.9532192,
            5.0124844
          ],
          [
            96.9528759,
            5.0121423
          ],
          [
            96.9525111,
            5.0118645
          ],
          [
            96.9521678,
            5.0119072
          ],
          [
            96.9518888,
            5.0121958
          ],
          [
            96.9518566,
            5.0125485
          ],
          [
            96.9519103,
            5.0128691
          ],
          [
            96.9521356,
            5.0131684
          ],
          [
            96.9528866,
            5.0144295
          ],
          [
            96.9530368,
            5.0149639
          ],
          [
            96.9529081,
            5.0152952
          ],
          [
            96.9526827,
            5.0154876
          ],
          [
            96.9526291,
            5.0157762
          ],
          [
            96.9526506,
            5.0162892
          ],
          [
            96.9525755,
            5.0165564
          ],
          [
            96.9523072,
            5.0167488
          ],
          [
            96.9519103,
            5.0168557
          ],
          [
            96.9515133,
            5.017048
          ],
          [
            96.9512665,
            5.0173259
          ],
          [
            96.9511914,
            5.0176679
          ],
          [
            96.9512129,
            5.0180634
          ],
          [
            96.951524,
            5.0189932
          ],
          [
            96.9515026,
            5.0192069
          ],
          [
            96.9512987,
            5.0193352
          ],
          [
            96.9510627,
            5.0193352
          ],
          [
            96.9504941,
            5.0191963
          ],
          [
            96.9501722,
            5.0192604
          ],
          [
            96.9498074,
            5.0197093
          ],
          [
            96.9495285,
            5.0201902
          ],
          [
            96.9493032,
            5.0207674
          ],
          [
            96.949271,
            5.0213017
          ],
          [
            96.9491959,
            5.0215903
          ],
          [
            96.9489491,
            5.0217827
          ],
          [
            96.9477046,
            5.0224774
          ],
          [
            96.947254,
            5.0228301
          ],
          [
            96.9471359,
            5.0230973
          ],
          [
            96.9472754,
            5.0233965
          ],
          [
            96.9482839,
            5.0244439
          ],
          [
            96.9485049,
            5.0247741
          ],
          [
            96.9486272,
            5.0249569
          ],
          [
            96.9487345,
            5.0254165
          ],
          [
            96.9487023,
            5.0256088
          ],
          [
            96.9483805,
            5.0259081
          ],
          [
            96.9479513,
            5.0263784
          ],
          [
            96.9476295,
            5.0271585
          ],
          [
            96.9468892,
            5.0279815
          ],
          [
            96.9461703,
            5.0294457
          ],
          [
            96.9441533,
            5.0312519
          ],
          [
            96.9436705,
            5.031658
          ],
          [
            96.9430053,
            5.0319145
          ],
          [
            96.9425655,
            5.0318397
          ],
          [
            96.9420076,
            5.0315511
          ],
          [
            96.9415569,
            5.0309099
          ],
          [
            96.9411814,
            5.0308244
          ],
          [
            96.9407094,
            5.0308244
          ],
          [
            96.9397974,
            5.0310702
          ],
          [
            96.9393897,
            5.0309526
          ],
          [
            96.9388855,
            5.0305465
          ],
          [
            96.9381452,
            5.0300228
          ],
          [
            96.9375658,
            5.0298732
          ],
          [
            96.9370723,
            5.0298518
          ],
          [
            96.9366646,
            5.0300976
          ],
          [
            96.9362676,
            5.0305572
          ],
          [
            96.9361067,
            5.0309633
          ],
          [
            96.9361603,
            5.0315297
          ],
          [
            96.9365788,
            5.0328977
          ],
          [
            96.9365895,
            5.0334856
          ],
          [
            96.9365037,
            5.0339237
          ],
          [
            96.9359994,
            5.0346612
          ],
          [
            96.9358063,
            5.0350673
          ],
          [
            96.9357741,
            5.0354307
          ],
          [
            96.9359028,
            5.036104
          ],
          [
            96.9358599,
            5.0363498
          ],
          [
            96.9356024,
            5.0366704
          ],
          [
            96.9354093,
            5.0369803
          ],
          [
            96.9353879,
            5.0376857
          ],
          [
            96.935463,
            5.0378567
          ],
          [
            96.9362462,
            5.0374933
          ],
          [
            96.9366753,
            5.0373758
          ],
          [
            96.9369114,
            5.0375254
          ],
          [
            96.9370723,
            5.0378567
          ],
          [
            96.9373942,
            5.0391926
          ],
          [
            96.9376946,
            5.0393636
          ],
          [
            96.937834,
            5.0396415
          ],
          [
            96.9378019,
            5.0398446
          ],
          [
            96.9376087,
            5.0401117
          ],
          [
            96.9373512,
            5.0403041
          ],
          [
            96.936847,
            5.0404003
          ],
          [
            96.9359779,
            5.0404217
          ],
          [
            96.9355703,
            5.0404965
          ],
          [
            96.9353235,
            5.0406354
          ],
          [
            96.9352055,
            5.0409667
          ],
          [
            96.9352377,
            5.0414156
          ],
          [
            96.9353449,
            5.0420782
          ],
          [
            96.9352698,
            5.0423026
          ],
          [
            96.9349802,
            5.0425271
          ],
          [
            96.9344759,
            5.042837
          ],
          [
            96.9335425,
            5.0431897
          ],
          [
            96.9330812,
            5.0434676
          ],
          [
            96.9329631,
            5.0437989
          ],
          [
            96.9329953,
            5.0440767
          ],
          [
            96.933167,
            5.0443439
          ],
          [
            96.9338966,
            5.0448997
          ],
          [
            96.9339502,
            5.0451668
          ],
          [
            96.9338858,
            5.0453485
          ],
          [
            96.9336605,
            5.0454661
          ],
          [
            96.9333387,
            5.0455302
          ],
          [
            96.9328237,
            5.0455409
          ],
          [
            96.9323087,
            5.0454127
          ],
          [
            96.9318044,
            5.0451668
          ],
          [
            96.9313324,
            5.0450386
          ],
          [
            96.9308388,
            5.04506
          ],
          [
            96.930399,
            5.0451562
          ],
          [
            96.9299805,
            5.0452951
          ],
          [
            96.9296801,
            5.0455195
          ],
          [
            96.9290686,
            5.04646
          ],
          [
            96.9287038,
            5.0468447
          ],
          [
            96.9284034,
            5.0469944
          ],
          [
            96.9281459,
            5.0469944
          ],
          [
            96.9278133,
            5.046802
          ],
          [
            96.9276953,
            5.0465882
          ],
          [
            96.9276953,
            5.0462997
          ],
          [
            96.9279528,
            5.0460432
          ],
          [
            96.9284463,
            5.0451027
          ],
          [
            96.928618,
            5.0445363
          ],
          [
            96.9285965,
            5.0440874
          ],
          [
            96.9285214,
            5.0438309
          ],
          [
            96.9269979,
            5.0427622
          ],
          [
            96.9269228,
            5.0425057
          ],
          [
            96.9270516,
            5.0407744
          ],
          [
            96.9268263,
            5.0399728
          ],
          [
            96.9266009,
            5.0393102
          ],
          [
            96.9265795,
            5.0387651
          ],
          [
            96.9267833,
            5.0383804
          ],
          [
            96.9267512,
            5.0379636
          ],
          [
            96.9265902,
            5.0376323
          ],
          [
            96.9263864,
            5.0371834
          ],
          [
            96.9259894,
            5.0366704
          ],
          [
            96.9256997,
            5.0364032
          ],
          [
            96.9254422,
            5.0365422
          ],
          [
            96.9253779,
            5.0369162
          ],
          [
            96.9254744,
            5.0376643
          ],
          [
            96.9254637,
            5.0380811
          ],
          [
            96.925292,
            5.0382842
          ],
          [
            96.9249702,
            5.0383804
          ],
          [
            96.9244766,
            5.0383376
          ],
          [
            96.9243157,
            5.0384231
          ],
          [
            96.9242942,
            5.0386048
          ],
          [
            96.9244123,
            5.0388293
          ],
          [
            96.9248843,
            5.0392354
          ],
          [
            96.9251633,
            5.0395346
          ],
          [
            96.9252384,
            5.0398873
          ],
          [
            96.9252062,
            5.0401652
          ],
          [
            96.925056,
            5.0404751
          ],
          [
            96.9246805,
            5.0408919
          ],
          [
            96.9241011,
            5.0413515
          ],
          [
            96.9228137,
            5.0422599
          ],
          [
            96.922304,
            5.042976
          ],
          [
            96.9220519,
            5.0434889
          ],
          [
            96.9218803,
            5.0448783
          ],
          [
            96.9216335,
            5.0456531
          ],
          [
            96.9213277,
            5.045915
          ],
          [
            96.921038,
            5.0460111
          ],
          [
            96.9207645,
            5.0459096
          ],
          [
            96.9205284,
            5.0455676
          ],
          [
            96.920448,
            5.0451455
          ],
          [
            96.9205231,
            5.0446592
          ],
          [
            96.9204587,
            5.0432966
          ],
          [
            96.9202924,
            5.0431363
          ],
          [
            96.9200027,
            5.0431095
          ],
          [
            96.9196808,
            5.043163
          ],
          [
            96.9194716,
            5.0433286
          ],
          [
            96.9193053,
            5.0437294
          ],
          [
            96.9191122,
            5.0451188
          ],
          [
            96.9189352,
            5.0457814
          ],
          [
            96.9186938,
            5.0461127
          ],
          [
            96.9184524,
            5.0462837
          ],
          [
            96.9179374,
            5.0464653
          ],
          [
            96.9175941,
            5.046476
          ],
          [
            96.9168753,
            5.0463318
          ],
          [
            96.914767,
            5.0448783
          ],
          [
            96.9142681,
            5.0447661
          ],
          [
            96.9132811,
            5.0448462
          ],
          [
            96.9125301,
            5.0450119
          ],
          [
            96.9120044,
            5.0452791
          ],
          [
            96.9115538,
            5.0455783
          ],
          [
            96.9111407,
            5.0461501
          ],
          [
            96.9108403,
            5.0466844
          ],
          [
            96.9108188,
            5.0471707
          ],
          [
            96.9109315,
            5.0476303
          ],
          [
            96.9108725,
            5.0479883
          ],
          [
            96.9103253,
            5.0489608
          ],
          [
            96.9106096,
            5.0508418
          ],
          [
            96.910395,
            5.051312
          ],
          [
            96.9099552,
            5.0520334
          ],
          [
            96.9093704,
            5.052525
          ],
          [
            96.9087803,
            5.0527708
          ],
          [
            96.9083351,
            5.0527067
          ],
          [
            96.907965,
            5.0524128
          ],
          [
            96.9075465,
            5.0513761
          ],
          [
            96.9072139,
            5.0512372
          ],
          [
            96.9067902,
            5.0512158
          ],
          [
            96.9064737,
            5.0512853
          ],
          [
            96.9055993,
            5.0516273
          ],
          [
            96.9050628,
            5.0519693
          ],
          [
            96.9049341,
            5.0523112
          ],
          [
            96.9049984,
            5.0533906
          ],
          [
            96.9052023,
            5.0538074
          ],
          [
            96.9055456,
            5.0540319
          ],
          [
            96.9059211,
            5.0540105
          ],
          [
            96.9066614,
            5.0537006
          ],
          [
            96.9069511,
            5.0537113
          ],
          [
            96.9071335,
            5.0538716
          ],
          [
            96.9071549,
            5.0541601
          ],
          [
            96.9070047,
            5.0546197
          ],
          [
            96.9066936,
            5.0548868
          ],
          [
            96.9062966,
            5.055122
          ],
          [
            96.9050521,
            5.0553571
          ],
          [
            96.9048053,
            5.0556456
          ],
          [
            96.9046229,
            5.0563296
          ],
          [
            96.9044298,
            5.0566182
          ],
          [
            96.9039685,
            5.0568319
          ],
          [
            96.90355,
            5.056864
          ],
          [
            96.9029707,
            5.056725
          ],
          [
            96.9027454,
            5.0567998
          ],
          [
            96.9026059,
            5.0570029
          ],
          [
            96.9024235,
            5.0576548
          ],
          [
            96.9021446,
            5.0579647
          ],
          [
            96.9017583,
            5.058264
          ],
          [
            96.9013506,
            5.0584991
          ],
          [
            96.9009429,
            5.0587342
          ],
          [
            96.9003314,
            5.0594502
          ],
          [
            96.8994087,
            5.0611495
          ],
          [
            96.8985933,
            5.0622288
          ],
          [
            96.8981964,
            5.0629876
          ],
          [
            96.8980569,
            5.0635968
          ],
          [
            96.8980891,
            5.0639922
          ],
          [
            96.8982715,
            5.0645479
          ],
          [
            96.8983036,
            5.0649433
          ],
          [
            96.8981534,
            5.0657555
          ],
          [
            96.8978423,
            5.0666212
          ],
          [
            96.8977457,
            5.0670166
          ],
          [
            96.8978959,
            5.0671983
          ],
          [
            96.8981642,
            5.0672838
          ],
          [
            96.8986684,
            5.0670861
          ],
          [
            96.8992317,
            5.0669525
          ],
          [
            96.8997413,
            5.0670006
          ],
          [
            96.9002885,
            5.0671876
          ],
          [
            96.9006211,
            5.0670807
          ],
          [
            96.9015491,
            5.0663914
          ],
          [
            96.9018656,
            5.0663326
          ],
          [
            96.9020373,
            5.06637
          ],
          [
            96.9022197,
            5.0666052
          ],
          [
            96.9022199,
            5.0670822
          ],
          [
            96.9017055,
            5.0680897
          ],
          [
            96.9004339,
            5.0694599
          ],
          [
            96.900301,
            5.0698111
          ],
          [
            96.900301,
            5.070168
          ],
          [
            96.9008674,
            5.0710719
          ],
          [
            96.9008327,
            5.0714461
          ],
          [
            96.8997403,
            5.0721427
          ],
          [
            96.8995727,
            5.0725572
          ],
          [
            96.8994571,
            5.0741462
          ],
          [
            96.8996305,
            5.0745377
          ],
          [
            96.9001045,
            5.0748083
          ],
          [
            96.9005668,
            5.0747852
          ],
          [
            96.9008905,
            5.074578
          ],
          [
            96.900931,
            5.0740598
          ],
          [
            96.9010523,
            5.0738123
          ],
          [
            96.9018095,
            5.0733575
          ],
          [
            96.9023123,
            5.0729314
          ],
          [
            96.9028499,
            5.0726781
          ],
          [
            96.9035897,
            5.0726436
          ],
          [
            96.9040232,
            5.0728336
          ],
          [
            96.9043121,
            5.0733344
          ],
          [
            96.9043757,
            5.0737144
          ],
          [
            96.9043293,
            5.0753691
          ],
          [
            96.9044274,
            5.0763787
          ],
          [
            96.9046399,
            5.0769079
          ],
          [
            96.9053347,
            5.0773964
          ],
          [
            96.9055881,
            5.0777791
          ],
          [
            96.905678,
            5.0782595
          ],
          [
            96.9057352,
            5.0787561
          ],
          [
            96.9059069,
            5.0790981
          ],
          [
            96.9063646,
            5.0791876
          ],
          [
            96.9065935,
            5.0793912
          ],
          [
            96.9066016,
            5.0796436
          ],
          [
            96.9062175,
            5.0800181
          ],
          [
            96.9056126,
            5.0802135
          ],
          [
            96.9051467,
            5.0808241
          ],
          [
            96.9050731,
            5.0812312
          ],
          [
            96.905114,
            5.0814755
          ],
          [
            96.9058824,
            5.0818174
          ],
          [
            96.9071493,
            5.0820617
          ],
          [
            96.9090538,
            5.0817197
          ],
          [
            96.9097731,
            5.0815895
          ],
          [
            96.9104025,
            5.081622
          ],
          [
            96.9107131,
            5.08185
          ],
          [
            96.9106722,
            5.0821594
          ],
          [
            96.9104107,
            5.0824199
          ],
          [
            96.9096668,
            5.0830875
          ],
          [
            96.9090947,
            5.0844065
          ],
          [
            96.9090538,
            5.0849357
          ],
          [
            96.90925,
            5.0854079
          ],
          [
            96.9092173,
            5.0857417
          ],
          [
            96.9088576,
            5.0861814
          ],
          [
            96.9088249,
            5.0866943
          ],
          [
            96.9082528,
            5.0872479
          ],
          [
            96.9072719,
            5.0876876
          ],
          [
            96.9072065,
            5.0878993
          ],
          [
            96.9072801,
            5.0884773
          ],
          [
            96.9078196,
            5.088803
          ],
          [
            96.908874,
            5.0894787
          ],
          [
            96.9091274,
            5.0899347
          ],
          [
            96.9092009,
            5.0903906
          ],
          [
            96.908874,
            5.0917584
          ],
          [
            96.9086206,
            5.0925888
          ],
          [
            96.908359,
            5.0926865
          ],
          [
            96.9079013,
            5.092597
          ],
          [
            96.9071248,
            5.0926051
          ],
          [
            96.9068469,
            5.0924993
          ],
          [
            96.9062175,
            5.0920841
          ],
          [
            96.9058905,
            5.0920108
          ],
          [
            96.9055881,
            5.0921329
          ],
          [
            96.9054573,
            5.0923772
          ],
          [
            96.9052284,
            5.0942334
          ],
          [
            96.905302,
            5.094901
          ],
          [
            96.9053756,
            5.0950964
          ],
          [
            96.9053184,
            5.0953325
          ],
          [
            96.9051631,
            5.0955117
          ],
          [
            96.9044111,
            5.095821
          ],
          [
            96.9036754,
            5.0963828
          ],
          [
            96.9032504,
            5.0968062
          ],
          [
            96.903046,
            5.0972784
          ],
          [
            96.9030378,
            5.0976447
          ],
          [
            96.9035958,
            5.0981628
          ],
          [
            96.9037981,
            5.0985197
          ],
          [
            96.9039137,
            5.0989054
          ],
          [
            96.9039888,
            5.0994235
          ],
          [
            96.9038212,
            5.1001201
          ],
          [
            96.9043761,
            5.1012485
          ],
          [
            96.9052084,
            5.1021465
          ],
          [
            96.9062913,
            5.1032681
          ],
          [
            96.9064378,
            5.1036836
          ],
          [
            96.9066258,
            5.1043105
          ],
          [
            96.9066422,
            5.1049211
          ],
          [
            96.9065931,
            5.10532
          ],
          [
            96.9058056,
            5.1068698
          ],
          [
            96.9056316,
            5.1070762
          ],
          [
            96.904898,
            5.1072477
          ],
          [
            96.904349,
            5.1077651
          ],
          [
            96.9033294,
            5.1081917
          ],
          [
            96.9028822,
            5.1086499
          ],
          [
            96.9028331,
            5.1090814
          ],
          [
            96.9032337,
            5.1102293
          ],
          [
            96.9037057,
            5.1108214
          ],
          [
            96.9040592,
            5.1118413
          ],
          [
            96.9044245,
            5.1121272
          ],
          [
            96.9044623,
            5.1121627
          ],
          [
            96.9045791,
            5.1124842
          ],
          [
            96.9046645,
            5.1125827
          ],
          [
            96.9047859,
            5.112614
          ],
          [
            96.9048848,
            5.1125782
          ],
          [
            96.9050286,
            5.1124573
          ],
          [
            96.905114,
            5.1123275
          ],
          [
            96.905132,
            5.1122155
          ],
          [
            96.905179,
            5.112053
          ]
        ]
      }
    },
    {
      "type": "Feature",
      "id": "way/59985128",
      "properties": {
        "id": 59985128,
        "name": "Sungai Tanpa Nama",
        "waterway": "river",
        "source": "OpenStreetMap (ODbL)"
      },
      "geometry": {
        "type": "LineString",
        "coordinates": [
          [
            96.8843942,
            5.0615762
          ],
          [
            96.8852347,
            5.0625296
          ],
          [
            96.8854422,
            5.063442
          ],
          [
            96.8854425,
            5.0646653
          ],
          [
            96.885073,
            5.0653824
          ],
          [
            96.8849575,
            5.0661312
          ],
          [
            96.8853082,
            5.0667493
          ],
          [
            96.8860635,
            5.0670877
          ]
        ]
      }
    },
    {
      "type": "Feature",
      "id": "way/59985130",
      "properties": {
        "id": 59985130,
        "name": "Krueng Mane",
        "waterway": "river",
        "source": "OpenStreetMap (ODbL)"
      },
      "geometry": {
        "type": "LineString",
        "coordinates": [
          [
            96.8860635,
            5.0670877
          ],
          [
            96.8858958,
            5.068203
          ],
          [
            96.8857701,
            5.0708028
          ],
          [
            96.8854238,
            5.0719912
          ],
          [
            96.8852477,
            5.0749111
          ],
          [
            96.8849845,
            5.0758835
          ],
          [
            96.884355,
            5.0768646
          ],
          [
            96.8835913,
            5.0787681
          ],
          [
            96.8832094,
            5.0799021
          ],
          [
            96.8831388,
            5.0808248
          ],
          [
            96.883495,
            5.0812855
          ],
          [
            96.8840485,
            5.0814483
          ],
          [
            96.884985,
            5.0817089
          ],
          [
            96.8859062,
            5.0820912
          ],
          [
            96.8862744,
            5.0827561
          ],
          [
            96.8864463,
            5.0843508
          ],
          [
            96.8865579,
            5.0869941
          ],
          [
            96.8867762,
            5.0879773
          ],
          [
            96.8871785,
            5.0887628
          ],
          [
            96.8877443,
            5.0894271
          ],
          [
            96.8880226,
            5.0900044
          ],
          [
            96.8880253,
            5.0910599
          ],
          [
            96.8877241,
            5.092879
          ],
          [
            96.8879056,
            5.0936111
          ],
          [
            96.8888795,
            5.0952856
          ],
          [
            96.8895504,
            5.0963022
          ],
          [
            96.8897887,
            5.0969864
          ],
          [
            96.8897048,
            5.1000231
          ],
          [
            96.8895423,
            5.1027611
          ],
          [
            96.8893364,
            5.1037301
          ],
          [
            96.8891075,
            5.1046987
          ],
          [
            96.8891939,
            5.1052746
          ],
          [
            96.8897053,
            5.1063473
          ],
          [
            96.8903533,
            5.1066809
          ],
          [
            96.8906159,
            5.1070317
          ],
          [
            96.8907388,
            5.1090421
          ],
          [
            96.8912223,
            5.111088
          ],
          [
            96.8921227,
            5.1116605
          ],
          [
            96.8919983,
            5.1122306
          ],
          [
            96.8915753,
            5.1126767
          ],
          [
            96.8911771,
            5.1138417
          ],
          [
            96.8912518,
            5.1148083
          ],
          [
            96.8916002,
            5.1159484
          ],
          [
            96.8915504,
            5.1165433
          ],
          [
            96.8912767,
            5.1171629
          ],
          [
            96.8904804,
            5.1183031
          ],
          [
            96.8896592,
            5.1193441
          ],
          [
            96.8891615,
            5.1209303
          ],
          [
            96.8893854,
            5.1220209
          ],
          [
            96.8899578,
            5.1229875
          ],
          [
            96.889674,
            5.1237682
          ],
          [
            96.889261,
            5.1245738
          ],
          [
            96.8880703,
            5.1253524
          ],
          [
            96.886976,
            5.1265569
          ],
          [
            96.8867974,
            5.1278454
          ],
          [
            96.8861006,
            5.1292582
          ],
          [
            96.8853541,
            5.1303983
          ],
          [
            96.8851301,
            5.1317367
          ],
          [
            96.8858781,
            5.1330054
          ],
          [
            96.8890121,
            5.1350579
          ],
          [
            96.8927024,
            5.136178
          ],
          [
            96.893507,
            5.1363074
          ],
          [
            96.8944274,
            5.1363644
          ],
          [
            96.8956043,
            5.1368254
          ],
          [
            96.8971856,
            5.1381367
          ],
          [
            96.8978965,
            5.1389135
          ],
          [
            96.8979186,
            5.1396593
          ],
          [
            96.8971458,
            5.1413749
          ],
          [
            96.8971584,
            5.1419362
          ],
          [
            96.897768,
            5.1424488
          ],
          [
            96.8996386,
            5.1432348
          ],
          [
            96.9017745,
            5.144273
          ],
          [
            96.9031745,
            5.1450336
          ],
          [
            96.9041502,
            5.1457518
          ],
          [
            96.9059532,
            5.1476109
          ],
          [
            96.9066848,
            5.1496883
          ],
          [
            96.9074401,
            5.1506519
          ],
          [
            96.9083615,
            5.1516704
          ],
          [
            96.908456,
            5.1524666
          ],
          [
            96.9080914,
            5.1529975
          ],
          [
            96.9073778,
            5.1533364
          ],
          [
            96.9063124,
            5.1532334
          ],
          [
            96.9050502,
            5.1527766
          ],
          [
            96.9040363,
            5.1529897
          ],
          [
            96.9033106,
            5.1533951
          ],
          [
            96.9026534,
            5.1542927
          ],
          [
            96.9028638,
            5.1548026
          ],
          [
            96.9035911,
            5.1553972
          ],
          [
            96.9040409,
            5.1557381
          ],
          [
            96.9045454,
            5.1564267
          ],
          [
            96.9056368,
            5.15713
          ],
          [
            96.9062095,
            5.1578104
          ],
          [
            96.9070862,
            5.1592937
          ],
          [
            96.9075652,
            5.1604552
          ],
          [
            96.9079365,
            5.1611122
          ],
          [
            96.9080149,
            5.1615515
          ],
          [
            96.9078633,
            5.1625444
          ],
          [
            96.9071703,
            5.164231
          ],
          [
            96.9064997,
            5.1663465
          ],
          [
            96.906178,
            5.1670289
          ],
          [
            96.905559,
            5.1677009
          ],
          [
            96.9049183,
            5.1680384
          ],
          [
            96.9041661,
            5.1681704
          ],
          [
            96.9033882,
            5.1679852
          ],
          [
            96.9025482,
            5.1680912
          ],
          [
            96.9022001,
            5.1683904
          ],
          [
            96.9019645,
            5.1692047
          ],
          [
            96.9019131,
            5.169969
          ],
          [
            96.9022257,
            5.1704632
          ],
          [
            96.9027467,
            5.1706955
          ],
          [
            96.904002,
            5.1706806
          ],
          [
            96.9049622,
            5.1708382
          ],
          [
            96.9054302,
            5.1711293
          ],
          [
            96.9055799,
            5.1715454
          ],
          [
            96.905575,
            5.1720466
          ],
          [
            96.9053425,
            5.172575
          ],
          [
            96.9049825,
            5.172957
          ],
          [
            96.9045677,
            5.1731218
          ],
          [
            96.9041409,
            5.1731465
          ],
          [
            96.9038383,
            5.1730279
          ],
          [
            96.9032082,
            5.1725338
          ],
          [
            96.9025432,
            5.1724646
          ],
          [
            96.9021612,
            5.1726672
          ],
          [
            96.9018932,
            5.173102
          ],
          [
            96.9018337,
            5.1739866
          ],
          [
            96.9019806,
            5.1746595
          ],
          [
            96.9022317,
            5.1750804
          ],
          [
            96.9029217,
            5.1755322
          ],
          [
            96.9039315,
            5.175851
          ],
          [
            96.9047959,
            5.1758644
          ],
          [
            96.9055407,
            5.175784
          ],
          [
            96.9060909,
            5.1759385
          ],
          [
            96.9064807,
            5.1762024
          ],
          [
            96.9067211,
            5.1765167
          ],
          [
            96.9068021,
            5.1768807
          ],
          [
            96.9066279,
            5.1772876
          ],
          [
            96.9061115,
            5.177985
          ],
          [
            96.9051974,
            5.1785016
          ],
          [
            96.9050192,
            5.1788293
          ],
          [
            96.9050341,
            5.1792592
          ],
          [
            96.905192,
            5.1796991
          ],
          [
            96.9054955,
            5.1799856
          ],
          [
            96.9059212,
            5.1801443
          ],
          [
            96.9064631,
            5.1802376
          ],
          [
            96.9069194,
            5.1801914
          ],
          [
            96.9075695,
            5.179872
          ],
          [
            96.9085286,
            5.1791588
          ],
          [
            96.9089737,
            5.1789776
          ],
          [
            96.9096263,
            5.1789447
          ],
          [
            96.9100058,
            5.1790616
          ],
          [
            96.9102645,
            5.1793059
          ],
          [
            96.9104871,
            5.1797787
          ],
          [
            96.9105625,
            5.1804219
          ],
          [
            96.910503,
            5.1810895
          ],
          [
            96.9106111,
            5.1815472
          ],
          [
            96.9108603,
            5.1818166
          ],
          [
            96.9123905,
            5.1825297
          ],
          [
            96.9135057,
            5.1830715
          ],
          [
            96.9145129,
            5.1832598
          ],
          [
            96.9149572,
            5.1834887
          ],
          [
            96.915176,
            5.1837115
          ],
          [
            96.9152885,
            5.1840746
          ],
          [
            96.9152703,
            5.1843836
          ],
          [
            96.9149588,
            5.1848712
          ],
          [
            96.9143126,
            5.1853571
          ],
          [
            96.9137818,
            5.1858896
          ],
          [
            96.9136825,
            5.1862416
          ],
          [
            96.9136914,
            5.1867669
          ],
          [
            96.9138369,
            5.1871737
          ],
          [
            96.9141241,
            5.1874671
          ],
          [
            96.9144764,
            5.1879958
          ],
          [
            96.9145216,
            5.1884343
          ],
          [
            96.9143463,
            5.1899879
          ],
          [
            96.9142598,
            5.1908839
          ],
          [
            96.9139213,
            5.1921543
          ],
          [
            96.9139207,
            5.1928187
          ],
          [
            96.9139147,
            5.1938244
          ],
          [
            96.9137321,
            5.1948546
          ],
          [
            96.913719,
            5.1954143
          ]
        ]
      }
    },
    {
      "type": "Feature",
      "id": "way/59985132",
      "properties": {
        "id": 59985132,
        "name": "Sungai Tanpa Nama",
        "waterway": "river",
        "source": "OpenStreetMap (ODbL)"
      },
      "geometry": {
        "type": "LineString",
        "coordinates": [
          [
            96.9205495,
            4.9815029
          ],
          [
            96.920377,
            4.9822027
          ],
          [
            96.9205002,
            4.9831297
          ],
          [
            96.9202883,
            4.9835466
          ],
          [
            96.9196683,
            4.9842101
          ],
          [
            96.919465,
            4.9846153
          ],
          [
            96.9194034,
            4.9851494
          ],
          [
            96.9202537,
            4.9865183
          ],
          [
            96.9205742,
            4.9869419
          ],
          [
            96.9213321,
            4.9873348
          ],
          [
            96.9215416,
            4.987476
          ],
          [
            96.9216155,
            4.9877645
          ],
          [
            96.9207282,
            4.9888081
          ],
          [
            96.9205557,
            4.9895877
          ],
          [
            96.9205926,
            4.9906865
          ],
          [
            96.9204756,
            4.9912329
          ],
          [
            96.9192237,
            4.9933945
          ],
          [
            96.9182259,
            4.9942174
          ],
          [
            96.9182259,
            4.9947839
          ],
          [
            96.9176466,
            4.9959062
          ],
          [
            96.9173676,
            4.9971353
          ],
          [
            96.9169921,
            4.9977766
          ],
          [
            96.9164449,
            4.9980438
          ],
          [
            96.9156617,
            4.9980224
          ],
          [
            96.9153399,
            4.9981934
          ],
          [
            96.9148463,
            4.9986423
          ],
          [
            96.9147712,
            4.9998073
          ],
          [
            96.9143099,
            5.0004913
          ],
          [
            96.9143528,
            5.0014533
          ],
          [
            96.9149858,
            5.0022762
          ],
          [
            96.9153077,
            5.0032595
          ],
          [
            96.9153613,
            5.0035908
          ],
          [
            96.9152218,
            5.0039435
          ],
          [
            96.9129473,
            5.0056964
          ],
          [
            96.9126684,
            5.0059101
          ],
          [
            96.912604,
            5.0064125
          ],
          [
            96.9126791,
            5.0069148
          ],
          [
            96.9130117,
            5.0071606
          ],
          [
            96.9130439,
            5.0097578
          ],
          [
            96.9129581,
            5.0100998
          ],
          [
            96.9127006,
            5.0102494
          ],
          [
            96.9110805,
            5.0105914
          ],
          [
            96.9106192,
            5.0111472
          ],
          [
            96.9104582,
            5.0118205
          ],
          [
            96.9103402,
            5.0124938
          ],
          [
            96.909954,
            5.0135626
          ],
          [
            96.9098896,
            5.0143856
          ],
          [
            96.9100398,
            5.0150482
          ],
          [
            96.9099111,
            5.0156147
          ],
          [
            96.9089991,
            5.0180194
          ],
          [
            96.9086665,
            5.0200821
          ],
          [
            96.9085914,
            5.0212685
          ],
          [
            96.908527,
            5.0220594
          ],
          [
            96.9083017,
            5.0226044
          ],
          [
            96.9079048,
            5.0228289
          ],
          [
            96.9072825,
            5.0227861
          ],
          [
            96.9068104,
            5.0228823
          ],
          [
            96.9064135,
            5.0233205
          ],
          [
            96.906038,
            5.0242931
          ],
          [
            96.9050509,
            5.0257252
          ],
          [
            96.9043643,
            5.0260458
          ],
          [
            96.9037098,
            5.0264199
          ],
          [
            96.9027442,
            5.0277131
          ],
          [
            96.9022185,
            5.0286002
          ],
          [
            96.9022829,
            5.0293376
          ],
          [
            96.9020039,
            5.0303209
          ],
          [
            96.90121,
            5.0310476
          ],
          [
            96.9007701,
            5.0321805
          ],
          [
            96.9005019,
            5.033121
          ],
          [
            96.900577,
            5.0346172
          ],
          [
            96.9001693,
            5.0357501
          ],
          [
            96.9001371,
            5.0365089
          ],
          [
            96.9002658,
            5.037054
          ],
          [
            96.9000513,
            5.0376525
          ],
          [
            96.8993753,
            5.0391166
          ],
          [
            96.8990749,
            5.0406984
          ],
          [
            96.8984634,
            5.041564
          ],
          [
            96.8984634,
            5.0421839
          ],
          [
            96.8983346,
            5.0424831
          ],
          [
            96.8978304,
            5.0426755
          ],
          [
            96.8972832,
            5.0426969
          ],
          [
            96.895985,
            5.0431137
          ],
          [
            96.895352,
            5.0434664
          ],
          [
            96.8948478,
            5.0439687
          ],
          [
            96.8947298,
            5.0444817
          ],
          [
            96.894837,
            5.0451015
          ],
          [
            96.8952984,
            5.0468542
          ],
          [
            96.8953306,
            5.0473672
          ],
          [
            96.8941826,
            5.0496757
          ],
          [
            96.8939251,
            5.0499963
          ],
          [
            96.8934638,
            5.0502955
          ],
          [
            96.8924445,
            5.0504451
          ],
          [
            96.8918222,
            5.0507123
          ],
          [
            96.8911141,
            5.0510436
          ],
          [
            96.8906206,
            5.0514497
          ],
          [
            96.890449,
            5.0519734
          ],
          [
            96.8906421,
            5.0532452
          ],
          [
            96.8908245,
            5.0539933
          ],
          [
            96.891082,
            5.0541643
          ],
          [
            96.8916613,
            5.0541536
          ],
          [
            96.8923587,
            5.0542925
          ],
          [
            96.892466,
            5.0547627
          ],
          [
            96.8924338,
            5.0552116
          ],
          [
            96.8920476,
            5.0555002
          ],
          [
            96.8915969,
            5.0555857
          ],
          [
            96.8906957,
            5.055575
          ],
          [
            96.8892688,
            5.0560986
          ],
          [
            96.8890113,
            5.0566009
          ],
          [
            96.8890006,
            5.0572528
          ],
          [
            96.8894083,
            5.0581399
          ],
          [
            96.8899037,
            5.0589578
          ],
          [
            96.8900299,
            5.0594788
          ],
          [
            96.8893425,
            5.0603961
          ],
          [
            96.8885268,
            5.0616441
          ],
          [
            96.8879239,
            5.0634876
          ],
          [
            96.8872868,
            5.0644868
          ],
          [
            96.8865202,
            5.065722
          ],
          [
            96.8863596,
            5.0665897
          ],
          [
            96.8860635,
            5.0670877
          ]
        ]
      }
    },
    {
      "type": "Feature",
      "id": "way/59990147",
      "properties": {
        "id": 59990147,
        "name": "Krueng Keureutu",
        "waterway": "river",
        "source": "OpenStreetMap (ODbL)"
      },
      "geometry": {
        "type": "LineString",
        "coordinates": [
          [
            97.156423,
            4.9395373
          ],
          [
            97.1566387,
            4.940388
          ],
          [
            97.1567768,
            4.9410201
          ],
          [
            97.156923,
            4.9416868
          ],
          [
            97.156978,
            4.9421185
          ],
          [
            97.1569498,
            4.9429575
          ],
          [
            97.1570402,
            4.9432398
          ],
          [
            97.157324,
            4.9434573
          ],
          [
            97.157625,
            4.9434803
          ],
          [
            97.1581811,
            4.9432569
          ],
          [
            97.1596603,
            4.9427892
          ],
          [
            97.1602544,
            4.9426021
          ],
          [
            97.1607923,
            4.9424939
          ],
          [
            97.1611219,
            4.9425233
          ],
          [
            97.1612413,
            4.9427022
          ],
          [
            97.1611159,
            4.9430422
          ],
          [
            97.1612458,
            4.943982
          ],
          [
            97.1617199,
            4.9461088
          ],
          [
            97.1617286,
            4.9461983
          ],
          [
            97.1617403,
            4.9463196
          ],
          [
            97.1614908,
            4.9471239
          ],
          [
            97.1615236,
            4.9475233
          ],
          [
            97.1617378,
            4.9479014
          ],
          [
            97.1622354,
            4.9491347
          ],
          [
            97.1627584,
            4.9509865
          ],
          [
            97.1632667,
            4.9524282
          ],
          [
            97.1637281,
            4.9531777
          ],
          [
            97.1643303,
            4.9535372
          ],
          [
            97.1653348,
            4.9537656
          ],
          [
            97.16692,
            4.9541771
          ],
          [
            97.167616,
            4.9543656
          ],
          [
            97.1679379,
            4.9545059
          ],
          [
            97.1683724,
            4.9548934
          ],
          [
            97.1686393,
            4.9553464
          ],
          [
            97.1686274,
            4.9558366
          ],
          [
            97.1687533,
            4.9565142
          ],
          [
            97.1689827,
            4.9572196
          ],
          [
            97.1695929,
            4.957845
          ],
          [
            97.1700637,
            4.9578971
          ],
          [
            97.1708831,
            4.9579492
          ],
          [
            97.1717549,
            4.9574455
          ],
          [
            97.1721559,
            4.9567333
          ],
          [
            97.1730625,
            4.9562469
          ],
          [
            97.1737425,
            4.9564206
          ],
          [
            97.1748409,
            4.9564727
          ],
          [
            97.1752767,
            4.9559864
          ],
          [
            97.1761311,
            4.9557258
          ],
          [
            97.1773341,
            4.9559169
          ],
          [
            97.1780838,
            4.9562469
          ],
          [
            97.1787289,
            4.9564727
          ],
          [
            97.1796006,
            4.9570112
          ],
          [
            97.1804201,
            4.9576886
          ],
          [
            97.1812395,
            4.9580013
          ],
          [
            97.1818497,
            4.9584355
          ],
          [
            97.1826866,
            4.9591651
          ],
          [
            97.1834538,
            4.9598772
          ],
          [
            97.1839942,
            4.9605025
          ],
          [
            97.1845173,
            4.9610236
          ],
          [
            97.1852321,
            4.9616316
          ],
          [
            97.1852354,
            4.9624825
          ],
          [
            97.1855071,
            4.9628635
          ],
          [
            97.1859365,
            4.9628885
          ],
          [
            97.1861368,
            4.9626386
          ],
          [
            97.1863691,
            4.9622876
          ],
          [
            97.1866084,
            4.9620779
          ],
          [
            97.187189,
            4.9620588
          ],
          [
            97.1877369,
            4.9619577
          ],
          [
            97.1881839,
            4.9617979
          ],
          [
            97.1886134,
            4.9616409
          ],
          [
            97.189085,
            4.9615228
          ],
          [
            97.189638,
            4.9615506
          ],
          [
            97.190236,
            4.9618053
          ],
          [
            97.1906938,
            4.9619502
          ],
          [
            97.1912065,
            4.9623079
          ],
          [
            97.1914643,
            4.9626736
          ],
          [
            97.1917941,
            4.9630225
          ],
          [
            97.1922007,
            4.9632706
          ],
          [
            97.1928487,
            4.9637848
          ],
          [
            97.1934072,
            4.9645451
          ],
          [
            97.19389,
            4.9652661
          ],
          [
            97.1941451,
            4.9661449
          ],
          [
            97.1943351,
            4.9671447
          ],
          [
            97.1946693,
            4.9681254
          ],
          [
            97.1952504,
            4.9684751
          ],
          [
            97.1960244,
            4.9688226
          ],
          [
            97.1966207,
            4.9694785
          ],
          [
            97.1971595,
            4.9700777
          ],
          [
            97.1978401,
            4.9704714
          ],
          [
            97.1984479,
            4.9706464
          ],
          [
            97.1989884,
            4.9706464
          ],
          [
            97.1999299,
            4.9706464
          ],
          [
            97.2005227,
            4.9705422
          ],
          [
            97.201163,
            4.970215
          ],
          [
            97.2014984,
            4.9699574
          ],
          [
            97.2023575,
            4.9692097
          ],
          [
            97.2031582,
            4.9686928
          ],
          [
            97.2041158,
            4.968644
          ],
          [
            97.2047425,
            4.9684962
          ],
          [
            97.2056396,
            4.9684082
          ],
          [
            97.2062064,
            4.9686593
          ],
          [
            97.2066608,
            4.9689986
          ],
          [
            97.2070129,
            4.9693912
          ],
          [
            97.2070211,
            4.9699461
          ],
          [
            97.20683,
            4.9703127
          ],
          [
            97.2065556,
            4.9705527
          ],
          [
            97.206426,
            4.9707585
          ],
          [
            97.206394,
            4.9710615
          ],
          [
            97.2063381,
            4.9714569
          ],
          [
            97.2062709,
            4.9720587
          ],
          [
            97.2062143,
            4.97255
          ],
          [
            97.206279,
            4.9729391
          ],
          [
            97.2068126,
            4.9732475
          ],
          [
            97.2074095,
            4.9734255
          ],
          [
            97.2077756,
            4.9736513
          ],
          [
            97.2083335,
            4.9738944
          ],
          [
            97.208752,
            4.9743113
          ],
          [
            97.2093273,
            4.9750582
          ],
          [
            97.2093796,
            4.975423
          ],
          [
            97.2098678,
            4.9757009
          ],
          [
            97.2104432,
            4.9757009
          ],
          [
            97.2109662,
            4.9754577
          ],
          [
            97.2114195,
            4.9753708
          ],
          [
            97.2120123,
            4.9752145
          ],
          [
            97.2124308,
            4.9750756
          ],
          [
            97.2129713,
            4.9745024
          ],
          [
            97.2137384,
            4.9743113
          ],
          [
            97.2144009,
            4.9744155
          ],
          [
            97.2151681,
            4.9747455
          ],
          [
            97.2159875,
            4.9745545
          ],
          [
            97.2168418,
            4.9745024
          ],
          [
            97.2175741,
            4.9745545
          ],
          [
            97.2178182,
            4.9747977
          ],
          [
            97.2178879,
            4.9752493
          ],
          [
            97.2179577,
            4.9757877
          ],
          [
            97.2178705,
            4.9766388
          ],
          [
            97.2172951,
            4.9767256
          ],
          [
            97.2164931,
            4.976743
          ],
          [
            97.2160573,
            4.9767951
          ],
          [
            97.2155865,
            4.9769688
          ],
          [
            97.2150983,
            4.9776462
          ],
          [
            97.2148717,
            4.9780978
          ],
          [
            97.2148542,
            4.9785842
          ],
          [
            97.2150286,
            4.97914
          ],
          [
            97.2155865,
            4.9792616
          ],
          [
            97.2163885,
            4.9791921
          ],
          [
            97.2172951,
            4.9793658
          ],
          [
            97.2178356,
            4.9796089
          ],
          [
            97.218533,
            4.9797132
          ],
          [
            97.2195617,
            4.9797305
          ],
          [
            97.2204509,
            4.9796958
          ],
          [
            97.2210437,
            4.9790705
          ],
          [
            97.2216365,
            4.9790358
          ],
          [
            97.2217585,
            4.9795221
          ],
          [
            97.22202,
            4.9799563
          ],
          [
            97.2220375,
            4.9803211
          ],
          [
            97.2224385,
            4.9808248
          ],
          [
            97.2230487,
            4.9809811
          ],
          [
            97.2239553,
            4.9809811
          ],
          [
            97.2245656,
            4.980599
          ],
          [
            97.2249491,
            4.9805816
          ],
          [
            97.2250886,
            4.9807379
          ],
          [
            97.2253327,
            4.9812069
          ],
          [
            97.2249197,
            4.9814394
          ],
          [
            97.224685,
            4.9818362
          ],
          [
            97.2244475,
            4.9822384
          ],
          [
            97.2241458,
            4.9826914
          ],
          [
            97.2235838,
            4.9831002
          ],
          [
            97.2228569,
            4.9832391
          ],
          [
            97.2217585,
            4.9831001
          ],
          [
            97.2208868,
            4.9832912
          ],
          [
            97.220817,
            4.983517
          ],
          [
            97.2207647,
            4.9839512
          ],
          [
            97.2210262,
            4.9843681
          ],
          [
            97.2213052,
            4.9848197
          ],
          [
            97.2216539,
            4.9852713
          ],
          [
            97.2221072,
            4.9857403
          ],
          [
            97.2227,
            4.9864176
          ],
          [
            97.2234148,
            4.9869735
          ],
          [
            97.2241471,
            4.9870429
          ],
          [
            97.2248096,
            4.9870082
          ],
          [
            97.2252978,
            4.9868345
          ],
          [
            97.2262567,
            4.9864003
          ],
          [
            97.2271285,
            4.9861571
          ],
          [
            97.2278085,
            4.9862092
          ],
          [
            97.2284013,
            4.9863655
          ],
          [
            97.2292033,
            4.986904
          ],
          [
            97.2294822,
            4.987564
          ],
          [
            97.2296391,
            4.9881198
          ],
          [
            97.2288232,
            4.9887099
          ],
          [
            97.2285944,
            4.9892568
          ],
          [
            97.2282551,
            4.989516
          ],
          [
            97.2276865,
            4.9899035
          ],
          [
            97.2273458,
            4.9900999
          ],
          [
            97.2271258,
            4.9904807
          ],
          [
            97.226871,
            4.9906904
          ],
          [
            97.2265934,
            4.9908027
          ],
          [
            97.2259952,
            4.9907252
          ],
          [
            97.2256565,
            4.9904458
          ],
          [
            97.2253877,
            4.9900865
          ],
          [
            97.2251878,
            4.9896644
          ],
          [
            97.2251342,
            4.9889749
          ],
          [
            97.2251798,
            4.9882214
          ],
          [
            97.2249841,
            4.9876615
          ],
          [
            97.2247198,
            4.9875867
          ],
          [
            97.2240412,
            4.9879007
          ],
          [
            97.2234524,
            4.9882481
          ],
          [
            97.2230112,
            4.9885941
          ],
          [
            97.2223567,
            4.9889161
          ],
          [
            97.2219825,
            4.9893757
          ],
          [
            97.2219892,
            4.9899649
          ],
          [
            97.2219825,
            4.9905634
          ],
          [
            97.2223607,
            4.9910552
          ],
          [
            97.2225539,
            4.9912382
          ],
          [
            97.222979,
            4.9918368
          ],
          [
            97.2232928,
            4.9925141
          ],
          [
            97.2235315,
            4.9931274
          ],
          [
            97.2234108,
            4.9935977
          ],
          [
            97.2232485,
            4.9937995
          ],
          [
            97.2229615,
            4.9939558
          ],
          [
            97.222299,
            4.9941495
          ],
          [
            97.221957,
            4.9946599
          ],
          [
            97.2220516,
            4.995031
          ],
          [
            97.222295,
            4.9953439
          ],
          [
            97.2226128,
            4.9955363
          ],
          [
            97.222979,
            4.9958316
          ],
          [
            97.2235812,
            4.9961122
          ],
          [
            97.2239205,
            4.9969085
          ],
          [
            97.2238775,
            4.9974376
          ],
          [
            97.2237515,
            4.9977649
          ],
          [
            97.2235288,
            4.9979907
          ],
          [
            97.22338,
            4.9979506
          ],
          [
            97.2225096,
            4.9976072
          ],
          [
            97.22178,
            4.9977796
          ],
          [
            97.2213542,
            4.9982053
          ],
          [
            97.2212462,
            4.9988738
          ],
          [
            97.2214259,
            4.9997061
          ],
          [
            97.2214755,
            5.0002045
          ],
          [
            97.2216311,
            5.0010729
          ],
          [
            97.221662,
            5.0014364
          ],
          [
            97.2217076,
            5.0018278
          ],
          [
            97.2218792,
            5.0021886
          ],
          [
            97.2219383,
            5.0025626
          ],
          [
            97.2219973,
            5.0030062
          ],
          [
            97.222299,
            5.0034391
          ],
          [
            97.2226303,
            5.0034912
          ],
          [
            97.2230661,
            5.0035086
          ],
          [
            97.2233451,
            5.0034391
          ],
          [
            97.2237622,
            5.0031291
          ],
          [
            97.2244019,
            5.0030623
          ],
          [
            97.2250202,
            5.0030597
          ],
          [
            97.2254909,
            5.0030811
          ],
          [
            97.225782,
            5.003069
          ],
          [
            97.2263091,
            5.0029875
          ],
          [
            97.2265558,
            5.0028111
          ],
          [
            97.2267758,
            5.0026107
          ],
          [
            97.2268455,
            5.0025105
          ],
          [
            97.2271928,
            5.0024811
          ],
          [
            97.2274598,
            5.0028138
          ],
          [
            97.2276931,
            5.0035272
          ],
          [
            97.2278997,
            5.0039721
          ],
          [
            97.2279895,
            5.0043303
          ],
          [
            97.2277911,
            5.0045533
          ],
          [
            97.2277039,
            5.0045507
          ],
          [
            97.227268,
            5.0045159
          ],
          [
            97.2267101,
            5.0047244
          ],
          [
            97.2263265,
            5.0049675
          ],
          [
            97.2262044,
            5.0053844
          ],
          [
            97.2262044,
            5.0061138
          ],
          [
            97.2258209,
            5.0063744
          ],
          [
            97.2252804,
            5.0067391
          ],
          [
            97.2252106,
            5.0070865
          ],
          [
            97.2256814,
            5.0074338
          ],
          [
            97.2263439,
            5.0075902
          ],
          [
            97.2269193,
            5.0078507
          ],
          [
            97.2274075,
            5.007677
          ],
          [
            97.227791,
            5.0072949
          ],
          [
            97.2280351,
            5.0068433
          ],
          [
            97.2284013,
            5.0068259
          ],
          [
            97.2289243,
            5.0071038
          ],
          [
            97.2295868,
            5.0076423
          ],
          [
            97.2299878,
            5.0074512
          ],
          [
            97.2300576,
            5.0070865
          ],
          [
            97.2301622,
            5.0065654
          ],
          [
            97.2304586,
            5.0064959
          ],
          [
            97.2309119,
            5.0065828
          ],
          [
            97.2313652,
            5.0068259
          ],
          [
            97.2314698,
            5.0075381
          ],
          [
            97.231679,
            5.0084065
          ],
          [
            97.2318185,
            5.0088581
          ],
          [
            97.2320975,
            5.0095181
          ],
          [
            97.2324811,
            5.0101433
          ],
          [
            97.2331261,
            5.010786
          ],
          [
            97.2338759,
            5.0110638
          ],
          [
            97.2342442,
            5.0115697
          ],
          [
            97.2344349,
            5.0120039
          ],
          [
            97.2345438,
            5.0124653
          ],
          [
            97.23468,
            5.0135236
          ],
          [
            97.2353714,
            5.0139761
          ],
          [
            97.2359816,
            5.01428
          ],
          [
            97.2367008,
            5.0141932
          ],
          [
            97.2371367,
            5.0145188
          ],
          [
            97.236897,
            5.0156478
          ],
          [
            97.2366572,
            5.0163425
          ],
          [
            97.2365047,
            5.0171241
          ],
          [
            97.2367662,
            5.0182096
          ],
          [
            97.2370495,
            5.018926
          ],
          [
            97.2375944,
            5.0190129
          ],
          [
            97.2384443,
            5.018405
          ],
          [
            97.2390328,
            5.0183181
          ],
          [
            97.2392725,
            5.0187306
          ],
          [
            97.238902,
            5.0190129
          ],
          [
            97.2377905,
            5.0194254
          ],
          [
            97.2370713,
            5.0201201
          ],
          [
            97.2370495,
            5.0205543
          ],
          [
            97.2374854,
            5.0210319
          ],
          [
            97.2375944,
            5.0215964
          ],
          [
            97.2373982,
            5.0220306
          ],
          [
            97.2372675,
            5.0225082
          ],
          [
            97.2369406,
            5.0229424
          ],
          [
            97.2365265,
            5.0229858
          ],
          [
            97.2363957,
            5.0233549
          ],
          [
            97.2370059,
            5.0237674
          ],
          [
            97.2378559,
            5.0245055
          ],
          [
            97.2385097,
            5.0249831
          ],
          [
            97.2393161,
            5.0251568
          ],
          [
            97.2404276,
            5.0258081
          ],
          [
            97.2410378,
            5.0261121
          ],
          [
            97.241016,
            5.0265463
          ],
          [
            97.2405583,
            5.0268502
          ],
          [
            97.2396866,
            5.0273061
          ],
          [
            97.2390328,
            5.0276969
          ],
          [
            97.2389674,
            5.0283482
          ],
          [
            97.2394468,
            5.0286738
          ],
          [
            97.240275,
            5.0288041
          ],
          [
            97.2412775,
            5.028739
          ],
          [
            97.241866,
            5.0289561
          ],
          [
            97.2419095,
            5.0294337
          ],
          [
            97.2418006,
            5.0307797
          ],
          [
            97.2419531,
            5.031431
          ],
          [
            97.2424326,
            5.0320389
          ],
          [
            97.2430864,
            5.0318218
          ],
          [
            97.2439582,
            5.0314744
          ],
          [
            97.2443504,
            5.0317349
          ],
          [
            97.2446338,
            5.0324296
          ],
          [
            97.2444812,
            5.0331678
          ],
          [
            97.244612,
            5.0339059
          ],
          [
            97.2450478,
            5.0345138
          ],
          [
            97.2458324,
            5.0344921
          ],
          [
            97.2462029,
            5.0351434
          ],
          [
            97.2468567,
            5.0350782
          ],
          [
            97.2475105,
            5.0346223
          ],
          [
            97.248099,
            5.0340579
          ],
          [
            97.2483605,
            5.0330375
          ],
          [
            97.24799,
            5.0324731
          ],
          [
            97.2473144,
            5.0317783
          ],
          [
            97.2473362,
            5.0313659
          ],
          [
            97.2476631,
            5.0313224
          ],
          [
            97.2482515,
            5.031583
          ],
          [
            97.2490361,
            5.0324296
          ],
          [
            97.2494066,
            5.0332546
          ],
          [
            97.2498425,
            5.0338408
          ],
          [
            97.2504309,
            5.0347092
          ],
          [
            97.250954,
            5.0351651
          ],
          [
            97.2513245,
            5.0350782
          ],
          [
            97.2516514,
            5.0345138
          ],
          [
            97.2526321,
            5.0344486
          ],
          [
            97.2531769,
            5.033971
          ],
          [
            97.25285,
            5.0334283
          ],
          [
            97.2523052,
            5.0328204
          ],
          [
            97.252218,
            5.0322994
          ],
          [
            97.252741,
            5.0323645
          ],
          [
            97.2535256,
            5.0328204
          ],
          [
            97.2545063,
            5.0329073
          ],
          [
            97.255073,
            5.03345
          ],
          [
            97.2554653,
            5.0340362
          ],
          [
            97.2558358,
            5.0351651
          ],
          [
            97.2558358,
            5.0357512
          ],
          [
            97.2560537,
            5.0360335
          ],
          [
            97.256969,
            5.0356427
          ],
          [
            97.2574921,
            5.0357946
          ],
          [
            97.2577972,
            5.0365111
          ],
          [
            97.2577754,
            5.0370755
          ],
          [
            97.2574703,
            5.0374012
          ],
          [
            97.2572524,
            5.0379439
          ],
          [
            97.2572742,
            5.0385735
          ],
          [
            97.2569,
            5.0393981
          ],
          [
            97.2570271,
            5.0396376
          ],
          [
            97.2572046,
            5.0397057
          ],
          [
            97.2579035,
            5.0394535
          ],
          [
            97.2583035,
            5.0396138
          ],
          [
            97.2595022,
            5.0393046
          ],
          [
            97.2607176,
            5.0397675
          ],
          [
            97.2608265,
            5.0403537
          ],
          [
            97.2606086,
            5.0410701
          ],
          [
            97.2605432,
            5.0417431
          ],
          [
            97.2607394,
            5.0425246
          ],
          [
            97.261306,
            5.0425029
          ],
          [
            97.261938,
            5.0419167
          ],
          [
            97.262679,
            5.0410267
          ],
          [
            97.2633546,
            5.0409832
          ],
          [
            97.2638777,
            5.0404188
          ],
          [
            97.2640956,
            5.0395938
          ],
          [
            97.2636161,
            5.0393984
          ],
          [
            97.2628752,
            5.0393333
          ],
          [
            97.2625918,
            5.0392031
          ],
          [
            97.2627008,
            5.0387906
          ],
          [
            97.263311,
            5.0385301
          ],
          [
            97.264052,
            5.0383347
          ],
          [
            97.2645751,
            5.0377268
          ],
          [
            97.2646405,
            5.0370321
          ],
          [
            97.2647058,
            5.0362506
          ],
          [
            97.2648584,
            5.0356427
          ],
          [
            97.2653161,
            5.035621
          ],
          [
            97.265643,
            5.0360335
          ],
          [
            97.2657737,
            5.0365762
          ],
          [
            97.2662096,
            5.0367716
          ],
          [
            97.2666019,
            5.0364242
          ],
          [
            97.2669013,
            5.0358708
          ],
          [
            97.2671052,
            5.0354496
          ],
          [
            97.2672766,
            5.0351667
          ],
          [
            97.2675553,
            5.0350059
          ],
          [
            97.2682204,
            5.0349089
          ],
          [
            97.2689688,
            5.034883
          ],
          [
            97.2694463,
            5.0349418
          ],
          [
            97.2696769,
            5.035054
          ],
          [
            97.2698434,
            5.0351991
          ],
          [
            97.269993,
            5.0356614
          ],
          [
            97.2702513,
            5.0357778
          ],
          [
            97.2703752,
            5.0355733
          ],
          [
            97.2703434,
            5.0351643
          ],
          [
            97.2707398,
            5.0337541
          ],
          [
            97.2707928,
            5.0334862
          ],
          [
            97.2710972,
            5.0334298
          ],
          [
            97.2713556,
            5.0335355
          ],
          [
            97.2714688,
            5.0337858
          ],
          [
            97.2716529,
            5.0339797
          ],
          [
            97.2718758,
            5.0339515
          ],
          [
            97.2721165,
            5.03374
          ],
          [
            97.2722156,
            5.0334615
          ],
          [
            97.2721802,
            5.0332077
          ],
          [
            97.2720068,
            5.0328939
          ],
          [
            97.2718298,
            5.0326647
          ],
          [
            97.2716458,
            5.0323086
          ],
          [
            97.271529,
            5.0320231
          ],
          [
            97.271621,
            5.0317728
          ],
          [
            97.2718794,
            5.031392
          ],
          [
            97.2730225,
            5.0304824
          ],
          [
            97.2730721,
            5.030285
          ],
          [
            97.2729057,
            5.0300523
          ],
          [
            97.2722439,
            5.0296891
          ],
          [
            97.2720245,
            5.0294952
          ],
          [
            97.2717626,
            5.0294811
          ],
          [
            97.2712636,
            5.0295481
          ],
          [
            97.2709486,
            5.0291956
          ],
          [
            97.2709592,
            5.0288078
          ],
          [
            97.2712812,
            5.0276655
          ],
          [
            97.2723253,
            5.0269956
          ],
          [
            97.2726792,
            5.0268898
          ],
          [
            97.2733765,
            5.0268193
          ],
          [
            97.2735074,
            5.0266783
          ],
          [
            97.2733127,
            5.0260155
          ],
          [
            97.2732951,
            5.0256665
          ],
          [
            97.2736242,
            5.0253985
          ],
          [
            97.27401,
            5.0252892
          ],
          [
            97.2743533,
            5.0253844
          ],
          [
            97.274555,
            5.0257017
          ],
          [
            97.2747709,
            5.0260931
          ],
          [
            97.2747851,
            5.0263328
          ],
          [
            97.274739,
            5.0266748
          ],
          [
            97.2748098,
            5.0271648
          ],
          [
            97.2752204,
            5.0277642
          ],
          [
            97.2757725,
            5.0283106
          ],
          [
            97.2760662,
            5.0284411
          ],
          [
            97.2762821,
            5.0283882
          ],
          [
            97.2767705,
            5.0280321
          ],
          [
            97.2771032,
            5.0279898
          ],
          [
            97.2774607,
            5.0281873
          ],
          [
            97.2775775,
            5.0285187
          ],
          [
            97.2776553,
            5.0291215
          ],
          [
            97.2776058,
            5.0293754
          ],
          [
            97.2774218,
            5.0295834
          ],
          [
            97.2773687,
            5.0300064
          ],
          [
            97.277489,
            5.0305177
          ],
          [
            97.2776129,
            5.0306834
          ],
          [
            97.2780836,
            5.0307327
          ],
          [
            97.2788304,
            5.0306587
          ],
          [
            97.279132,
            5.030454
          ],
          [
            97.2793971,
            5.0296762
          ],
          [
            97.2795381,
            5.0288309
          ],
          [
            97.2799076,
            5.0286971
          ],
          [
            97.2802807,
            5.0288107
          ],
          [
            97.2809204,
            5.0293034
          ],
          [
            97.2814776,
            5.0293765
          ],
          [
            97.2824127,
            5.0291985
          ],
          [
            97.2836212,
            5.0294325
          ],
          [
            97.2842176,
            5.0295135
          ],
          [
            97.2856792,
            5.0293566
          ],
          [
            97.2864388,
            5.0289804
          ],
          [
            97.2868387,
            5.0286295
          ],
          [
            97.2868679,
            5.0284293
          ],
          [
            97.2868126,
            5.0282252
          ],
          [
            97.2866201,
            5.0280462
          ],
          [
            97.2863192,
            5.0278274
          ],
          [
            97.2859772,
            5.0277483
          ],
          [
            97.2851675,
            5.0278448
          ],
          [
            97.2840374,
            5.0279838
          ],
          [
            97.2834025,
            5.0277137
          ],
          [
            97.2827419,
            5.0268589
          ],
          [
            97.2823082,
            5.0255587
          ],
          [
            97.2816328,
            5.0248635
          ],
          [
            97.2815653,
            5.0243769
          ],
          [
            97.2820727,
            5.0237428
          ],
          [
            97.2824948,
            5.0234982
          ],
          [
            97.2839288,
            5.0232393
          ],
          [
            97.2850088,
            5.0233516
          ],
          [
            97.2855881,
            5.0230399
          ],
          [
            97.2863565,
            5.0223431
          ],
          [
            97.2874013,
            5.02209
          ],
          [
            97.2902699,
            5.0227904
          ],
          [
            97.291425,
            5.0228773
          ],
          [
            97.2918173,
            5.0223345
          ],
          [
            97.2925583,
            5.021553
          ],
          [
            97.2933647,
            5.0217918
          ],
          [
            97.2933211,
            5.0229207
          ],
          [
            97.2936698,
            5.0235937
          ],
          [
            97.2942821,
            5.0233245
          ],
          [
            97.2949321,
            5.0227798
          ],
          [
            97.2952276,
            5.0223866
          ],
          [
            97.2957211,
            5.0221104
          ],
          [
            97.2961611,
            5.0219858
          ],
          [
            97.2964821,
            5.021912
          ],
          [
            97.296778,
            5.0219911
          ],
          [
            97.2970746,
            5.022204
          ],
          [
            97.2983772,
            5.0240062
          ],
          [
            97.2990092,
            5.0254391
          ],
          [
            97.2993144,
            5.0261989
          ],
          [
            97.2996631,
            5.0266114
          ],
          [
            97.2999682,
            5.0263726
          ],
          [
            97.3003169,
            5.0255259
          ],
          [
            97.3011232,
            5.024766
          ],
          [
            97.3022565,
            5.0245272
          ],
          [
            97.303891,
            5.0245272
          ],
          [
            97.30485,
            5.0247009
          ],
          [
            97.3058961,
            5.0248963
          ],
          [
            97.3072473,
            5.0247878
          ],
          [
            97.3082062,
            5.0249831
          ],
          [
            97.3101204,
            5.025096
          ],
          [
            97.3113087,
            5.0250069
          ],
          [
            97.3125432,
            5.0250483
          ],
          [
            97.3136111,
            5.0248746
          ],
          [
            97.3147879,
            5.0250917
          ],
          [
            97.31542,
            5.0256996
          ],
          [
            97.3154635,
            5.0266114
          ],
          [
            97.3151366,
            5.0275015
          ],
          [
            97.3152674,
            5.0282396
          ],
          [
            97.3155725,
            5.0288692
          ],
          [
            97.3160956,
            5.0296508
          ],
          [
            97.3168583,
            5.030085
          ],
          [
            97.3171635,
            5.029781
          ],
          [
            97.3174686,
            5.0289561
          ],
          [
            97.318057,
            5.0288041
          ],
          [
            97.3196262,
            5.0290429
          ],
          [
            97.3206287,
            5.0294337
          ],
          [
            97.320908,
            5.0298704
          ],
          [
            97.3211517,
            5.0308231
          ],
          [
            97.3214568,
            5.0316915
          ],
          [
            97.3220889,
            5.0321908
          ],
          [
            97.3227427,
            5.0329724
          ],
          [
            97.3225029,
            5.0349263
          ],
          [
            97.3221978,
            5.0350782
          ],
          [
            97.3217619,
            5.0352736
          ],
          [
            97.3209433,
            5.0364231
          ],
          [
            97.3206744,
            5.0375548
          ],
          [
            97.3202921,
            5.0385031
          ],
          [
            97.3196197,
            5.0398182
          ],
          [
            97.3194038,
            5.0404104
          ],
          [
            97.3193615,
            5.0408421
          ],
          [
            97.3193615,
            5.0422315
          ],
          [
            97.3195141,
            5.0426874
          ],
          [
            97.3197291,
            5.0437269
          ],
          [
            97.3196547,
            5.0443757
          ],
          [
            97.3194955,
            5.0447891
          ],
          [
            97.3185641,
            5.0457258
          ],
          [
            97.3181653,
            5.046431
          ],
          [
            97.3179647,
            5.0475539
          ],
          [
            97.3176439,
            5.0487699
          ],
          [
            97.3173811,
            5.0497969
          ],
          [
            97.3171343,
            5.0506107
          ],
          [
            97.3168486,
            5.0515818
          ],
          [
            97.3164633,
            5.0529824
          ],
          [
            97.3162019,
            5.0539136
          ],
          [
            97.3161801,
            5.0548471
          ],
          [
            97.3161801,
            5.0557806
          ],
          [
            97.3160493,
            5.0569095
          ],
          [
            97.3159839,
            5.0578429
          ],
          [
            97.3156135,
            5.0585376
          ],
          [
            97.315243,
            5.0591021
          ],
          [
            97.3146327,
            5.0598402
          ],
          [
            97.3140661,
            5.0606868
          ],
          [
            97.3134559,
            5.0615335
          ],
          [
            97.3128892,
            5.062836
          ],
          [
            97.3126495,
            5.0636826
          ],
          [
            97.3124316,
            5.064551
          ],
          [
            97.31217,
            5.0653542
          ],
          [
            97.3119085,
            5.0663094
          ],
          [
            97.311538,
            5.0669389
          ],
          [
            97.3110368,
            5.0676553
          ],
          [
            97.3095984,
            5.0687624
          ],
          [
            97.3090317,
            5.069761
          ],
          [
            97.3087702,
            5.0704557
          ],
          [
            97.3087266,
            5.0713458
          ],
          [
            97.3087484,
            5.0723443
          ],
          [
            97.3087266,
            5.0734081
          ],
          [
            97.308792,
            5.0742764
          ],
          [
            97.308792,
            5.0748408
          ],
          [
            97.3083779,
            5.0754921
          ],
          [
            97.3074844,
            5.0762953
          ],
          [
            97.3067652,
            5.0763387
          ],
          [
            97.3057627,
            5.0766426
          ],
          [
            97.304564,
            5.0772938
          ],
          [
            97.3034307,
            5.0780319
          ],
          [
            97.3026897,
            5.0787266
          ],
          [
            97.302341,
            5.0796383
          ],
          [
            97.3024282,
            5.0801376
          ],
          [
            97.3034307,
            5.0805718
          ],
          [
            97.3040845,
            5.0809842
          ],
          [
            97.304564,
            5.0815704
          ],
          [
            97.3045858,
            5.0820696
          ],
          [
            97.3039756,
            5.0828511
          ],
          [
            97.3037794,
            5.0838063
          ],
          [
            97.3038012,
            5.0848266
          ],
          [
            97.3039756,
            5.0862159
          ],
          [
            97.3040628,
            5.0873664
          ],
          [
            97.3039538,
            5.0881479
          ],
          [
            97.3035833,
            5.0883215
          ],
          [
            97.3028423,
            5.087692
          ],
          [
            97.3018834,
            5.0874966
          ],
          [
            97.3009898,
            5.0884518
          ],
          [
            97.3009898,
            5.0895589
          ],
          [
            97.3009244,
            5.0912521
          ],
          [
            97.3006629,
            5.0916428
          ],
          [
            97.3004232,
            5.0923375
          ],
          [
            97.3003578,
            5.0929453
          ],
          [
            97.3000527,
            5.0934229
          ],
          [
            97.2992463,
            5.0944214
          ],
          [
            97.2985489,
            5.0953332
          ],
          [
            97.2979605,
            5.0961798
          ],
          [
            97.2972849,
            5.0965054
          ],
          [
            97.2964349,
            5.0969612
          ],
          [
            97.2951273,
            5.0973737
          ],
          [
            97.294786,
            5.097573
          ],
          [
            97.2945721,
            5.0979037
          ],
          [
            97.294604,
            5.0993919
          ],
          [
            97.294504,
            5.1001316
          ],
          [
            97.2941878,
            5.1009768
          ],
          [
            97.2935581,
            5.1024532
          ],
          [
            97.2931223,
            5.1036471
          ],
          [
            97.2925338,
            5.1049713
          ],
          [
            97.2920326,
            5.1063171
          ],
          [
            97.2913016,
            5.1078139
          ],
          [
            97.290507,
            5.1087918
          ],
          [
            97.2897627,
            5.1095131
          ],
          [
            97.2889912,
            5.110863
          ],
          [
            97.2882606,
            5.1123881
          ],
          [
            97.2879605,
            5.1134651
          ],
          [
            97.2878174,
            5.1154121
          ],
          [
            97.2875914,
            5.115881
          ],
          [
            97.2870854,
            5.1164109
          ],
          [
            97.286738,
            5.1166554
          ],
          [
            97.2858756,
            5.1170675
          ],
          [
            97.285124,
            5.1175614
          ],
          [
            97.2842789,
            5.1184453
          ],
          [
            97.2839722,
            5.1191276
          ],
          [
            97.2838727,
            5.1197655
          ],
          [
            97.2839353,
            5.1202714
          ],
          [
            97.2842019,
            5.1206772
          ],
          [
            97.2845791,
            5.1208826
          ],
          [
            97.2851457,
            5.1210345
          ],
          [
            97.2856766,
            5.1210094
          ],
          [
            97.2867143,
            5.1206146
          ],
          [
            97.2878049,
            5.120014
          ],
          [
            97.288403,
            5.1199057
          ],
          [
            97.288962,
            5.1200482
          ],
          [
            97.2892392,
            5.1202721
          ],
          [
            97.2893375,
            5.1205398
          ],
          [
            97.2892402,
            5.1207887
          ],
          [
            97.2888336,
            5.1211721
          ],
          [
            97.2883112,
            5.1222645
          ],
          [
            97.2876956,
            5.1238347
          ],
          [
            97.2871542,
            5.1248088
          ],
          [
            97.2868125,
            5.125073
          ],
          [
            97.2864085,
            5.1251989
          ],
          [
            97.285755,
            5.1252055
          ],
          [
            97.2851602,
            5.1251111
          ],
          [
            97.284459,
            5.124772
          ],
          [
            97.2840911,
            5.124718
          ],
          [
            97.2838712,
            5.1248195
          ],
          [
            97.283804,
            5.1250615
          ],
          [
            97.2838606,
            5.1257228
          ],
          [
            97.2837576,
            5.1262378
          ],
          [
            97.2834603,
            5.1267701
          ],
          [
            97.2826082,
            5.1278595
          ],
          [
            97.2820242,
            5.1288245
          ],
          [
            97.2816497,
            5.1296714
          ],
          [
            97.2814422,
            5.1305801
          ],
          [
            97.2813027,
            5.1316951
          ],
          [
            97.2811246,
            5.1318615
          ],
          [
            97.2808668,
            5.1319389
          ],
          [
            97.2806378,
            5.1317906
          ],
          [
            97.2800993,
            5.13073
          ],
          [
            97.2796618,
            5.1291074
          ],
          [
            97.2793543,
            5.1287787
          ],
          [
            97.2788671,
            5.1286232
          ],
          [
            97.2784638,
            5.1286825
          ],
          [
            97.2781098,
            5.1289283
          ],
          [
            97.2777828,
            5.1294276
          ],
          [
            97.277651,
            5.1299536
          ],
          [
            97.2777359,
            5.1303887
          ],
          [
            97.2783729,
            5.1313041
          ],
          [
            97.2790931,
            5.1328996
          ],
          [
            97.2799487,
            5.1342378
          ],
          [
            97.2812765,
            5.1356029
          ],
          [
            97.2813131,
            5.1359349
          ],
          [
            97.2810592,
            5.1361499
          ],
          [
            97.2807511,
            5.1361736
          ],
          [
            97.2802287,
            5.1360374
          ],
          [
            97.2795873,
            5.1357212
          ],
          [
            97.2775652,
            5.1341419
          ],
          [
            97.2769672,
            5.1338758
          ],
          [
            97.2763723,
            5.1338367
          ],
          [
            97.2756046,
            5.1340842
          ],
          [
            97.274666,
            5.1345527
          ],
          [
            97.2736564,
            5.1354971
          ],
          [
            97.2735458,
            5.1358046
          ],
          [
            97.2735929,
            5.136061
          ],
          [
            97.2738126,
            5.1362571
          ],
          [
            97.2743601,
            5.1363122
          ],
          [
            97.2750619,
            5.1364311
          ],
          [
            97.2756153,
            5.1367877
          ],
          [
            97.2761625,
            5.1372953
          ],
          [
            97.2766522,
            5.1379496
          ],
          [
            97.2770515,
            5.1388391
          ],
          [
            97.277237,
            5.1396513
          ],
          [
            97.2772461,
            5.1407307
          ],
          [
            97.2770019,
            5.1417671
          ],
          [
            97.2769355,
            5.1426404
          ],
          [
            97.2767687,
            5.1434395
          ],
          [
            97.2764493,
            5.1441552
          ],
          [
            97.2755402,
            5.1452828
          ],
          [
            97.27543,
            5.1456041
          ],
          [
            97.275524,
            5.145932
          ],
          [
            97.2757879,
            5.146099
          ],
          [
            97.2764844,
            5.1460896
          ],
          [
            97.277171,
            5.1458652
          ],
          [
            97.2780316,
            5.145333
          ],
          [
            97.2787659,
            5.1445225
          ],
          [
            97.2797838,
            5.143132
          ],
          [
            97.2808839,
            5.1411333
          ],
          [
            97.2814126,
            5.1406158
          ],
          [
            97.2817254,
            5.140549
          ],
          [
            97.2820175,
            5.1406912
          ],
          [
            97.2821965,
            5.1412131
          ],
          [
            97.2822441,
            5.1417559
          ],
          [
            97.2818545,
            5.1442093
          ],
          [
            97.2819182,
            5.145025
          ],
          [
            97.2820365,
            5.1452507
          ],
          [
            97.2823709,
            5.1452996
          ],
          [
            97.282632,
            5.1451706
          ],
          [
            97.2833079,
            5.1443318
          ],
          [
            97.2838765,
            5.1438669
          ],
          [
            97.2844188,
            5.1436973
          ],
          [
            97.2848333,
            5.1438385
          ],
          [
            97.2849456,
            5.1441676
          ],
          [
            97.2848774,
            5.1445599
          ],
          [
            97.2832715,
            5.1472123
          ],
          [
            97.2828453,
            5.1480269
          ],
          [
            97.2825385,
            5.1486512
          ],
          [
            97.2821335,
            5.1492567
          ],
          [
            97.2810817,
            5.1502943
          ],
          [
            97.2808164,
            5.1506766
          ],
          [
            97.2806901,
            5.1510522
          ],
          [
            97.2807115,
            5.1517849
          ],
          [
            97.2807062,
            5.1526184
          ],
          [
            97.2805409,
            5.1531878
          ],
          [
            97.2800396,
            5.1541408
          ],
          [
            97.2793071,
            5.1552074
          ],
          [
            97.2787249,
            5.1557955
          ],
          [
            97.2783351,
            5.1559256
          ],
          [
            97.2779967,
            5.1558502
          ],
          [
            97.2776967,
            5.1556264
          ],
          [
            97.2773761,
            5.1551156
          ],
          [
            97.2772139,
            5.1545418
          ],
          [
            97.2772084,
            5.1538817
          ],
          [
            97.2775304,
            5.1526558
          ],
          [
            97.2776148,
            5.1519365
          ],
          [
            97.2774689,
            5.1514674
          ],
          [
            97.2770852,
            5.1512186
          ],
          [
            97.276614,
            5.1511125
          ],
          [
            97.2760123,
            5.1513041
          ],
          [
            97.2752346,
            5.1519001
          ],
          [
            97.2742707,
            5.1526605
          ],
          [
            97.273711,
            5.1528321
          ],
          [
            97.2732128,
            5.1527764
          ],
          [
            97.272343,
            5.1524635
          ],
          [
            97.2720587,
            5.1526879
          ],
          [
            97.2720084,
            5.1530205
          ],
          [
            97.2721654,
            5.1533357
          ],
          [
            97.2727615,
            5.1537457
          ],
          [
            97.2731531,
            5.1541999
          ],
          [
            97.2735339,
            5.1549318
          ],
          [
            97.2736155,
            5.1558299
          ],
          [
            97.2734961,
            5.1568456
          ],
          [
            97.2732155,
            5.1574768
          ],
          [
            97.2729117,
            5.157881
          ],
          [
            97.2725093,
            5.1580466
          ],
          [
            97.2720463,
            5.1580535
          ],
          [
            97.2716296,
            5.1578329
          ],
          [
            97.2712272,
            5.1574191
          ],
          [
            97.2709107,
            5.1567964
          ],
          [
            97.2707306,
            5.1560128
          ],
          [
            97.2706747,
            5.1551135
          ],
          [
            97.2709449,
            5.1535184
          ],
          [
            97.2709416,
            5.1526405
          ],
          [
            97.2707444,
            5.1521803
          ],
          [
            97.2701547,
            5.1518675
          ],
          [
            97.2692084,
            5.1518166
          ],
          [
            97.2679764,
            5.1524047
          ],
          [
            97.2676105,
            5.1528425
          ],
          [
            97.2674613,
            5.1535371
          ],
          [
            97.2675625,
            5.1543839
          ],
          [
            97.2678973,
            5.1561176
          ],
          [
            97.2682543,
            5.1572956
          ],
          [
            97.2685661,
            5.1581124
          ],
          [
            97.2710931,
            5.1624757
          ],
          [
            97.2713828,
            5.163619
          ],
          [
            97.2713399,
            5.1646021
          ],
          [
            97.2708785,
            5.1653928
          ],
          [
            97.270452,
            5.1662996
          ]
        ]
      }
    },
    {
      "type": "Feature",
      "id": "way/60051137",
      "properties": {
        "id": 60051137,
        "name": "Sungai Tanpa Nama",
        "waterway": "river",
        "source": "OpenStreetMap (ODbL)"
      },
      "geometry": {
        "type": "LineString",
        "coordinates": [
          [
            97.322921,
            5.032984
          ],
          [
            97.3238498,
            5.0329639
          ],
          [
            97.3248392,
            5.0329639
          ],
          [
            97.3254889,
            5.0334091
          ],
          [
            97.3259659,
            5.0340577
          ],
          [
            97.3259227,
            5.0348241
          ],
          [
            97.3256547,
            5.0352001
          ],
          [
            97.3253918,
            5.0354273
          ],
          [
            97.3250329,
            5.0355462
          ],
          [
            97.3243872,
            5.0354318
          ],
          [
            97.3233492,
            5.0350988
          ],
          [
            97.3225029,
            5.0349263
          ]
        ]
      }
    },
    {
      "type": "Feature",
      "id": "way/60051138",
      "properties": {
        "id": 60051138,
        "name": "Sungai Tanpa Nama",
        "waterway": "river",
        "source": "OpenStreetMap (ODbL)"
      },
      "geometry": {
        "type": "LineString",
        "coordinates": [
          [
            97.3555666,
            4.8793436
          ],
          [
            97.3557866,
            4.8798407
          ],
          [
            97.3558509,
            4.8800545
          ],
          [
            97.3560065,
            4.8812732
          ],
          [
            97.3560816,
            4.8815458
          ],
          [
            97.3561245,
            4.8816527
          ],
          [
            97.3569882,
            4.8825506
          ],
          [
            97.3570526,
            4.8826468
          ],
          [
            97.3571438,
            4.8828499
          ],
          [
            97.3571974,
            4.8830637
          ],
          [
            97.357251,
            4.8837693
          ],
          [
            97.3570257,
            4.884261
          ],
          [
            97.3560923,
            4.8854048
          ],
          [
            97.3560387,
            4.8855064
          ],
          [
            97.3560119,
            4.8856186
          ],
          [
            97.3559904,
            4.8857255
          ],
          [
            97.3559958,
            4.8858378
          ],
          [
            97.356028,
            4.88595
          ],
          [
            97.356382,
            4.8864738
          ],
          [
            97.3564678,
            4.8865379
          ],
          [
            97.3566878,
            4.8866341
          ],
          [
            97.356897,
            4.8866502
          ],
          [
            97.3569989,
            4.8866128
          ],
          [
            97.3570901,
            4.886554
          ],
          [
            97.3572993,
            4.8864845
          ],
          [
            97.3575193,
            4.8864738
          ],
          [
            97.3576105,
            4.8865379
          ],
          [
            97.3576426,
            4.8866395
          ],
          [
            97.3575997,
            4.8868533
          ],
          [
            97.3570687,
            4.8873343
          ],
          [
            97.3566663,
            4.8875802
          ],
          [
            97.3563176,
            4.8880131
          ],
          [
            97.3560816,
            4.8886652
          ],
          [
            97.3562372,
            4.8895792
          ],
          [
            97.3563713,
            4.8897823
          ],
          [
            97.3564464,
            4.8898625
          ],
          [
            97.3569077,
            4.8901618
          ],
          [
            97.3569828,
            4.890242
          ],
          [
            97.3570257,
            4.8903489
          ],
          [
            97.3570418,
            4.8904558
          ],
          [
            97.3569989,
            4.8905573
          ],
          [
            97.356897,
            4.8906214
          ],
          [
            97.3566717,
            4.8906535
          ],
          [
            97.3561031,
            4.8906535
          ],
          [
            97.3555398,
            4.8905947
          ],
          [
            97.355411,
            4.8905947
          ],
          [
            97.3553091,
            4.8906428
          ],
          [
            97.3551267,
            4.8908032
          ],
          [
            97.3550731,
            4.8908994
          ],
          [
            97.3550516,
            4.8910116
          ],
          [
            97.3550945,
            4.8911185
          ],
          [
            97.3551643,
            4.8912147
          ],
          [
            97.3554969,
            4.8915408
          ],
          [
            97.3555666,
            4.8916263
          ],
          [
            97.3556256,
            4.8917278
          ],
          [
            97.3556685,
            4.8918401
          ],
          [
            97.3556739,
            4.8920699
          ],
          [
            97.3556256,
            4.8921661
          ],
          [
            97.3555452,
            4.8922409
          ],
          [
            97.3553091,
            4.8923104
          ],
          [
            97.3551911,
            4.8923265
          ],
          [
            97.3548317,
            4.8923211
          ],
          [
            97.3546117,
            4.8922677
          ],
          [
            97.3541343,
            4.8922035
          ],
          [
            97.3535657,
            4.8920753
          ],
          [
            97.353217,
            4.8920592
          ],
          [
            97.3529971,
            4.8920913
          ],
          [
            97.3525196,
            4.8925563
          ],
          [
            97.3523909,
            4.8927487
          ],
          [
            97.352289,
            4.8929625
          ],
          [
            97.3522407,
            4.8930694
          ],
          [
            97.3522192,
            4.8931763
          ],
          [
            97.3522246,
            4.8934329
          ],
          [
            97.3523533,
            4.8939299
          ],
          [
            97.3521924,
            4.894133
          ],
          [
            97.3517632,
            4.8945285
          ],
          [
            97.3517096,
            4.8946248
          ],
          [
            97.3517042,
            4.8949829
          ],
          [
            97.3517418,
            4.8950951
          ],
          [
            97.3520851,
            4.8955227
          ],
          [
            97.3522836,
            4.895822
          ],
          [
            97.3525357,
            4.8964206
          ],
          [
            97.3528737,
            4.8970032
          ],
          [
            97.3529756,
            4.8970353
          ],
          [
            97.3530883,
            4.8970353
          ],
          [
            97.3533028,
            4.8969711
          ],
          [
            97.3536193,
            4.8969284
          ],
          [
            97.3540538,
            4.8969177
          ],
          [
            97.3542684,
            4.8969551
          ],
          [
            97.3543757,
            4.8969925
          ],
          [
            97.354542,
            4.8971529
          ],
          [
            97.3546064,
            4.8972437
          ],
          [
            97.3546171,
            4.897356
          ],
          [
            97.3546064,
            4.8974682
          ],
          [
            97.3545527,
            4.8975751
          ],
          [
            97.3544723,
            4.8976606
          ],
          [
            97.3542899,
            4.8978049
          ],
          [
            97.354188,
            4.897853
          ],
          [
            97.3537159,
            4.8982272
          ],
          [
            97.3535603,
            4.8983555
          ],
          [
            97.3535067,
            4.8984517
          ],
          [
            97.353496,
            4.898596
          ],
          [
            97.3536462,
            4.8987991
          ],
          [
            97.3536891,
            4.8989113
          ],
          [
            97.3537052,
            4.8990289
          ],
          [
            97.3537052,
            4.8991518
          ],
          [
            97.3536783,
            4.8992587
          ],
          [
            97.3536247,
            4.8993549
          ],
          [
            97.353099,
            4.8998573
          ],
          [
            97.3527503,
            4.9001513
          ],
          [
            97.351892,
            4.9010867
          ],
          [
            97.351833,
            4.9011829
          ],
          [
            97.3516452,
            4.9015891
          ],
          [
            97.3513502,
            4.9020808
          ],
          [
            97.351259,
            4.9022999
          ],
          [
            97.3511249,
            4.9026954
          ],
          [
            97.3509425,
            4.903433
          ],
          [
            97.3509318,
            4.9035506
          ],
          [
            97.3509693,
            4.9036575
          ],
          [
            97.3510927,
            4.9038446
          ],
          [
            97.3514897,
            4.9041011
          ],
          [
            97.351774,
            4.9043042
          ],
          [
            97.3519725,
            4.9045821
          ],
          [
            97.3520368,
            4.9048013
          ],
          [
            97.3520583,
            4.9049082
          ],
          [
            97.3520958,
            4.9054908
          ],
          [
            97.352069,
            4.9056083
          ],
          [
            97.3519617,
            4.9059344
          ],
          [
            97.3519027,
            4.9060359
          ],
          [
            97.3516023,
            4.906378
          ],
          [
            97.3515701,
            4.9064849
          ],
          [
            97.3515648,
            4.906704
          ],
          [
            97.3518115,
            4.9067735
          ],
          [
            97.3519188,
            4.9067735
          ],
          [
            97.3521334,
            4.9067147
          ],
          [
            97.352348,
            4.9066292
          ],
          [
            97.3525196,
            4.9064849
          ],
          [
            97.3527288,
            4.9064528
          ],
          [
            97.3528254,
            4.9064902
          ],
          [
            97.3529059,
            4.9065651
          ],
          [
            97.3529541,
            4.9066613
          ],
          [
            97.3529273,
            4.9071102
          ],
          [
            97.35304,
            4.907928
          ],
          [
            97.3529595,
            4.9081418
          ],
          [
            97.3529059,
            4.908238
          ],
          [
            97.3527986,
            4.9082807
          ],
          [
            97.3526913,
            4.9083449
          ],
          [
            97.3523319,
            4.9086495
          ],
          [
            97.352289,
            4.9087511
          ],
          [
            97.3522782,
            4.908858
          ],
          [
            97.3523909,
            4.9090183
          ],
          [
            97.3524874,
            4.9090771
          ],
          [
            97.3530132,
            4.9092855
          ],
          [
            97.3533511,
            4.9093711
          ],
          [
            97.3534477,
            4.9094192
          ],
          [
            97.3537642,
            4.90951
          ],
          [
            97.3538607,
            4.9095581
          ],
          [
            97.3539358,
            4.9096383
          ],
          [
            97.3540538,
            4.9098254
          ],
          [
            97.3541665,
            4.9101621
          ],
          [
            97.3541504,
            4.9103919
          ],
          [
            97.3540378,
            4.910424
          ],
          [
            97.353791,
            4.910424
          ],
          [
            97.3536837,
            4.9104453
          ],
          [
            97.3535871,
            4.9105041
          ],
          [
            97.353512,
            4.9105843
          ],
          [
            97.3530292,
            4.911402
          ],
          [
            97.3529488,
            4.9114929
          ],
          [
            97.3527449,
            4.9115945
          ],
          [
            97.3526537,
            4.9116693
          ],
          [
            97.3524874,
            4.9118243
          ],
          [
            97.3524177,
            4.9119205
          ],
          [
            97.3523641,
            4.9120274
          ],
          [
            97.3523372,
            4.9121343
          ],
          [
            97.3523533,
            4.9122412
          ],
          [
            97.352525,
            4.9123962
          ],
          [
            97.3526323,
            4.9124229
          ],
          [
            97.3530668,
            4.9123748
          ],
          [
            97.3534799,
            4.9122091
          ],
          [
            97.3536998,
            4.9121877
          ],
          [
            97.3538071,
            4.9122038
          ],
          [
            97.3540217,
            4.9122732
          ],
          [
            97.3542899,
            4.9124496
          ],
          [
            97.3546064,
            4.9125725
          ],
          [
            97.3549765,
            4.9128398
          ],
          [
            97.3550409,
            4.912936
          ],
          [
            97.3550838,
            4.9130429
          ],
          [
            97.3551053,
            4.9132674
          ],
          [
            97.3550838,
            4.9133742
          ],
          [
            97.354998,
            4.9134544
          ],
          [
            97.3548907,
            4.9135025
          ],
          [
            97.35466,
            4.9135667
          ],
          [
            97.3540538,
            4.9136949
          ],
          [
            97.3536783,
            4.9136949
          ],
          [
            97.3535013,
            4.9137217
          ],
          [
            97.3532599,
            4.9137858
          ],
          [
            97.3531419,
            4.9137965
          ],
          [
            97.3526859,
            4.9138018
          ],
          [
            97.3525733,
            4.9138392
          ],
          [
            97.3523802,
            4.9139675
          ],
          [
            97.3523319,
            4.9140637
          ],
          [
            97.3523211,
            4.9141706
          ],
          [
            97.3523587,
            4.9142722
          ],
          [
            97.3526323,
            4.914502
          ],
          [
            97.3531794,
            4.9148494
          ],
          [
            97.3533833,
            4.9149296
          ],
          [
            97.3535711,
            4.9150418
          ],
          [
            97.3540699,
            4.9152716
          ],
          [
            97.3543757,
            4.9153732
          ],
          [
            97.3545957,
            4.9154106
          ],
          [
            97.3550409,
            4.9155335
          ],
          [
            97.3557061,
            4.915603
          ],
          [
            97.3558241,
            4.915603
          ],
          [
            97.3559368,
            4.9155709
          ],
          [
            97.3560226,
            4.9155068
          ],
          [
            97.3562425,
            4.9152609
          ],
          [
            97.3564088,
            4.9151273
          ],
          [
            97.3566073,
            4.9150151
          ],
          [
            97.3567039,
            4.9149777
          ],
          [
            97.3568112,
            4.9149937
          ],
          [
            97.3569024,
            4.9150525
          ],
          [
            97.3569775,
            4.9151273
          ],
          [
            97.3569882,
            4.9152342
          ],
          [
            97.3569667,
            4.9153411
          ],
          [
            97.35672,
            4.9157152
          ],
          [
            97.3566824,
            4.9158221
          ],
          [
            97.3566288,
            4.9161535
          ],
          [
            97.3562908,
            4.9167735
          ],
          [
            97.3560226,
            4.9171369
          ],
          [
            97.355867,
            4.9174416
          ],
          [
            97.3557973,
            4.9175271
          ],
          [
            97.355631,
            4.9176821
          ],
          [
            97.3554379,
            4.9178103
          ],
          [
            97.3553306,
            4.9178531
          ],
          [
            97.3552126,
            4.9178691
          ],
          [
            97.3548639,
            4.9178745
          ],
          [
            97.3547566,
            4.9178959
          ],
          [
            97.3546547,
            4.9179546
          ],
          [
            97.3545849,
            4.9180455
          ],
          [
            97.3548049,
            4.9182539
          ],
          [
            97.3552448,
            4.9185212
          ],
          [
            97.3554325,
            4.9186655
          ],
          [
            97.3557383,
            4.9187991
          ],
          [
            97.3559529,
            4.9189381
          ],
          [
            97.3561889,
            4.9191732
          ],
          [
            97.3567736,
            4.919526
          ],
          [
            97.3569936,
            4.9195848
          ],
          [
            97.3572242,
            4.9196275
          ],
          [
            97.3574495,
            4.9196222
          ],
          [
            97.3575568,
            4.9196436
          ],
          [
            97.3578626,
            4.9198199
          ],
          [
            97.357927,
            4.9199108
          ],
          [
            97.3579967,
            4.9201246
          ],
          [
            97.3579538,
            4.9202261
          ],
          [
            97.3577124,
            4.9204987
          ],
          [
            97.357648,
            4.9205949
          ],
          [
            97.3576051,
            4.9207018
          ],
          [
            97.3575836,
            4.9208087
          ],
          [
            97.3575836,
            4.9209316
          ],
          [
            97.3576641,
            4.9211294
          ],
          [
            97.3579055,
            4.9211775
          ],
          [
            97.3581684,
            4.9211828
          ],
          [
            97.3583454,
            4.9211668
          ],
          [
            97.3585546,
            4.9211026
          ],
          [
            97.3586619,
            4.9211187
          ],
          [
            97.3590803,
            4.9212683
          ],
          [
            97.3591876,
            4.9212897
          ],
          [
            97.3595041,
            4.921263
          ],
          [
            97.359665,
            4.9211828
          ],
          [
            97.3599547,
            4.9209263
          ],
          [
            97.3600352,
            4.9208354
          ],
          [
            97.3602122,
            4.9206965
          ],
          [
            97.3603195,
            4.9206537
          ],
          [
            97.3605663,
            4.920627
          ],
          [
            97.3606735,
            4.9206323
          ],
          [
            97.3607433,
            4.9207232
          ],
          [
            97.3607755,
            4.9208408
          ],
          [
            97.3607808,
            4.9211988
          ],
          [
            97.3608077,
            4.9213057
          ],
          [
            97.3608452,
            4.9214073
          ],
          [
            97.3609096,
            4.9214981
          ],
          [
            97.3614675,
            4.9219471
          ],
          [
            97.3619342,
            4.9223693
          ],
          [
            97.3621327,
            4.922519
          ],
          [
            97.3622346,
            4.9225617
          ],
          [
            97.3624653,
            4.9225136
          ],
          [
            97.3630178,
            4.9221662
          ],
          [
            97.3631036,
            4.9220967
          ],
          [
            97.3631787,
            4.9220005
          ],
          [
            97.3632753,
            4.9218081
          ],
          [
            97.3633718,
            4.9217387
          ],
          [
            97.3635703,
            4.9216585
          ],
          [
            97.3638922,
            4.921573
          ],
          [
            97.3639995,
            4.921605
          ],
          [
            97.3642248,
            4.9218616
          ],
          [
            97.364316,
            4.9219097
          ],
          [
            97.3644018,
            4.9219792
          ],
          [
            97.3645467,
            4.9221555
          ],
          [
            97.3646218,
            4.922364
          ],
          [
            97.3646378,
            4.9225831
          ],
          [
            97.364552,
            4.9232245
          ],
          [
            97.3645359,
            4.9235665
          ],
          [
            97.3645091,
            4.923791
          ],
          [
            97.364493,
            4.9238979
          ],
          [
            97.3644501,
            4.9239994
          ],
          [
            97.364375,
            4.924085
          ],
          [
            97.3642623,
            4.924117
          ],
          [
            97.3641443,
            4.9240956
          ],
          [
            97.3640424,
            4.9240582
          ],
          [
            97.3639458,
            4.9239994
          ],
          [
            97.3638332,
            4.9239727
          ],
          [
            97.3636079,
            4.9240155
          ],
          [
            97.3635006,
            4.9240636
          ],
          [
            97.3633075,
            4.9241865
          ],
          [
            97.3631144,
            4.9243869
          ],
          [
            97.3629642,
            4.9246087
          ],
          [
            97.3628542,
            4.9247397
          ],
          [
            97.3624733,
            4.9248305
          ],
          [
            97.3618484,
            4.9252581
          ],
          [
            97.3617786,
            4.9253596
          ],
          [
            97.361733,
            4.9254585
          ],
          [
            97.3617277,
            4.9256322
          ],
          [
            97.3618135,
            4.9260651
          ],
          [
            97.3619047,
            4.9262041
          ],
          [
            97.3619556,
            4.9262362
          ],
          [
            97.3621246,
            4.9262976
          ],
          [
            97.3623848,
            4.9265061
          ],
          [
            97.3625565,
            4.9266076
          ],
          [
            97.3627764,
            4.9267092
          ],
          [
            97.3629186,
            4.9267973
          ],
          [
            97.3631278,
            4.9269924
          ],
          [
            97.3631975,
            4.9271528
          ],
          [
            97.3631921,
            4.927265
          ],
          [
            97.3629856,
            4.9277834
          ],
          [
            97.3629427,
            4.9280025
          ],
          [
            97.3627925,
            4.9285423
          ],
          [
            97.3624492,
            4.9288523
          ],
          [
            97.3624277,
            4.9289646
          ],
          [
            97.3625618,
            4.9290928
          ],
          [
            97.3626959,
            4.9290661
          ],
          [
            97.362932,
            4.9289753
          ],
          [
            97.3630446,
            4.9289592
          ],
          [
            97.3631412,
            4.9289111
          ],
          [
            97.3632216,
            4.928831
          ],
          [
            97.3633128,
            4.9287829
          ],
          [
            97.3636293,
            4.928708
          ],
          [
            97.3637366,
            4.928676
          ],
          [
            97.3638332,
            4.9286279
          ],
          [
            97.3639405,
            4.9286011
          ],
          [
            97.3642302,
            4.9284729
          ],
          [
            97.3645037,
            4.9283018
          ],
          [
            97.364611,
            4.9282591
          ],
          [
            97.3647183,
            4.9282377
          ],
          [
            97.3648149,
            4.9282805
          ],
          [
            97.3648846,
            4.9283606
          ],
          [
            97.364949,
            4.9284461
          ],
          [
            97.3650455,
            4.9286492
          ],
          [
            97.3650885,
            4.9288737
          ],
          [
            97.3650885,
            4.9289913
          ],
          [
            97.3650509,
            4.9290982
          ],
          [
            97.364949,
            4.929157
          ],
          [
            97.3647076,
            4.9291516
          ],
          [
            97.3645896,
            4.9291784
          ],
          [
            97.3641497,
            4.9293333
          ],
          [
            97.3639405,
            4.9294295
          ],
          [
            97.3638385,
            4.929499
          ],
          [
            97.3636669,
            4.9296487
          ],
          [
            97.3635381,
            4.9301457
          ],
          [
            97.3634899,
            4.930258
          ],
          [
            97.3633665,
            4.930445
          ],
          [
            97.3633236,
            4.9305466
          ],
          [
            97.3628998,
            4.9312895
          ],
          [
            97.3627496,
            4.9315994
          ],
          [
            97.3627281,
            4.9317063
          ],
          [
            97.3627764,
            4.9319201
          ],
          [
            97.36283,
            4.9320217
          ],
          [
            97.363463,
            4.9324118
          ],
          [
            97.3636454,
            4.9325454
          ],
          [
            97.36386,
            4.9326256
          ],
          [
            97.3639512,
            4.9326737
          ],
          [
            97.3642355,
            4.9328661
          ],
          [
            97.3647398,
            4.9331761
          ],
          [
            97.3648149,
            4.9332616
          ],
          [
            97.3650026,
            4.9335395
          ],
          [
            97.3650992,
            4.9337426
          ],
          [
            97.3651636,
            4.9338281
          ],
          [
            97.3653996,
            4.9340633
          ],
          [
            97.3655391,
            4.934229
          ],
          [
            97.3655659,
            4.9344855
          ],
          [
            97.3653781,
            4.9355918
          ],
          [
            97.3652977,
            4.9356773
          ],
          [
            97.3650938,
            4.9357789
          ],
          [
            97.3649812,
            4.9357789
          ],
          [
            97.3642409,
            4.9359018
          ],
          [
            97.3641336,
            4.9359071
          ],
          [
            97.3639029,
            4.9359606
          ],
          [
            97.3637849,
            4.9359713
          ],
          [
            97.3635542,
            4.9360354
          ],
          [
            97.363345,
            4.9361583
          ],
          [
            97.3631197,
            4.9362225
          ],
          [
            97.3627764,
            4.9363454
          ],
          [
            97.3625833,
            4.9364416
          ],
          [
            97.362476,
            4.9364256
          ],
          [
            97.3621166,
            4.936308
          ],
          [
            97.3620093,
            4.9362973
          ],
          [
            97.3617732,
            4.9362385
          ],
          [
            97.3613334,
            4.9361797
          ],
          [
            97.3611027,
            4.9362278
          ],
          [
            97.3610008,
            4.9362866
          ],
          [
            97.360872,
            4.936479
          ],
          [
            97.3607862,
            4.9365592
          ],
          [
            97.3605126,
            4.9367569
          ],
          [
            97.3601264,
            4.9371471
          ],
          [
            97.3599493,
            4.9372914
          ],
          [
            97.3598421,
            4.9373448
          ],
          [
            97.3597455,
            4.9374196
          ],
          [
            97.3596758,
            4.9375158
          ],
          [
            97.3596168,
            4.9376174
          ],
          [
            97.3595953,
            4.9377243
          ],
          [
            97.3595095,
            4.9379327
          ],
          [
            97.3592412,
            4.9388733
          ],
          [
            97.3591983,
            4.9389856
          ],
          [
            97.359134,
            4.9390925
          ],
          [
            97.3590535,
            4.9391726
          ],
          [
            97.3588604,
            4.9393009
          ],
          [
            97.3587263,
            4.9392662
          ],
          [
            97.3586082,
            4.9391406
          ],
          [
            97.3584151,
            4.9390283
          ],
          [
            97.3583561,
            4.9390123
          ],
          [
            97.3581791,
            4.9390096
          ],
          [
            97.3580128,
            4.9390604
          ],
          [
            97.3579162,
            4.9391299
          ],
          [
            97.3577902,
            4.9392822
          ],
          [
            97.3575649,
            4.9394799
          ],
          [
            97.3574066,
            4.9397392
          ],
          [
            97.3573369,
            4.9398995
          ],
          [
            97.3572671,
            4.9400037
          ],
          [
            97.3571867,
            4.9400812
          ],
          [
            97.3571277,
            4.9400946
          ],
          [
            97.3570123,
            4.9400919
          ],
          [
            97.356897,
            4.9400491
          ],
          [
            97.3565376,
            4.9399957
          ],
          [
            97.3563686,
            4.9399476
          ],
          [
            97.356154,
            4.9398487
          ],
          [
            97.3560441,
            4.939814
          ],
          [
            97.3557329,
            4.9397605
          ],
          [
            97.3555639,
            4.9397418
          ],
          [
            97.3554513,
            4.9397445
          ],
          [
            97.3550624,
            4.940001
          ],
          [
            97.3544937,
            4.9404233
          ],
          [
            97.3542684,
            4.9404607
          ],
          [
            97.3538339,
            4.940637
          ],
          [
            97.3537266,
            4.9406531
          ],
          [
            97.3535013,
            4.940605
          ],
          [
            97.3529112,
            4.9405141
          ],
          [
            97.3526859,
            4.9404339
          ],
          [
            97.3526162,
            4.9403484
          ],
          [
            97.3526591,
            4.9401667
          ],
          [
            97.3526967,
            4.9396269
          ],
          [
            97.3526645,
            4.93952
          ],
          [
            97.3525089,
            4.9392207
          ],
          [
            97.3524392,
            4.9391352
          ],
          [
            97.3523211,
            4.9389428
          ],
          [
            97.352246,
            4.9388627
          ],
          [
            97.3521441,
            4.9388039
          ],
          [
            97.3519403,
            4.9387184
          ],
          [
            97.351715,
            4.9386542
          ],
          [
            97.3516077,
            4.9386435
          ],
          [
            97.3510712,
            4.9385099
          ],
          [
            97.3508513,
            4.9384191
          ],
          [
            97.3506689,
            4.9382908
          ],
          [
            97.3505938,
            4.9382053
          ],
          [
            97.3504704,
            4.9380129
          ],
          [
            97.3502666,
            4.9379006
          ],
          [
            97.3501539,
            4.9378739
          ],
          [
            97.350052,
            4.9379274
          ],
          [
            97.3497248,
            4.938248
          ],
          [
            97.3496282,
            4.9383015
          ],
          [
            97.3495263,
            4.9383442
          ],
          [
            97.3490864,
            4.9384618
          ],
          [
            97.3487753,
            4.9385901
          ],
          [
            97.3483247,
            4.9386489
          ],
          [
            97.3476648,
            4.9388466
          ],
          [
            97.3474556,
            4.9389375
          ],
          [
            97.3473698,
            4.9390818
          ],
          [
            97.3472947,
            4.9393063
          ],
          [
            97.3472732,
            4.9394185
          ],
          [
            97.3472947,
            4.9395254
          ],
          [
            97.3473483,
            4.9396162
          ],
          [
            97.3474234,
            4.9396911
          ],
          [
            97.3475039,
            4.9397659
          ],
          [
            97.3476863,
            4.9398835
          ],
          [
            97.347756,
            4.9399743
          ],
          [
            97.3478204,
            4.9401881
          ],
          [
            97.3478419,
            4.9403698
          ],
          [
            97.3478955,
            4.9405301
          ],
          [
            97.3480028,
            4.9407706
          ],
          [
            97.3480725,
            4.9408508
          ],
          [
            97.3482442,
            4.9409898
          ],
          [
            97.3483193,
            4.9410806
          ],
          [
            97.3483622,
            4.9411875
          ],
          [
            97.3483676,
            4.9412997
          ],
          [
            97.3483622,
            4.941412
          ],
          [
            97.3483193,
            4.9416258
          ],
          [
            97.3481691,
            4.9419197
          ],
          [
            97.3480189,
            4.9421014
          ],
          [
            97.3479652,
            4.942203
          ],
          [
            97.3478633,
            4.9425236
          ],
          [
            97.3477077,
            4.942716
          ],
          [
            97.3473698,
            4.9430474
          ],
          [
            97.3473215,
            4.9431436
          ],
          [
            97.3472786,
            4.9433627
          ],
          [
            97.3473751,
            4.9437368
          ],
          [
            97.3477614,
            4.9443087
          ],
          [
            97.3482388,
            4.9447737
          ],
          [
            97.348448,
            4.9450355
          ],
          [
            97.3485607,
            4.9452226
          ],
          [
            97.348566,
            4.9453348
          ],
          [
            97.3485178,
            4.9459708
          ],
          [
            97.3484212,
            4.9463022
          ],
          [
            97.3480028,
            4.9468473
          ],
          [
            97.3479491,
            4.9469488
          ],
          [
            97.347874,
            4.9471573
          ],
          [
            97.347815,
            4.9472481
          ],
          [
            97.3477238,
            4.9473336
          ],
          [
            97.3475254,
            4.9474726
          ],
          [
            97.3474395,
            4.9475528
          ],
          [
            97.3473644,
            4.947649
          ],
          [
            97.3473161,
            4.9477452
          ],
          [
            97.3473054,
            4.9479429
          ],
          [
            97.3473322,
            4.9480551
          ],
          [
            97.347461,
            4.9482368
          ],
          [
            97.3475361,
            4.9483224
          ],
          [
            97.3477185,
            4.948472
          ],
          [
            97.3477882,
            4.9485522
          ],
          [
            97.3479545,
            4.9486965
          ],
          [
            97.3480296,
            4.9487766
          ],
          [
            97.3480779,
            4.9488728
          ],
          [
            97.3480993,
            4.949092
          ],
          [
            97.348094,
            4.9495035
          ],
          [
            97.3481154,
            4.9497226
          ],
          [
            97.3481154,
            4.9500646
          ],
          [
            97.3480564,
            4.9508663
          ],
          [
            97.3480833,
            4.9509785
          ],
          [
            97.3485017,
            4.9512778
          ],
          [
            97.3486036,
            4.9513366
          ],
          [
            97.3487109,
            4.951374
          ],
          [
            97.3488182,
            4.9514061
          ],
          [
            97.3489255,
            4.9513901
          ],
          [
            97.3492366,
            4.9512885
          ],
          [
            97.3493439,
            4.9512671
          ],
          [
            97.3495638,
            4.9512511
          ],
          [
            97.3496818,
            4.9512671
          ],
          [
            97.3499983,
            4.9513687
          ],
          [
            97.3501003,
            4.9514328
          ],
          [
            97.3503524,
            4.9516573
          ],
          [
            97.3503953,
            4.9517642
          ],
          [
            97.35039,
            4.9522184
          ],
          [
            97.3500735,
            4.9533568
          ],
          [
            97.3499501,
            4.9535706
          ],
          [
            97.3498374,
            4.9539073
          ],
          [
            97.3497999,
            4.954121
          ],
          [
            97.3497999,
            4.9543455
          ],
          [
            97.3498267,
            4.9546822
          ],
          [
            97.3500252,
            4.954896
          ],
          [
            97.3502183,
            4.9549975
          ],
          [
            97.3504811,
            4.9551953
          ],
          [
            97.350803,
            4.9554892
          ],
          [
            97.3508513,
            4.9555907
          ],
          [
            97.3509103,
            4.9558152
          ],
          [
            97.350921,
            4.956045
          ],
          [
            97.3508835,
            4.9562588
          ],
          [
            97.3508406,
            4.9563657
          ],
          [
            97.350744,
            4.9564298
          ],
          [
            97.3505241,
            4.9564619
          ],
          [
            97.3500788,
            4.9566382
          ],
          [
            97.3497838,
            4.9568092
          ],
          [
            97.3497033,
            4.9569001
          ],
          [
            97.3496228,
            4.9571566
          ],
          [
            97.3496282,
            4.9578674
          ],
          [
            97.349478,
            4.9582896
          ],
          [
            97.3493546,
            4.9584981
          ],
          [
            97.3491776,
            4.958653
          ],
          [
            97.3484427,
            4.959134
          ],
          [
            97.3482013,
            4.9593906
          ],
          [
            97.3480135,
            4.9596685
          ],
          [
            97.3479223,
            4.9598822
          ],
          [
            97.3478633,
            4.960096
          ],
          [
            97.3475897,
            4.9605343
          ],
          [
            97.3474503,
            4.9608603
          ],
          [
            97.3473322,
            4.961058
          ],
          [
            97.3471606,
            4.9612023
          ],
          [
            97.347064,
            4.9612611
          ],
          [
            97.346887,
            4.9614161
          ],
          [
            97.3464954,
            4.961694
          ],
          [
            97.3463881,
            4.9617474
          ],
          [
            97.3461628,
            4.9618169
          ],
          [
            97.3459482,
            4.9619077
          ],
          [
            97.345342,
            4.9626239
          ],
          [
            97.3450041,
            4.9630995
          ],
          [
            97.3448861,
            4.9633186
          ],
          [
            97.3447466,
            4.963495
          ],
          [
            97.3441565,
            4.9645158
          ],
          [
            97.3439527,
            4.9648044
          ],
          [
            97.3437864,
            4.9651036
          ],
          [
            97.3436415,
            4.9652853
          ],
          [
            97.3433894,
            4.9655098
          ],
          [
            97.34281,
            4.9661137
          ],
          [
            97.3425418,
            4.9663542
          ],
          [
            97.3424721,
            4.9664557
          ],
          [
            97.3423701,
            4.9666695
          ],
          [
            97.3423058,
            4.9668993
          ],
          [
            97.3422843,
            4.9671131
          ],
          [
            97.3423165,
            4.9675567
          ],
          [
            97.3423004,
            4.9676689
          ],
          [
            97.3422253,
            4.9678827
          ],
          [
            97.3419785,
            4.9681445
          ],
          [
            97.3415977,
            4.9684492
          ],
          [
            97.3415172,
            4.9685347
          ],
          [
            97.341367,
            4.968711
          ],
          [
            97.3410022,
            4.969363
          ],
          [
            97.3405945,
            4.9698013
          ],
          [
            97.3402834,
            4.9702181
          ],
          [
            97.3398757,
            4.9706724
          ],
          [
            97.3397201,
            4.9708167
          ],
          [
            97.3396343,
            4.9710732
          ],
          [
            97.3396128,
            4.9711908
          ],
          [
            97.339586,
            4.9715488
          ],
          [
            97.3394519,
            4.9722863
          ],
          [
            97.33935,
            4.9724947
          ],
          [
            97.3390925,
            4.9731307
          ],
          [
            97.3390442,
            4.9734567
          ],
          [
            97.3390067,
            4.9735582
          ],
          [
            97.3387974,
            4.9738308
          ],
          [
            97.3386204,
            4.9739698
          ],
          [
            97.3381859,
            4.9746111
          ],
          [
            97.3379391,
            4.9750279
          ],
          [
            97.3378426,
            4.9752363
          ],
          [
            97.3376548,
            4.9755249
          ],
          [
            97.337392,
            4.9757601
          ],
          [
            97.3371988,
            4.975899
          ],
          [
            97.3371184,
            4.9759738
          ],
          [
            97.3368877,
            4.9764121
          ],
          [
            97.3367965,
            4.9765136
          ],
          [
            97.3365176,
            4.9769465
          ],
          [
            97.3361796,
            4.9774221
          ],
          [
            97.3361099,
            4.9776466
          ],
          [
            97.3360938,
            4.9778657
          ],
          [
            97.3364586,
            4.9786032
          ],
          [
            97.3364907,
            4.9787475
          ],
          [
            97.3364693,
            4.9788811
          ],
          [
            97.3363995,
            4.9791055
          ],
          [
            97.3362815,
            4.9794262
          ],
          [
            97.3359972,
            4.9797789
          ],
          [
            97.3358953,
            4.979827
          ],
          [
            97.3357183,
            4.9799713
          ],
          [
            97.335493,
            4.9802438
          ],
          [
            97.33545,
            4.9803507
          ],
          [
            97.3354286,
            4.9804629
          ],
          [
            97.3353964,
            4.9809225
          ],
          [
            97.3353481,
            4.9811417
          ],
          [
            97.335273,
            4.9813715
          ],
          [
            97.3348975,
            4.9822479
          ],
          [
            97.3348224,
            4.982467
          ],
          [
            97.3345649,
            4.9827235
          ],
          [
            97.334522,
            4.9828357
          ],
          [
            97.3340338,
            4.9838351
          ],
          [
            97.3339856,
            4.9839473
          ],
          [
            97.3339587,
            4.9840542
          ],
          [
            97.3339212,
            4.9842733
          ],
          [
            97.3339158,
            4.9843909
          ],
          [
            97.3338836,
            4.9845245
          ],
          [
            97.3337924,
            4.9847703
          ],
          [
            97.3337334,
            4.9848719
          ],
          [
            97.3336422,
            4.9849413
          ],
          [
            97.3334062,
            4.9849681
          ],
          [
            97.3332989,
            4.9849467
          ],
          [
            97.3331863,
            4.984952
          ],
          [
            97.3330843,
            4.9849894
          ],
          [
            97.3329985,
            4.9850589
          ],
          [
            97.3325318,
            4.9856628
          ],
          [
            97.3323601,
            4.9860155
          ],
          [
            97.3322368,
            4.9862132
          ],
          [
            97.3320061,
            4.9864804
          ],
          [
            97.3315984,
            4.9870576
          ],
          [
            97.3314696,
            4.9873355
          ],
          [
            97.3313838,
            4.9876615
          ],
          [
            97.3313409,
            4.9877684
          ],
          [
            97.3312122,
            4.9879554
          ],
          [
            97.3311639,
            4.9880623
          ],
          [
            97.331121,
            4.9882761
          ],
          [
            97.3311049,
            4.9887196
          ],
          [
            97.3311102,
            4.9891365
          ],
          [
            97.3311531,
            4.9894678
          ],
          [
            97.3312551,
            4.9897884
          ],
          [
            97.331298,
            4.9900182
          ],
          [
            97.331298,
            4.9903496
          ],
          [
            97.3312819,
            4.9904565
          ],
          [
            97.331062,
            4.9910443
          ],
          [
            97.3309976,
            4.9911458
          ],
          [
            97.3309118,
            4.9913649
          ],
          [
            97.3307508,
            4.9916535
          ],
          [
            97.3304826,
            4.992033
          ],
          [
            97.3303807,
            4.9922414
          ],
          [
            97.3303431,
            4.9923483
          ],
          [
            97.330327,
            4.9924605
          ],
          [
            97.3303324,
            4.9926796
          ],
          [
            97.3305684,
            4.9932247
          ],
          [
            97.3307562,
            4.9938767
          ],
          [
            97.3309332,
            4.994395
          ],
          [
            97.3309493,
            4.9945019
          ],
          [
            97.3310351,
            4.9946943
          ],
          [
            97.3310351,
            4.995031
          ],
          [
            97.331078,
            4.9952447
          ],
          [
            97.3311156,
            4.9956135
          ],
          [
            97.3311102,
            4.9963349
          ],
          [
            97.331062,
            4.9964418
          ],
          [
            97.3309493,
            4.9964846
          ],
          [
            97.330842,
            4.9965059
          ],
          [
            97.3306167,
            4.9965113
          ],
          [
            97.3303807,
            4.996554
          ],
          [
            97.3302734,
            4.9965807
          ],
          [
            97.3300534,
            4.9966662
          ],
          [
            97.3299622,
            4.9967411
          ],
          [
            97.3298871,
            4.9968266
          ],
          [
            97.3298335,
            4.9969228
          ],
          [
            97.329635,
            4.9977671
          ],
          [
            97.3295814,
            4.9980931
          ],
          [
            97.3294902,
            4.9984298
          ],
          [
            97.3295438,
            4.9989214
          ],
          [
            97.3295224,
            4.9990283
          ],
          [
            97.3294204,
            4.9992314
          ],
          [
            97.32934,
            4.9993222
          ],
          [
            97.329222,
            4.9995306
          ],
          [
            97.3289537,
            5.0001666
          ],
          [
            97.328943,
            5.0002735
          ],
          [
            97.3289806,
            5.0005834
          ],
          [
            97.3290235,
            5.0008132
          ],
          [
            97.3291737,
            5.001369
          ],
          [
            97.3291898,
            5.0014812
          ],
          [
            97.3291898,
            5.001711
          ],
          [
            97.3289591,
            5.0026676
          ],
          [
            97.3288518,
            5.0029936
          ],
          [
            97.3288411,
            5.0035707
          ],
          [
            97.3289108,
            5.0042334
          ],
          [
            97.3289108,
            5.0048052
          ],
          [
            97.3288304,
            5.0051365
          ],
          [
            97.3285407,
            5.0060236
          ],
          [
            97.3284334,
            5.006248
          ],
          [
            97.3280686,
            5.0068519
          ],
          [
            97.3280364,
            5.0069641
          ],
          [
            97.3280257,
            5.0070763
          ],
          [
            97.3280364,
            5.0071939
          ],
          [
            97.3280901,
            5.0072901
          ],
          [
            97.3283797,
            5.0075145
          ],
          [
            97.3286372,
            5.007739
          ],
          [
            97.3287392,
            5.0077871
          ],
          [
            97.3289216,
            5.0079314
          ],
          [
            97.329002,
            5.0080169
          ],
          [
            97.3290771,
            5.0081718
          ],
          [
            97.3290557,
            5.0083589
          ],
          [
            97.3286104,
            5.0088185
          ],
          [
            97.3285621,
            5.0089147
          ],
          [
            97.3285407,
            5.0092567
          ],
          [
            97.328589,
            5.0097269
          ],
          [
            97.3284763,
            5.0105125
          ],
          [
            97.328369,
            5.0106407
          ],
          [
            97.3281598,
            5.010753
          ],
          [
            97.3279506,
            5.0108438
          ],
          [
            97.327913,
            5.0109453
          ],
          [
            97.3279077,
            5.0110629
          ],
          [
            97.3280257,
            5.0114958
          ],
          [
            97.3281437,
            5.0118057
          ],
          [
            97.3282778,
            5.0122546
          ],
          [
            97.3282778,
            5.012431
          ],
          [
            97.3282671,
            5.0125432
          ],
          [
            97.3281193,
            5.0128596
          ],
          [
            97.3280638,
            5.0134842
          ],
          [
            97.3278991,
            5.0141225
          ],
          [
            97.3276309,
            5.0150272
          ],
          [
            97.3275332,
            5.015641
          ],
          [
            97.3276143,
            5.0161791
          ],
          [
            97.3275133,
            5.0165698
          ],
          [
            97.3272172,
            5.0169644
          ],
          [
            97.3268743,
            5.0174847
          ],
          [
            97.3265439,
            5.0179062
          ],
          [
            97.3264087,
            5.0183052
          ],
          [
            97.3266026,
            5.0187527
          ],
          [
            97.3263037,
            5.0191334
          ],
          [
            97.3259863,
            5.019309
          ],
          [
            97.3254168,
            5.0191045
          ],
          [
            97.3250683,
            5.0193002
          ],
          [
            97.3253503,
            5.0197692
          ],
          [
            97.3258909,
            5.0201508
          ],
          [
            97.3257518,
            5.0209567
          ],
          [
            97.3258214,
            5.021527
          ],
          [
            97.3263233,
            5.0219426
          ],
          [
            97.3267373,
            5.0222428
          ],
          [
            97.3267167,
            5.022472
          ],
          [
            97.3264331,
            5.0228778
          ],
          [
            97.3258764,
            5.0230548
          ],
          [
            97.3250815,
            5.0230675
          ],
          [
            97.3243142,
            5.0231077
          ],
          [
            97.3240113,
            5.0235905
          ],
          [
            97.3240921,
            5.0243347
          ],
          [
            97.3240719,
            5.0249382
          ],
          [
            97.3236883,
            5.0255818
          ],
          [
            97.3233046,
            5.0259439
          ],
          [
            97.3225979,
            5.0259841
          ],
          [
            97.3219113,
            5.025964
          ],
          [
            97.3216085,
            5.0263663
          ],
          [
            97.3214671,
            5.02701
          ],
          [
            97.3215965,
            5.0274832
          ],
          [
            97.3207943,
            5.028315
          ],
          [
            97.3207548,
            5.0287635
          ],
          [
            97.3215109,
            5.0289265
          ],
          [
            97.321628,
            5.0291432
          ],
          [
            97.3216176,
            5.0293354
          ],
          [
            97.3212414,
            5.029671
          ],
          [
            97.320908,
            5.0298704
          ]
        ]
      }
    },
    {
      "type": "Feature",
      "id": "way/60064276",
      "properties": {
        "id": 60064276,
        "name": "Sungai Tanpa Nama",
        "waterway": "river",
        "source": "OpenStreetMap (ODbL)"
      },
      "geometry": {
        "type": "LineString",
        "coordinates": [
          [
            96.8090647,
            5.0398676
          ],
          [
            96.8089518,
            5.0401674
          ],
          [
            96.8089769,
            5.0403985
          ],
          [
            96.8090584,
            5.0405609
          ],
          [
            96.8092527,
            5.0407919
          ],
          [
            96.8092527,
            5.0410043
          ],
          [
            96.8090396,
            5.0414602
          ],
          [
            96.8089455,
            5.04176
          ],
          [
            96.8090082,
            5.0427093
          ],
          [
            96.8089581,
            5.043059
          ],
          [
            96.8086813,
            5.0437445
          ],
          [
            96.8082786,
            5.0445179
          ],
          [
            96.8072921,
            5.0456992
          ],
          [
            96.8068085,
            5.0468804
          ],
          [
            96.8066707,
            5.0475732
          ],
          [
            96.8067619,
            5.0481365
          ],
          [
            96.8068689,
            5.0484905
          ],
          [
            96.8066121,
            5.0490954
          ],
          [
            96.8064533,
            5.0497227
          ],
          [
            96.806373,
            5.050011
          ],
          [
            96.8061592,
            5.0504017
          ],
          [
            96.8059443,
            5.0509974
          ],
          [
            96.8060364,
            5.0514785
          ],
          [
            96.8058736,
            5.0520074
          ],
          [
            96.8055514,
            5.0527226
          ],
          [
            96.8053111,
            5.0533196
          ],
          [
            96.8051712,
            5.0536897
          ],
          [
            96.8051696,
            5.0541696
          ],
          [
            96.8050956,
            5.0544305
          ],
          [
            96.8050093,
            5.0546975
          ],
          [
            96.8050243,
            5.0549841
          ],
          [
            96.8049422,
            5.0553718
          ],
          [
            96.8050327,
            5.0558546
          ],
          [
            96.8048657,
            5.0570532
          ],
          [
            96.8048048,
            5.0575635
          ],
          [
            96.8050843,
            5.0579438
          ],
          [
            96.805413,
            5.0591011
          ],
          [
            96.8061163,
            5.060067
          ],
          [
            96.8062075,
            5.0601923
          ],
          [
            96.8064513,
            5.0608571
          ],
          [
            96.806299,
            5.0612561
          ],
          [
            96.8060692,
            5.0616182
          ],
          [
            96.8055362,
            5.062453
          ],
          [
            96.8047689,
            5.0627258
          ],
          [
            96.8043479,
            5.0628238
          ],
          [
            96.8039018,
            5.0631841
          ],
          [
            96.8036841,
            5.0640619
          ],
          [
            96.8033621,
            5.0648022
          ],
          [
            96.8034381,
            5.0652358
          ],
          [
            96.8036983,
            5.0654104
          ],
          [
            96.8045601,
            5.0652993
          ],
          [
            96.8051845,
            5.0652997
          ],
          [
            96.8055837,
            5.0655633
          ],
          [
            96.8058059,
            5.0657747
          ],
          [
            96.8067399,
            5.0665063
          ],
          [
            96.8078464,
            5.0672986
          ],
          [
            96.8084069,
            5.0679063
          ],
          [
            96.8084872,
            5.0684705
          ],
          [
            96.8082545,
            5.0688171
          ],
          [
            96.8077256,
            5.069206
          ],
          [
            96.8073526,
            5.0699479
          ],
          [
            96.8072569,
            5.0707933
          ],
          [
            96.8080535,
            5.071292
          ],
          [
            96.8078346,
            5.0715101
          ],
          [
            96.8078127,
            5.0728623
          ],
          [
            96.8079221,
            5.073691
          ],
          [
            96.8083819,
            5.0740836
          ],
          [
            96.8088417,
            5.0739963
          ],
          [
            96.8092796,
            5.0743016
          ],
          [
            96.808995,
            5.0753048
          ],
          [
            96.8092796,
            5.0758064
          ],
          [
            96.8099364,
            5.0762426
          ],
          [
            96.8103305,
            5.0769841
          ],
          [
            96.8105933,
            5.0773985
          ],
          [
            96.8111187,
            5.0775729
          ],
          [
            96.8117318,
            5.0780091
          ],
          [
            96.8122791,
            5.0781836
          ],
          [
            96.8132425,
            5.0783799
          ],
          [
            96.8142059,
            5.0784235
          ],
          [
            96.8148846,
            5.078707
          ],
          [
            96.8150598,
            5.0792086
          ]
        ]
      }
    },
    {
      "type": "Feature",
      "id": "way/60068187",
      "properties": {
        "id": 60068187,
        "name": "Sungai Tanpa Nama",
        "waterway": "river",
        "source": "OpenStreetMap (ODbL)"
      },
      "geometry": {
        "type": "LineString",
        "coordinates": [
          [
            97.5380016,
            5.1196495
          ],
          [
            97.5384146,
            5.1190266
          ],
          [
            97.5386113,
            5.118985
          ],
          [
            97.538799,
            5.1190277
          ],
          [
            97.5392233,
            5.119295
          ],
          [
            97.5396198,
            5.1195727
          ],
          [
            97.5401869,
            5.1197839
          ],
          [
            97.5408375,
            5.1198345
          ],
          [
            97.5413117,
            5.1197522
          ],
          [
            97.5424786,
            5.1191703
          ],
          [
            97.5440273,
            5.118688
          ],
          [
            97.544539,
            5.118424
          ],
          [
            97.5449359,
            5.1183492
          ],
          [
            97.5452412,
            5.1184982
          ],
          [
            97.5458412,
            5.1189976
          ],
          [
            97.5463485,
            5.11926
          ],
          [
            97.5466955,
            5.1193136
          ],
          [
            97.5470978,
            5.1192949
          ],
          [
            97.5477496,
            5.1193937
          ],
          [
            97.5483684,
            5.119621
          ],
          [
            97.5496062,
            5.1203884
          ],
          [
            97.5503164,
            5.1209405
          ],
          [
            97.550768,
            5.121382
          ],
          [
            97.5510626,
            5.1219449
          ],
          [
            97.5511801,
            5.1223137
          ],
          [
            97.5511694,
            5.1225541
          ],
          [
            97.5510241,
            5.1228209
          ],
          [
            97.5504559,
            5.1234784
          ],
          [
            97.5502521,
            5.123815
          ],
          [
            97.5502762,
            5.1240421
          ],
          [
            97.5503567,
            5.1242051
          ],
          [
            97.5505841,
            5.1243892
          ],
          [
            97.5514956,
            5.1247276
          ],
          [
            97.552039,
            5.1250222
          ],
          [
            97.5521994,
            5.1251722
          ],
          [
            97.5522637,
            5.1253485
          ],
          [
            97.5522959,
            5.1255943
          ],
          [
            97.552225,
            5.1258442
          ],
          [
            97.5510879,
            5.1265358
          ],
          [
            97.550236,
            5.1271117
          ],
          [
            97.5500581,
            5.1274685
          ],
          [
            97.5501126,
            5.1278169
          ],
          [
            97.5507138,
            5.1283855
          ],
          [
            97.5520679,
            5.1295311
          ],
          [
            97.5525749,
            5.129735
          ],
          [
            97.5529504,
            5.1298205
          ],
          [
            97.553342,
            5.129703
          ],
          [
            97.5536263,
            5.1294893
          ],
          [
            97.5537594,
            5.1291924
          ],
          [
            97.5540394,
            5.127849
          ],
          [
            97.5544037,
            5.1270678
          ],
          [
            97.5548481,
            5.1266094
          ],
          [
            97.5553751,
            5.1263583
          ],
          [
            97.5561563,
            5.1263369
          ],
          [
            97.5566518,
            5.1264545
          ],
          [
            97.5571775,
            5.1267751
          ],
          [
            97.5576483,
            5.127277
          ],
          [
            97.5578695,
            5.1278143
          ],
          [
            97.5577899,
            5.1284573
          ],
          [
            97.5574296,
            5.1293904
          ],
          [
            97.556955,
            5.1304508
          ],
          [
            97.5568128,
            5.1309372
          ],
          [
            97.5568257,
            5.1314868
          ],
          [
            97.5572855,
            5.13204
          ],
          [
            97.5581753,
            5.132866
          ],
          [
            97.5586313,
            5.1331385
          ],
          [
            97.5592375,
            5.133224
          ],
          [
            97.5600797,
            5.1324813
          ],
          [
            97.5606322,
            5.1318562
          ],
          [
            97.5607073,
            5.1313914
          ],
          [
            97.5603694,
            5.1301358
          ],
          [
            97.559849,
            5.1286558
          ],
          [
            97.5599295,
            5.1278597
          ],
          [
            97.5602192,
            5.1270529
          ],
          [
            97.5606215,
            5.1261766
          ],
          [
            97.5610775,
            5.1259202
          ],
          [
            97.5613993,
            5.1258133
          ],
          [
            97.5617373,
            5.1258721
          ],
          [
            97.5628799,
            5.1268552
          ],
          [
            97.5648326,
            5.1287466
          ],
          [
            97.5667745,
            5.1306914
          ],
          [
            97.5674343,
            5.1318615
          ],
          [
            97.5693709,
            5.1341483
          ],
          [
            97.571404,
            5.1354199
          ],
          [
            97.5738931,
            5.1362961
          ],
          [
            97.5758403,
            5.1368037
          ],
          [
            97.5785226,
            5.1361145
          ]
        ]
      }
    },
    {
      "type": "Feature",
      "id": "way/60068192",
      "properties": {
        "id": 60068192,
        "name": "Sungai Tanpa Nama",
        "waterway": "river",
        "source": "OpenStreetMap (ODbL)"
      },
      "geometry": {
        "type": "LineString",
        "coordinates": [
          [
            97.464502,
            5.2221715
          ],
          [
            97.4647735,
            5.2218742
          ],
          [
            97.4654522,
            5.221739
          ],
          [
            97.4661851,
            5.2211983
          ],
          [
            97.467461,
            5.2210631
          ],
          [
            97.4674882,
            5.2213875
          ],
          [
            97.4678682,
            5.22255
          ],
          [
            97.4676511,
            5.223307
          ],
          [
            97.4678139,
            5.2236854
          ],
          [
            97.4685197,
            5.2237665
          ],
          [
            97.4689482,
            5.2235999
          ],
          [
            97.4692118,
            5.2233203
          ],
          [
            97.4694425,
            5.2228769
          ],
          [
            97.4695069,
            5.222722
          ],
          [
            97.4696732,
            5.2226205
          ],
          [
            97.4698448,
            5.2225564
          ],
          [
            97.4700731,
            5.2225636
          ],
          [
            97.4710829,
            5.2228377
          ],
          [
            97.4713361,
            5.2229998
          ],
          [
            97.4715893,
            5.2232929
          ],
          [
            97.4716419,
            5.2234645
          ],
          [
            97.4716281,
            5.2236409
          ],
          [
            97.4714311,
            5.223987
          ],
          [
            97.470601,
            5.2242246
          ],
          [
            97.4702579,
            5.2243834
          ],
          [
            97.4700663,
            5.224572
          ],
          [
            97.4700326,
            5.2248428
          ],
          [
            97.4701345,
            5.2252061
          ],
          [
            97.4703793,
            5.2255348
          ],
          [
            97.4706361,
            5.2257964
          ],
          [
            97.4709123,
            5.2259139
          ],
          [
            97.4711801,
            5.2259563
          ],
          [
            97.4719402,
            5.2259833
          ],
          [
            97.4725103,
            5.2259563
          ],
          [
            97.4732003,
            5.2259833
          ],
          [
            97.4742721,
            5.2258136
          ],
          [
            97.4750945,
            5.2255717
          ],
          [
            97.475872,
            5.2252385
          ],
          [
            97.4766613,
            5.224272
          ],
          [
            97.4769528,
            5.2240008
          ]
        ]
      }
    },
    {
      "type": "Feature",
      "id": "way/60068197",
      "properties": {
        "id": 60068197,
        "name": "Krueng Djamboaje",
        "waterway": "river",
        "source": "OpenStreetMap (ODbL)"
      },
      "geometry": {
        "type": "LineString",
        "coordinates": [
          [
            97.4975812,
            5.1588534
          ],
          [
            97.4981726,
            5.1592778
          ],
          [
            97.4981545,
            5.1594905
          ],
          [
            97.49805,
            5.1598616
          ],
          [
            97.497432,
            5.1611331
          ],
          [
            97.4967005,
            5.1625404
          ],
          [
            97.4964915,
            5.1630292
          ],
          [
            97.4964961,
            5.1632283
          ],
          [
            97.4966369,
            5.1634228
          ],
          [
            97.4970822,
            5.1637532
          ],
          [
            97.4973003,
            5.1639116
          ],
          [
            97.4977819,
            5.1640835
          ],
          [
            97.4981454,
            5.1642419
          ],
          [
            97.4984725,
            5.1644772
          ],
          [
            97.4986633,
            5.1647125
          ],
          [
            97.4988224,
            5.1649885
          ],
          [
            97.4988496,
            5.1652736
          ],
          [
            97.4988133,
            5.1655451
          ],
          [
            97.4986861,
            5.1658845
          ],
          [
            97.4984634,
            5.1662058
          ],
          [
            97.4980454,
            5.1666583
          ],
          [
            97.4978182,
            5.1668031
          ],
          [
            97.4975138,
            5.167061
          ],
          [
            97.4974184,
            5.1672058
          ],
          [
            97.4973503,
            5.1676086
          ],
          [
            97.4973548,
            5.1678258
          ],
          [
            97.4975138,
            5.1680565
          ],
          [
            97.4977001,
            5.1681561
          ],
          [
            97.4979364,
            5.1681606
          ],
          [
            97.4983044,
            5.1679796
          ],
          [
            97.4990359,
            5.1676945
          ],
          [
            97.4993313,
            5.1676764
          ],
          [
            97.499672,
            5.1677534
          ],
          [
            97.4999037,
            5.1679027
          ],
          [
            97.5000809,
            5.1681516
          ],
          [
            97.5001627,
            5.1684638
          ],
          [
            97.5001627,
            5.1687398
          ],
          [
            97.5000946,
            5.1690204
          ],
          [
            97.4999628,
            5.16931
          ],
          [
            97.4998038,
            5.1694503
          ],
          [
            97.4996357,
            5.1696358
          ],
          [
            97.4994085,
            5.1700385
          ],
          [
            97.4991746,
            5.1709549
          ],
          [
            97.499148,
            5.1712859
          ],
          [
            97.499116,
            5.1716028
          ],
          [
            97.4990768,
            5.1717988
          ],
          [
            97.4988724,
            5.1719074
          ],
          [
            97.4987616,
            5.1718808
          ],
          [
            97.498677,
            5.1717449
          ],
          [
            97.4985127,
            5.1715425
          ],
          [
            97.4983541,
            5.1712851
          ],
          [
            97.4981233,
            5.1710994
          ],
          [
            97.4978762,
            5.1709834
          ],
          [
            97.4976938,
            5.170941
          ],
          [
            97.4975456,
            5.1709662
          ],
          [
            97.4970867,
            5.171025
          ],
          [
            97.4966369,
            5.1711653
          ],
          [
            97.4961326,
            5.1714458
          ],
          [
            97.495798,
            5.171775
          ],
          [
            97.49548,
            5.1721234
          ],
          [
            97.4952619,
            5.17249
          ],
          [
            97.4950892,
            5.1730375
          ],
          [
            97.4950847,
            5.1733316
          ],
          [
            97.4947803,
            5.1740647
          ],
          [
            97.494594,
            5.174309
          ],
          [
            97.4943259,
            5.1744448
          ],
          [
            97.4940806,
            5.1744312
          ],
          [
            97.4938034,
            5.1743226
          ],
          [
            97.4934081,
            5.1740783
          ],
          [
            97.4929856,
            5.1738837
          ],
          [
            97.4925994,
            5.173766
          ],
          [
            97.4919633,
            5.173671
          ],
          [
            97.4907592,
            5.1735941
          ],
          [
            97.4902458,
            5.1734131
          ],
          [
            97.4897415,
            5.1731416
          ],
          [
            97.4892053,
            5.1726936
          ],
          [
            97.4887828,
            5.1721868
          ],
          [
            97.4884738,
            5.1715895
          ],
          [
            97.4883693,
            5.1711053
          ],
          [
            97.4883602,
            5.1704673
          ],
          [
            97.4883784,
            5.1697161
          ],
          [
            97.4883284,
            5.1690419
          ],
          [
            97.4882466,
            5.1687568
          ],
          [
            97.4880876,
            5.1685894
          ],
          [
            97.4878559,
            5.1684943
          ],
          [
            97.4875742,
            5.1685079
          ],
          [
            97.4873788,
            5.1686301
          ],
          [
            97.4871743,
            5.1690328
          ],
          [
            97.4870017,
            5.169784
          ],
          [
            97.4869472,
            5.1705035
          ],
          [
            97.4869699,
            5.1710374
          ],
          [
            97.4870835,
            5.1717117
          ],
          [
            97.4872607,
            5.1724854
          ],
          [
            97.4875378,
            5.1730511
          ],
          [
            97.4880331,
            5.1737253
          ],
          [
            97.4883239,
            5.174214
          ],
          [
            97.488651,
            5.1748837
          ],
          [
            97.4891063,
            5.1761372
          ],
          [
            97.4893789,
            5.1765851
          ],
          [
            97.4898878,
            5.1771553
          ],
          [
            97.4904148,
            5.177834
          ],
          [
            97.4907374,
            5.1783318
          ],
          [
            97.4909419,
            5.1787255
          ],
          [
            97.4910009,
            5.1790286
          ],
          [
            97.4909419,
            5.1791644
          ],
          [
            97.490801,
            5.179273
          ],
          [
            97.4906193,
            5.179273
          ],
          [
            97.4903103,
            5.1791825
          ],
          [
            97.4898878,
            5.1789427
          ],
          [
            97.4894152,
            5.1786938
          ],
          [
            97.4890654,
            5.1785671
          ],
          [
            97.4884747,
            5.1784902
          ],
          [
            97.487984,
            5.1785354
          ],
          [
            97.4874388,
            5.1787074
          ],
          [
            97.4869844,
            5.178997
          ],
          [
            97.4864756,
            5.1794449
          ],
          [
            97.4860485,
            5.1799472
          ],
          [
            97.4856532,
            5.1806079
          ],
          [
            97.4854851,
            5.181074
          ],
          [
            97.4853806,
            5.1816034
          ],
          [
            97.4853397,
            5.1821147
          ],
          [
            97.4854228,
            5.1826875
          ],
          [
            97.4855773,
            5.1830088
          ],
          [
            97.4860135,
            5.183588
          ],
          [
            97.4865951,
            5.1841853
          ],
          [
            97.4871721,
            5.184864
          ],
          [
            97.487472,
            5.1852079
          ],
          [
            97.4877582,
            5.1853437
          ],
          [
            97.4879763,
            5.1853211
          ],
          [
            97.4881717,
            5.1851582
          ],
          [
            97.488408,
            5.1846106
          ],
          [
            97.4886897,
            5.1832215
          ],
          [
            97.4888896,
            5.1826513
          ],
          [
            97.4891168,
            5.1822305
          ],
          [
            97.4895575,
            5.1816603
          ],
          [
            97.4897756,
            5.1815472
          ],
          [
            97.4900164,
            5.1816151
          ],
          [
            97.4902208,
            5.1818413
          ],
          [
            97.4904117,
            5.1822984
          ],
          [
            97.4905662,
            5.1827282
          ],
          [
            97.4905343,
            5.1830269
          ],
          [
            97.4904889,
            5.1833663
          ],
          [
            97.4903208,
            5.1838731
          ],
          [
            97.4901436,
            5.1842803
          ],
          [
            97.4897074,
            5.1849681
          ],
          [
            97.4891804,
            5.1857102
          ],
          [
            97.4886897,
            5.1862577
          ],
          [
            97.488258,
            5.1866333
          ],
          [
            97.4874674,
            5.1872577
          ],
          [
            97.4872766,
            5.1875383
          ],
          [
            97.4871948,
            5.1877283
          ],
          [
            97.4871994,
            5.1879501
          ],
          [
            97.4872948,
            5.1880496
          ],
          [
            97.487522,
            5.188113
          ],
          [
            97.4887396,
            5.1881854
          ],
          [
            97.4892576,
            5.1882849
          ],
          [
            97.4900512,
            5.188602
          ],
          [
            97.4908691,
            5.1891223
          ],
          [
            97.4912326,
            5.1892174
          ],
          [
            97.4915325,
            5.1891947
          ],
          [
            97.4916733,
            5.1890454
          ],
          [
            97.491696,
            5.1887784
          ],
          [
            97.4915824,
            5.1878599
          ],
          [
            97.491378,
            5.1867875
          ],
          [
            97.4913462,
            5.1863304
          ],
          [
            97.4913825,
            5.1858372
          ],
          [
            97.4914779,
            5.1854752
          ],
          [
            97.4915915,
            5.1852263
          ],
          [
            97.4917415,
            5.1851268
          ],
          [
            97.4920822,
            5.1850815
          ],
          [
            97.4926547,
            5.1852037
          ],
          [
            97.4937724,
            5.1855612
          ],
          [
            97.4945085,
            5.1858734
          ],
          [
            97.4949946,
            5.1861856
          ],
          [
            97.4953036,
            5.1863757
          ],
          [
            97.4955217,
            5.1866291
          ],
          [
            97.4959897,
            5.1872581
          ],
          [
            97.4964668,
            5.1879911
          ],
          [
            97.4967394,
            5.1883169
          ],
          [
            97.4972028,
            5.1886246
          ],
          [
            97.4975209,
            5.188697
          ],
          [
            97.4979071,
            5.1886698
          ],
          [
            97.498366,
            5.1885115
          ],
          [
            97.4994655,
            5.1878508
          ],
          [
            97.4998699,
            5.1877513
          ],
          [
            97.5003288,
            5.1877422
          ],
          [
            97.5006968,
            5.1878825
          ],
          [
            97.5009013,
            5.1880997
          ],
          [
            97.5009921,
            5.1883576
          ],
          [
            97.5011194,
            5.1887875
          ],
          [
            97.5010876,
            5.1893486
          ],
          [
            97.5009104,
            5.1900771
          ],
          [
            97.5007014,
            5.1905839
          ],
          [
            97.5002652,
            5.1912672
          ],
          [
            97.4996836,
            5.1919595
          ],
          [
            97.4992247,
            5.1923531
          ],
          [
            97.4985205,
            5.1928735
          ],
          [
            97.4981115,
            5.1932762
          ],
          [
            97.4978753,
            5.1935749
          ],
          [
            97.4978435,
            5.1938826
          ],
          [
            97.4979525,
            5.1940771
          ],
          [
            97.4983114,
            5.1943396
          ],
          [
            97.4989566,
            5.1946246
          ],
          [
            97.5002392,
            5.194965
          ],
          [
            97.5005981,
            5.1952048
          ],
          [
            97.5007253,
            5.1954401
          ],
          [
            97.5006617,
            5.1957116
          ],
          [
            97.5004482,
            5.1959786
          ],
          [
            97.5001256,
            5.1961686
          ],
          [
            97.4992123,
            5.1964582
          ],
          [
            97.4987125,
            5.1966845
          ],
          [
            97.4983718,
            5.196956
          ],
          [
            97.4981946,
            5.1971913
          ],
          [
            97.4980219,
            5.1977931
          ],
          [
            97.4977084,
            5.199689
          ],
          [
            97.4972495,
            5.2008383
          ],
          [
            97.4969133,
            5.201965
          ],
          [
            97.4964751,
            5.2027463
          ],
          [
            97.4961116,
            5.2030314
          ],
          [
            97.4956164,
            5.2030992
          ],
          [
            97.4951075,
            5.2029635
          ],
          [
            97.4945713,
            5.2026241
          ],
          [
            97.4941397,
            5.2021897
          ],
          [
            97.493808,
            5.2014748
          ],
          [
            97.4936172,
            5.2004748
          ],
          [
            97.4935127,
            5.1993798
          ],
          [
            97.493331,
            5.1984658
          ],
          [
            97.4930947,
            5.1980088
          ],
          [
            97.4927448,
            5.1977147
          ],
          [
            97.4922632,
            5.1976061
          ],
          [
            97.4918725,
            5.1976468
          ],
          [
            97.4913954,
            5.1977101
          ],
          [
            97.4892236,
            5.1984703
          ],
          [
            97.4884466,
            5.1988368
          ],
          [
            97.4877424,
            5.1992712
          ],
          [
            97.4874879,
            5.1995698
          ],
          [
            97.4873607,
            5.2001355
          ],
          [
            97.4874698,
            5.2005653
          ],
          [
            97.4877242,
            5.2007599
          ],
          [
            97.4900051,
            5.201692
          ],
          [
            97.490523,
            5.2019363
          ],
          [
            97.4908138,
            5.2024612
          ],
          [
            97.4909216,
            5.2030883
          ],
          [
            97.4908895,
            5.2037378
          ],
          [
            97.4906871,
            5.20472
          ],
          [
            97.4902405,
            5.206147
          ],
          [
            97.4900124,
            5.2066942
          ],
          [
            97.4896462,
            5.2071453
          ],
          [
            97.4888108,
            5.2079964
          ],
          [
            97.4880077,
            5.2088794
          ],
          [
            97.4878631,
            5.209065
          ],
          [
            97.4879147,
            5.2092656
          ],
          [
            97.4886167,
            5.2094398
          ],
          [
            97.4892233,
            5.209424
          ],
          [
            97.4899321,
            5.2092
          ],
          [
            97.4906136,
            5.2088312
          ],
          [
            97.4914837,
            5.2080733
          ],
          [
            97.4919267,
            5.2075416
          ],
          [
            97.4929021,
            5.20556
          ],
          [
            97.4932555,
            5.2054225
          ],
          [
            97.493505,
            5.2054323
          ],
          [
            97.4938901,
            5.2057708
          ],
          [
            97.4942503,
            5.2063581
          ],
          [
            97.494386,
            5.2073043
          ],
          [
            97.4940128,
            5.2087237
          ],
          [
            97.4935038,
            5.2099402
          ],
          [
            97.4925197,
            5.2109878
          ],
          [
            97.4910606,
            5.2115623
          ],
          [
            97.4900426,
            5.2117313
          ],
          [
            97.4891603,
            5.2122044
          ],
          [
            97.4889906,
            5.2129478
          ],
          [
            97.4892621,
            5.2136575
          ],
          [
            97.4899747,
            5.2140968
          ],
          [
            97.4911284,
            5.2145361
          ],
          [
            97.4923161,
            5.214063
          ],
          [
            97.4933002,
            5.2129478
          ],
          [
            97.4941146,
            5.2117988
          ],
          [
            97.4952344,
            5.2115961
          ],
          [
            97.4961506,
            5.2122382
          ],
          [
            97.49744,
            5.2123733
          ],
          [
            97.4987295,
            5.2124071
          ],
          [
            97.4995439,
            5.2126437
          ],
          [
            97.499476,
            5.2135223
          ],
          [
            97.4987974,
            5.2142657
          ],
          [
            97.4978133,
            5.2151444
          ],
          [
            97.4965917,
            5.2159216
          ],
          [
            97.4955737,
            5.216665
          ],
          [
            97.4953022,
            5.2175774
          ],
          [
            97.495438,
            5.2182871
          ],
          [
            97.4958452,
            5.2189967
          ],
          [
            97.4969989,
            5.2203146
          ],
          [
            97.4972364,
            5.2212608
          ],
          [
            97.4967614,
            5.2215312
          ],
          [
            97.4958452,
            5.2211257
          ],
          [
            97.4949968,
            5.2201119
          ],
          [
            97.4938092,
            5.2191319
          ],
          [
            97.492859,
            5.2191657
          ],
          [
            97.4921804,
            5.2197064
          ],
          [
            97.4912302,
            5.2207202
          ],
          [
            97.4902122,
            5.2220719
          ],
          [
            97.488821,
            5.2235587
          ],
          [
            97.4879387,
            5.2256201
          ],
          [
            97.487769,
            5.2274111
          ],
          [
            97.4880744,
            5.2297427
          ],
          [
            97.4880744,
            5.2311958
          ],
          [
            97.4870225,
            5.2325813
          ],
          [
            97.4866492,
            5.2337978
          ],
          [
            97.4857746,
            5.2349202
          ]
        ]
      }
    },
    {
      "type": "Feature",
      "id": "way/60068205",
      "properties": {
        "id": 60068205,
        "name": "Sungai Tanpa Nama",
        "waterway": "river",
        "source": "OpenStreetMap (ODbL)"
      },
      "geometry": {
        "type": "LineString",
        "coordinates": [
          [
            97.5072798,
            5.2348069
          ],
          [
            97.508407,
            5.2344629
          ],
          [
            97.5088979,
            5.233974
          ],
          [
            97.5090434,
            5.233286
          ],
          [
            97.5086434,
            5.2321997
          ],
          [
            97.5084979,
            5.231059
          ],
          [
            97.5095706,
            5.2308056
          ],
          [
            97.511116,
            5.232091
          ],
          [
            97.5133341,
            5.2327609
          ],
          [
            97.5154432,
            5.2328696
          ],
          [
            97.5174431,
            5.232779
          ],
          [
            97.519843,
            5.2323988
          ],
          [
            97.5232611,
            5.2297192
          ],
          [
            97.5241156,
            5.228144
          ],
          [
            97.5250428,
            5.2267137
          ],
          [
            97.5256136,
            5.2251101
          ]
        ]
      }
    },
    {
      "type": "Feature",
      "id": "way/60068210",
      "properties": {
        "id": 60068210,
        "name": "Sungai Beulah",
        "waterway": "river",
        "source": "OpenStreetMap (ODbL)"
      },
      "geometry": {
        "type": "LineString",
        "coordinates": [
          [
            97.5487295,
            5.1533649
          ],
          [
            97.550221,
            5.154143
          ],
          [
            97.5510022,
            5.1546735
          ],
          [
            97.5518544,
            5.1542844
          ],
          [
            97.5528132,
            5.1529759
          ],
          [
            97.5540561,
            5.151738
          ],
          [
            97.5556895,
            5.1506417
          ],
          [
            97.5570744,
            5.1492977
          ],
          [
            97.5585304,
            5.1480599
          ],
          [
            97.5595246,
            5.148166
          ],
          [
            97.5600928,
            5.1497575
          ],
          [
            97.5600218,
            5.1511368
          ],
          [
            97.5592406,
            5.1518441
          ],
          [
            97.5567548,
            5.1526222
          ],
          [
            97.5548018,
            5.1536832
          ],
          [
            97.5534524,
            5.1547442
          ],
          [
            97.5526357,
            5.156654
          ],
          [
            97.5508602,
            5.1584577
          ],
          [
            97.5505761,
            5.1596955
          ],
          [
            97.5517479,
            5.1599784
          ],
          [
            97.5544112,
            5.1599784
          ],
          [
            97.5559026,
            5.1596955
          ],
          [
            97.5564353,
            5.158493
          ],
          [
            97.557323,
            5.1563711
          ],
          [
            97.5590985,
            5.1560881
          ],
          [
            97.5607675,
            5.1569015
          ],
          [
            97.5624365,
            5.1580686
          ],
          [
            97.5637859,
            5.1583869
          ],
          [
            97.5651353,
            5.157432
          ],
          [
            97.5668042,
            5.1551332
          ],
          [
            97.5690769,
            5.1538247
          ],
          [
            97.5719887,
            5.1537893
          ],
          [
            97.5752912,
            5.1539661
          ],
          [
            97.5756929,
            5.154072
          ],
          [
            97.5761766,
            5.1544661
          ],
          [
            97.576189,
            5.1551669
          ],
          [
            97.575986,
            5.1560174
          ],
          [
            97.5751173,
            5.1600988
          ],
          [
            97.5736672,
            5.1639111
          ],
          [
            97.574794,
            5.1656016
          ],
          [
            97.5750196,
            5.166643
          ]
        ]
      }
    },
    {
      "type": "Feature",
      "id": "way/60068220",
      "properties": {
        "id": 60068220,
        "name": "Sungai Tanpa Nama",
        "waterway": "river",
        "source": "OpenStreetMap (ODbL)"
      },
      "geometry": {
        "type": "LineString",
        "coordinates": [
          [
            97.4677553,
            5.0968851
          ],
          [
            97.4684534,
            5.0978848
          ],
          [
            97.4691225,
            5.098812
          ],
          [
            97.469457,
            5.0992611
          ],
          [
            97.4706497,
            5.1003911
          ],
          [
            97.472017,
            5.1011879
          ],
          [
            97.472846,
            5.1020427
          ],
          [
            97.4727151,
            5.1034479
          ],
          [
            97.4717988,
            5.1042882
          ],
          [
            97.4701698,
            5.1047083
          ],
          [
            97.4686425,
            5.1047663
          ],
          [
            97.4670717,
            5.1048387
          ],
          [
            97.4662426,
            5.1054327
          ],
          [
            97.4659953,
            5.1062874
          ],
          [
            97.466039,
            5.1070842
          ],
          [
            97.4665335,
            5.1075768
          ],
          [
            97.4673335,
            5.1080839
          ],
          [
            97.4680607,
            5.1086778
          ],
          [
            97.468468,
            5.1091559
          ],
          [
            97.468468,
            5.1095905
          ],
          [
            97.467348,
            5.1100396
          ],
          [
            97.4664171,
            5.109634
          ],
          [
            97.4650208,
            5.1093298
          ],
          [
            97.46329,
            5.1093298
          ],
          [
            97.4618064,
            5.1097644
          ],
          [
            97.4604101,
            5.1109523
          ],
          [
            97.459741,
            5.1116477
          ],
          [
            97.4595228,
            5.1124445
          ],
          [
            97.4601337,
            5.1135745
          ],
          [
            97.4608755,
            5.1144002
          ],
          [
            97.4616464,
            5.1160083
          ],
          [
            97.4625191,
            5.1173846
          ],
          [
            97.4634063,
            5.1183262
          ],
          [
            97.464599,
            5.1187608
          ],
          [
            97.4658208,
            5.1184566
          ],
          [
            97.4669699,
            5.1176164
          ],
          [
            97.4677698,
            5.1170224
          ],
          [
            97.4683371,
            5.1171962
          ]
        ]
      }
    },
    {
      "type": "Feature",
      "id": "way/60068228",
      "properties": {
        "id": 60068228,
        "name": "Sungai Tanpa Nama",
        "waterway": "river",
        "source": "OpenStreetMap (ODbL)"
      },
      "geometry": {
        "type": "LineString",
        "coordinates": [
          [
            97.5275388,
            5.189177
          ],
          [
            97.528815,
            5.1886245
          ],
          [
            97.5307015,
            5.1885139
          ],
          [
            97.532477,
            5.1892875
          ],
          [
            97.5337531,
            5.1885692
          ],
          [
            97.534197,
            5.1871325
          ],
          [
            97.5355841,
            5.1865799
          ],
          [
            97.5368048,
            5.1848117
          ],
          [
            97.537859,
            5.1834855
          ],
          [
            97.5401339,
            5.1841486
          ],
          [
            97.5420203,
            5.1845907
          ],
          [
            97.5444062,
            5.1843144
          ],
          [
            97.5468475,
            5.1851432
          ],
          [
            97.5491779,
            5.1871325
          ],
          [
            97.5506205,
            5.189177
          ],
          [
            97.5520076,
            5.1914978
          ],
          [
            97.5528399,
            5.1943712
          ],
          [
            97.5528819,
            5.1960898
          ],
          [
            97.5537389,
            5.1973302
          ]
        ]
      }
    },
    {
      "type": "Feature",
      "id": "way/60068232",
      "properties": {
        "id": 60068232,
        "name": "Sungai Tanpa Nama",
        "waterway": "river",
        "source": "OpenStreetMap (ODbL)"
      },
      "geometry": {
        "type": "LineString",
        "coordinates": [
          [
            97.4686012,
            5.213034
          ],
          [
            97.468574,
            5.2136017
          ],
          [
            97.4677868,
            5.2143857
          ],
          [
            97.4680854,
            5.2151156
          ],
          [
            97.4689269,
            5.2160348
          ],
          [
            97.4699042,
            5.2160888
          ],
          [
            97.4709358,
            5.2155211
          ],
          [
            97.4722388,
            5.2150886
          ],
          [
            97.473569,
            5.2150345
          ],
          [
            97.4742749,
            5.2152778
          ],
          [
            97.4743834,
            5.2160077
          ],
          [
            97.4739219,
            5.2166566
          ],
          [
            97.4729175,
            5.2172513
          ],
          [
            97.4718045,
            5.2174946
          ],
          [
            97.4706915,
            5.2177379
          ],
          [
            97.4704743,
            5.2181975
          ],
          [
            97.4704743,
            5.2188193
          ],
          [
            97.4707458,
            5.219387
          ],
          [
            97.4714787,
            5.2198196
          ],
          [
            97.4723474,
            5.2194411
          ],
          [
            97.4731618,
            5.2193059
          ],
          [
            97.4735962,
            5.2195763
          ],
          [
            97.473569,
            5.2202251
          ],
          [
            97.473189,
            5.2211172
          ],
          [
            97.4733247,
            5.2216579
          ],
          [
            97.4738676,
            5.2220364
          ],
          [
            97.4749807,
            5.2220364
          ],
          [
            97.4760122,
            5.2220634
          ],
          [
            97.4764907,
            5.2226913
          ],
          [
            97.4767582,
            5.2233474
          ],
          [
            97.4769528,
            5.2240008
          ],
          [
            97.4779891,
            5.2242331
          ],
          [
            97.4789189,
            5.2242526
          ],
          [
            97.4792862,
            5.2246879
          ],
          [
            97.4793588,
            5.2251775
          ],
          [
            97.478693,
            5.2260847
          ],
          [
            97.4783536,
            5.2267943
          ],
          [
            97.4780995,
            5.2273171
          ],
          [
            97.4776707,
            5.2286186
          ],
          [
            97.4771527,
            5.2306753
          ],
          [
            97.477503,
            5.2325284
          ],
          [
            97.4778432,
            5.2339404
          ],
          [
            97.4782513,
            5.2352994
          ],
          [
            97.4786907,
            5.2360932
          ],
          [
            97.4791103,
            5.2366437
          ],
          [
            97.4796671,
            5.2371723
          ],
          [
            97.4800694,
            5.2372097
          ],
          [
            97.4804772,
            5.2370402
          ],
          [
            97.4809859,
            5.2364194
          ],
          [
            97.4819916,
            5.2344467
          ],
          [
            97.4827984,
            5.2335026
          ],
          [
            97.4835241,
            5.2334489
          ],
          [
            97.4840873,
            5.2335985
          ],
          [
            97.4845974,
            5.2338907
          ],
          [
            97.4855475,
            5.2346003
          ],
          [
            97.4857746,
            5.2349202
          ]
        ]
      }
    },
    {
      "type": "Feature",
      "id": "way/60068235",
      "properties": {
        "id": 60068235,
        "name": "Sungai Tanpa Nama",
        "waterway": "river",
        "source": "OpenStreetMap (ODbL)"
      },
      "geometry": {
        "type": "LineString",
        "coordinates": [
          [
            97.5181703,
            5.2152889
          ],
          [
            97.5190976,
            5.2154519
          ],
          [
            97.5197521,
            5.2160132
          ],
          [
            97.5201157,
            5.2165564
          ],
          [
            97.5200612,
            5.2172987
          ],
          [
            97.5197703,
            5.2178962
          ],
          [
            97.5198612,
            5.2186204
          ],
          [
            97.5205317,
            5.219018
          ],
          [
            97.521672,
            5.2195511
          ],
          [
            97.5226146,
            5.2198524
          ],
          [
            97.5234273,
            5.2198554
          ]
        ]
      }
    },
    {
      "type": "Feature",
      "id": "way/60068242",
      "properties": {
        "id": 60068242,
        "name": "Sungai Tanpa Nama",
        "waterway": "river",
        "source": "OpenStreetMap (ODbL)"
      },
      "geometry": {
        "type": "LineString",
        "coordinates": [
          [
            97.5082947,
            5.208072
          ],
          [
            97.5083021,
            5.2097202
          ],
          [
            97.5081408,
            5.2121205
          ],
          [
            97.5075756,
            5.2138692
          ],
          [
            97.5080581,
            5.2142194
          ],
          [
            97.5089801,
            5.2150287
          ],
          [
            97.5083824,
            5.2155815
          ],
          [
            97.5082571,
            5.21637
          ],
          [
            97.5084112,
            5.2171649
          ],
          [
            97.5074656,
            5.2181827
          ],
          [
            97.5084419,
            5.2187979
          ],
          [
            97.5091634,
            5.2193888
          ],
          [
            97.5082024,
            5.220397
          ],
          [
            97.5087212,
            5.2210111
          ],
          [
            97.5098033,
            5.2210459
          ],
          [
            97.5107342,
            5.2201768
          ],
          [
            97.5117931,
            5.2189369
          ],
          [
            97.5134803,
            5.2185661
          ],
          [
            97.5150395,
            5.2186472
          ],
          [
            97.5156912,
            5.2194931
          ],
          [
            97.5150046,
            5.2202811
          ],
          [
            97.5134687,
            5.2210575
          ],
          [
            97.5136781,
            5.2222278
          ],
          [
            97.5146905,
            5.2223901
          ],
          [
            97.5170875,
            5.2222278
          ],
          [
            97.519147,
            5.2223321
          ],
          [
            97.5208226,
            5.2220308
          ],
          [
            97.5222771,
            5.2215673
          ],
          [
            97.5234447,
            5.2211955
          ]
        ]
      }
    },
    {
      "type": "Feature",
      "id": "way/60077479",
      "properties": {
        "id": 60077479,
        "name": "Krueng Rubek",
        "waterway": "river",
        "source": "OpenStreetMap (ODbL)"
      },
      "geometry": {
        "type": "LineString",
        "coordinates": [
          [
            97.4643278,
            4.8162571
          ],
          [
            97.4639734,
            4.8163564
          ],
          [
            97.4637537,
            4.8165194
          ],
          [
            97.4634631,
            4.8169269
          ],
          [
            97.463215,
            4.817377
          ],
          [
            97.4629492,
            4.8176889
          ],
          [
            97.4625771,
            4.8180398
          ],
          [
            97.4624105,
            4.818419
          ],
          [
            97.462362,
            4.8188848
          ],
          [
            97.4623821,
            4.8192057
          ],
          [
            97.4624778,
            4.8195105
          ],
          [
            97.4624955,
            4.8198862
          ],
          [
            97.4623467,
            4.8201484
          ],
          [
            97.4620561,
            4.8201662
          ],
          [
            97.4618257,
            4.8200244
          ],
          [
            97.4617584,
            4.8196948
          ],
          [
            97.4617867,
            4.8192235
          ],
          [
            97.4618718,
            4.818784
          ],
          [
            97.4618381,
            4.8184869
          ],
          [
            97.4617371,
            4.8182453
          ],
          [
            97.4613916,
            4.8180176
          ],
          [
            97.4610354,
            4.81782
          ],
          [
            97.4605853,
            4.8177598
          ],
          [
            97.459717,
            4.8179547
          ],
          [
            97.4593981,
            4.8179228
          ],
          [
            97.459065,
            4.817735
          ],
          [
            97.4588629,
            4.8176854
          ],
          [
            97.4585227,
            4.817774
          ],
          [
            97.4579486,
            4.8180327
          ],
          [
            97.4574241,
            4.8181496
          ],
          [
            97.4567933,
            4.8181425
          ],
          [
            97.4563467,
            4.8180858
          ],
          [
            97.4559108,
            4.8178661
          ],
          [
            97.4556131,
            4.8175932
          ],
          [
            97.4554005,
            4.8171747
          ],
          [
            97.4553094,
            4.8167009
          ],
          [
            97.4553504,
            4.816218
          ],
          [
            97.4553225,
            4.8159523
          ],
          [
            97.4551949,
            4.8158
          ],
          [
            97.4550106,
            4.8157858
          ],
          [
            97.4548051,
            4.815924
          ],
          [
            97.4546208,
            4.816165
          ],
          [
            97.4545212,
            4.8165141
          ],
          [
            97.4544436,
            4.8171183
          ],
          [
            97.4543162,
            4.8174709
          ],
          [
            97.4540793,
            4.817726
          ],
          [
            97.4537877,
            4.8178718
          ],
          [
            97.4534961,
            4.8178718
          ],
          [
            97.4531362,
            4.8177442
          ],
          [
            97.4527261,
            4.8174481
          ],
          [
            97.4523881,
            4.8171183
          ],
          [
            97.4520762,
            4.8170545
          ],
          [
            97.4517694,
            4.8171201
          ],
          [
            97.4515598,
            4.8173069
          ],
          [
            97.4513577,
            4.8177835
          ],
          [
            97.4511396,
            4.8182057
          ],
          [
            97.4510814,
            4.8184869
          ],
          [
            97.4510769,
            4.8188058
          ],
          [
            97.451157,
            4.8191855
          ]
        ]
      }
    },
    {
      "type": "Feature",
      "id": "way/60080488",
      "properties": {
        "id": 60080488,
        "name": "Krueng Bidin",
        "waterway": "river",
        "source": "OpenStreetMap (ODbL)"
      },
      "geometry": {
        "type": "LineString",
        "coordinates": [
          [
            97.1948838,
            4.7595094
          ],
          [
            97.1949692,
            4.7602984
          ],
          [
            97.1951838,
            4.7610258
          ],
          [
            97.195646,
            4.7616498
          ],
          [
            97.1958117,
            4.7617884
          ],
          [
            97.1960118,
            4.7618664
          ],
          [
            97.1963714,
            4.7618543
          ],
          [
            97.1968109,
            4.761978
          ],
          [
            97.198361,
            4.7626095
          ],
          [
            97.1994218,
            4.7631455
          ],
          [
            97.2002338,
            4.7636013
          ],
          [
            97.2007732,
            4.7639407
          ],
          [
            97.2016787,
            4.7645922
          ],
          [
            97.2019308,
            4.7648207
          ],
          [
            97.2023725,
            4.765461
          ],
          [
            97.2026855,
            4.7660625
          ],
          [
            97.2027425,
            4.766494
          ],
          [
            97.2027964,
            4.7674416
          ],
          [
            97.2027856,
            4.767695
          ],
          [
            97.2026548,
            4.7684604
          ],
          [
            97.2026415,
            4.7688254
          ],
          [
            97.2027205,
            4.7691555
          ],
          [
            97.20286,
            4.7693761
          ],
          [
            97.2029992,
            4.7694879
          ],
          [
            97.2033319,
            4.7696286
          ],
          [
            97.2035309,
            4.7696482
          ],
          [
            97.2037656,
            4.7696125
          ],
          [
            97.2038688,
            4.7695556
          ],
          [
            97.2040536,
            4.7693616
          ],
          [
            97.2043137,
            4.7689827
          ],
          [
            97.2046309,
            4.7684151
          ],
          [
            97.2049751,
            4.7676677
          ],
          [
            97.2056383,
            4.7659269
          ],
          [
            97.2057563,
            4.7648189
          ],
          [
            97.2059334,
            4.7635912
          ],
          [
            97.2060198,
            4.7631779
          ],
          [
            97.206176,
            4.7628811
          ],
          [
            97.206314,
            4.7627294
          ],
          [
            97.2064654,
            4.7626164
          ],
          [
            97.207615,
            4.7620139
          ],
          [
            97.2080668,
            4.7616753
          ],
          [
            97.2085025,
            4.7612548
          ],
          [
            97.208749,
            4.7609367
          ],
          [
            97.2090609,
            4.7604896
          ],
          [
            97.2095996,
            4.759473
          ],
          [
            97.2098001,
            4.7590584
          ],
          [
            97.2101509,
            4.7588032
          ],
          [
            97.2104334,
            4.7588123
          ],
          [
            97.2106521,
            4.7589718
          ],
          [
            97.210766,
            4.7592087
          ],
          [
            97.2108024,
            4.7596689
          ],
          [
            97.2107295,
            4.7605391
          ],
          [
            97.2103514,
            4.7617646
          ],
          [
            97.2103286,
            4.7630358
          ],
          [
            97.2103149,
            4.7644117
          ],
          [
            97.2102056,
            4.7654368
          ],
          [
            97.2100051,
            4.7663252
          ],
          [
            97.2100051,
            4.7667808
          ],
          [
            97.2101008,
            4.7670997
          ],
          [
            97.2103013,
            4.7672911
          ],
          [
            97.2107894,
            4.7674184
          ],
          [
            97.2110494,
            4.767533
          ],
          [
            97.2113266,
            4.7676108
          ],
          [
            97.2115674,
            4.7675748
          ],
          [
            97.2116648,
            4.7674829
          ],
          [
            97.2118122,
            4.7673511
          ],
          [
            97.2119227,
            4.767156
          ],
          [
            97.2119725,
            4.7670001
          ],
          [
            97.2120633,
            4.7666015
          ],
          [
            97.2120951,
            4.7657669
          ],
          [
            97.2122459,
            4.7654578
          ],
          [
            97.2123199,
            4.7650727
          ],
          [
            97.2123131,
            4.7644802
          ],
          [
            97.2124852,
            4.7638416
          ],
          [
            97.2126795,
            4.7633693
          ],
          [
            97.212909,
            4.7631078
          ],
          [
            97.2132119,
            4.7629937
          ],
          [
            97.2135106,
            4.7629217
          ],
          [
            97.2141066,
            4.7631618
          ],
          [
            97.2149652,
            4.7633017
          ],
          [
            97.2154535,
            4.7632129
          ],
          [
            97.215872,
            4.7629499
          ],
          [
            97.2160528,
            4.7628836
          ],
          [
            97.2162551,
            4.7627904
          ],
          [
            97.2163588,
            4.7626446
          ],
          [
            97.2169394,
            4.7622066
          ],
          [
            97.2174496,
            4.7616507
          ],
          [
            97.2177412,
            4.7615232
          ],
          [
            97.2180282,
            4.7614776
          ],
          [
            97.2183608,
            4.7615733
          ],
          [
            97.2187185,
            4.7617692
          ],
          [
            97.2188871,
            4.7619332
          ],
          [
            97.2190374,
            4.7621519
          ],
          [
            97.2190989,
            4.7624754
          ],
          [
            97.219083,
            4.7627738
          ],
          [
            97.2190488,
            4.7631041
          ],
          [
            97.2189531,
            4.7635369
          ],
          [
            97.2188819,
            4.7638818
          ]
        ]
      }
    },
    {
      "type": "Feature",
      "id": "way/61228483",
      "properties": {
        "id": 61228483,
        "name": "Krueng Simpangbarat",
        "waterway": "river",
        "source": "OpenStreetMap (ODbL)"
      },
      "geometry": {
        "type": "LineString",
        "coordinates": [
          [
            97.3161096,
            5.1393389
          ],
          [
            97.3162703,
            5.1397862
          ],
          [
            97.3161488,
            5.140374
          ],
          [
            97.3158082,
            5.140936
          ],
          [
            97.3155637,
            5.1418029
          ],
          [
            97.3156063,
            5.1427467
          ],
          [
            97.315726,
            5.1431102
          ],
          [
            97.3161357,
            5.1437375
          ],
          [
            97.3163537,
            5.1443033
          ],
          [
            97.3163046,
            5.1451862
          ],
          [
            97.3165027,
            5.1456486
          ],
          [
            97.3168921,
            5.1460118
          ],
          [
            97.3168759,
            5.146651
          ],
          [
            97.3166786,
            5.1471787
          ],
          [
            97.3159413,
            5.1487603
          ],
          [
            97.3155287,
            5.1499377
          ],
          [
            97.3156179,
            5.1505016
          ],
          [
            97.3159506,
            5.1513498
          ],
          [
            97.3157285,
            5.1518837
          ],
          [
            97.3152101,
            5.1520348
          ],
          [
            97.313708,
            5.1520505
          ],
          [
            97.3130561,
            5.1519398
          ],
          [
            97.3123004,
            5.1514213
          ],
          [
            97.3118486,
            5.1514503
          ],
          [
            97.3112702,
            5.1518422
          ],
          [
            97.3105472,
            5.1530074
          ],
          [
            97.3100403,
            5.1540348
          ],
          [
            97.3095678,
            5.1543735
          ],
          [
            97.3089565,
            5.1542667
          ],
          [
            97.3081943,
            5.1536218
          ],
          [
            97.3075727,
            5.1537229
          ],
          [
            97.3068992,
            5.1543099
          ],
          [
            97.3063323,
            5.1551839
          ],
          [
            97.3066613,
            5.1561245
          ],
          [
            97.3073935,
            5.1582724
          ],
          [
            97.3062731,
            5.1586109
          ],
          [
            97.3062762,
            5.1596782
          ],
          [
            97.3059922,
            5.1605762
          ],
          [
            97.305308,
            5.1609686
          ],
          [
            97.3048094,
            5.1617101
          ],
          [
            97.3051046,
            5.1626803
          ],
          [
            97.306239,
            5.1635112
          ],
          [
            97.3071487,
            5.1649486
          ],
          [
            97.3068387,
            5.1656441
          ],
          [
            97.306494,
            5.1664318
          ],
          [
            97.3064893,
            5.1672342
          ],
          [
            97.3067817,
            5.1683336
          ],
          [
            97.3074436,
            5.1691827
          ],
          [
            97.3088673,
            5.1720184
          ],
          [
            97.3089221,
            5.1729455
          ],
          [
            97.308408,
            5.1737326
          ],
          [
            97.3079681,
            5.174192
          ],
          [
            97.3075604,
            5.1746782
          ],
          [
            97.3072976,
            5.1750468
          ],
          [
            97.3070776,
            5.1752979
          ],
          [
            97.3068631,
            5.1757574
          ],
          [
            97.3065734,
            5.1763023
          ],
          [
            97.3063964,
            5.1765695
          ],
          [
            97.3062676,
            5.1768099
          ],
          [
            97.3061228,
            5.1770717
          ],
          [
            97.3059511,
            5.1776487
          ],
          [
            97.3058224,
            5.1781188
          ],
          [
            97.3058224,
            5.1788027
          ],
          [
            97.3058224,
            5.179572
          ],
          [
            97.3060396,
            5.1811093
          ]
        ]
      }
    },
    {
      "type": "Feature",
      "id": "way/61228484",
      "properties": {
        "id": 61228484,
        "name": "Krueng Sampojniet",
        "waterway": "river",
        "source": "OpenStreetMap (ODbL)"
      },
      "geometry": {
        "type": "LineString",
        "coordinates": [
          [
            97.3615402,
            5.1045661
          ],
          [
            97.3623228,
            5.1052985
          ],
          [
            97.3628626,
            5.10609
          ],
          [
            97.3635469,
            5.1070724
          ],
          [
            97.3640025,
            5.1080391
          ],
          [
            97.3645754,
            5.1093969
          ],
          [
            97.3649259,
            5.1104935
          ],
          [
            97.3651454,
            5.1113465
          ],
          [
            97.3653805,
            5.1123612
          ],
          [
            97.3657479,
            5.1134083
          ],
          [
            97.365778,
            5.1138397
          ],
          [
            97.3657834,
            5.1146434
          ],
          [
            97.3661355,
            5.1151555
          ],
          [
            97.3662371,
            5.1154081
          ],
          [
            97.3664543,
            5.1161174
          ],
          [
            97.3663756,
            5.1165381
          ],
          [
            97.366372,
            5.1170912
          ],
          [
            97.3666869,
            5.1178017
          ],
          [
            97.3668969,
            5.1183757
          ],
          [
            97.3668134,
            5.1189526
          ],
          [
            97.3667927,
            5.1192398
          ],
          [
            97.3660177,
            5.1203964
          ],
          [
            97.3659113,
            5.1213545
          ],
          [
            97.3658552,
            5.1223318
          ],
          [
            97.3661075,
            5.1232533
          ],
          [
            97.3661636,
            5.1241748
          ],
          [
            97.3660514,
            5.1245378
          ],
          [
            97.3656589,
            5.1250125
          ],
          [
            97.3651543,
            5.1255709
          ],
          [
            97.3643974,
            5.126269
          ],
          [
            97.3637806,
            5.1268554
          ],
          [
            97.3632479,
            5.1274418
          ],
          [
            97.3633881,
            5.1279723
          ],
          [
            97.363332,
            5.1290334
          ],
          [
            97.3633881,
            5.130262
          ],
          [
            97.3635563,
            5.1307646
          ],
          [
            97.364145,
            5.131351
          ],
          [
            97.3642291,
            5.1318536
          ],
          [
            97.3643413,
            5.1327192
          ],
          [
            97.3645375,
            5.133138
          ],
          [
            97.3645656,
            5.1339757
          ],
          [
            97.3647618,
            5.1352043
          ],
          [
            97.3646497,
            5.1359024
          ],
          [
            97.3645656,
            5.1363491
          ],
          [
            97.3646777,
            5.1373823
          ],
          [
            97.3645375,
            5.1380524
          ],
          [
            97.3647618,
            5.1387225
          ],
          [
            97.3647057,
            5.1391693
          ],
          [
            97.3646216,
            5.1398115
          ],
          [
            97.3645095,
            5.1406213
          ],
          [
            97.3645375,
            5.1412356
          ],
          [
            97.3649581,
            5.1411797
          ],
          [
            97.3656309,
            5.1406213
          ],
          [
            97.3659673,
            5.1408167
          ],
          [
            97.3659954,
            5.1415985
          ],
          [
            97.3659673,
            5.1424921
          ],
          [
            97.3659673,
            5.1436927
          ],
          [
            97.3659954,
            5.14467
          ],
          [
            97.3660234,
            5.1460103
          ],
          [
            97.3660234,
            5.1476018
          ],
          [
            97.3665,
            5.1481044
          ],
          [
            97.3669766,
            5.147909
          ],
          [
            97.3674812,
            5.1482999
          ],
          [
            97.3682662,
            5.148607
          ],
          [
            97.3675653,
            5.1490538
          ],
          [
            97.3668084,
            5.1495005
          ],
          [
            97.3663318,
            5.1499473
          ],
          [
            97.3654347,
            5.1506174
          ],
          [
            97.3652945,
            5.1510641
          ],
          [
            97.3648459,
            5.1515388
          ],
          [
            97.3644254,
            5.1517622
          ],
          [
            97.3643413,
            5.1525161
          ],
          [
            97.364874,
            5.1529628
          ],
          [
            97.365687,
            5.152907
          ],
          [
            97.3664159,
            5.1530466
          ],
          [
            97.3674532,
            5.1531304
          ],
          [
            97.3678737,
            5.153633
          ],
          [
            97.3684625,
            5.1541076
          ],
          [
            97.3692474,
            5.1543589
          ],
          [
            97.3700324,
            5.1549453
          ],
          [
            97.3704529,
            5.155392
          ]
        ]
      }
    },
    {
      "type": "Feature",
      "id": "way/61228485",
      "properties": {
        "id": 61228485,
        "name": "Sungai Tanpa Nama",
        "waterway": "river",
        "source": "OpenStreetMap (ODbL)"
      },
      "geometry": {
        "type": "LineString",
        "coordinates": [
          [
            97.3764451,
            5.1567862
          ],
          [
            97.3748681,
            5.156856
          ],
          [
            97.3733613,
            5.1568211
          ],
          [
            97.3724501,
            5.156507
          ],
          [
            97.3714689,
            5.1559136
          ],
          [
            97.3704529,
            5.155392
          ]
        ]
      }
    },
    {
      "type": "Feature",
      "id": "way/61228486",
      "properties": {
        "id": 61228486,
        "name": "Matangkumbang",
        "waterway": "river",
        "source": "OpenStreetMap (ODbL)"
      },
      "geometry": {
        "type": "LineString",
        "coordinates": [
          [
            97.4033238,
            5.1209407
          ],
          [
            97.4031136,
            5.121569
          ],
          [
            97.4027631,
            5.1227906
          ],
          [
            97.402658,
            5.1236283
          ],
          [
            97.4024477,
            5.1247452
          ],
          [
            97.4022725,
            5.1254084
          ],
          [
            97.401887,
            5.1265253
          ],
          [
            97.4017468,
            5.1273281
          ],
          [
            97.4015015,
            5.1279564
          ],
          [
            97.4011861,
            5.1279913
          ],
          [
            97.400275,
            5.1282356
          ],
          [
            97.3999246,
            5.1286894
          ],
          [
            97.3995391,
            5.1291431
          ],
          [
            97.3986458,
            5.1293233
          ],
          [
            97.398414,
            5.1304879
          ],
          [
            97.3983254,
            5.1313777
          ],
          [
            97.39804,
            5.1317285
          ],
          [
            97.397681,
            5.1323158
          ],
          [
            97.3975008,
            5.1332515
          ],
          [
            97.3973899,
            5.1339701
          ],
          [
            97.3972816,
            5.1341839
          ],
          [
            97.3971743,
            5.1344908
          ],
          [
            97.3969837,
            5.1347544
          ],
          [
            97.3966522,
            5.135072
          ],
          [
            97.3961662,
            5.1351422
          ],
          [
            97.3955863,
            5.1354268
          ],
          [
            97.3950885,
            5.1355304
          ],
          [
            97.3941584,
            5.1354774
          ],
          [
            97.3934922,
            5.1357747
          ],
          [
            97.3928435,
            5.1365359
          ],
          [
            97.3925003,
            5.1366972
          ],
          [
            97.3917718,
            5.1373404
          ],
          [
            97.3914972,
            5.1381283
          ],
          [
            97.3915491,
            5.1382529
          ],
          [
            97.3911636,
            5.1384972
          ],
          [
            97.3907781,
            5.1390557
          ],
          [
            97.3905328,
            5.1397188
          ],
          [
            97.3900071,
            5.1401377
          ],
          [
            97.3896216,
            5.1405565
          ],
          [
            97.3895516,
            5.1409404
          ],
          [
            97.3892362,
            5.1411848
          ],
          [
            97.3886755,
            5.1414291
          ],
          [
            97.3882199,
            5.1411848
          ],
          [
            97.387519,
            5.1408357
          ],
          [
            97.3870985,
            5.1405216
          ],
          [
            97.3870284,
            5.140033
          ],
          [
            97.3866079,
            5.139649
          ],
          [
            97.3861873,
            5.1401726
          ],
          [
            97.3859771,
            5.1408008
          ],
          [
            97.3855916,
            5.1411498
          ],
          [
            97.3850309,
            5.141464
          ],
          [
            97.3842249,
            5.1418479
          ],
          [
            97.3836992,
            5.1418479
          ],
          [
            97.3833137,
            5.1416036
          ],
          [
            97.3833488,
            5.1409055
          ],
          [
            97.3829983,
            5.1403471
          ],
          [
            97.3824376,
            5.1401726
          ],
          [
            97.3814915,
            5.1402773
          ],
          [
            97.3806154,
            5.1401377
          ],
          [
            97.3798093,
            5.1402773
          ],
          [
            97.3791085,
            5.1404518
          ],
          [
            97.3780571,
            5.1404867
          ],
          [
            97.3777418,
            5.140033
          ],
          [
            97.377146,
            5.1397886
          ],
          [
            97.3765503,
            5.1397188
          ],
          [
            97.376375,
            5.1392302
          ],
          [
            97.3758494,
            5.1387764
          ],
          [
            97.3748331,
            5.1382529
          ],
          [
            97.3745878,
            5.1379737
          ],
          [
            97.373992,
            5.1373803
          ],
          [
            97.3734664,
            5.1373454
          ],
          [
            97.373151,
            5.1376595
          ],
          [
            97.3728006,
            5.1381831
          ],
          [
            97.3723099,
            5.1386019
          ],
          [
            97.3714338,
            5.1388462
          ],
          [
            97.3708381,
            5.1392651
          ],
          [
            97.3710484,
            5.1398235
          ],
          [
            97.3717492,
            5.1402424
          ],
          [
            97.3713988,
            5.140731
          ],
          [
            97.3716441,
            5.1412197
          ],
          [
            97.3717492,
            5.1427554
          ],
          [
            97.3717142,
            5.1440817
          ],
          [
            97.3709783,
            5.1449194
          ],
          [
            97.3698218,
            5.1464202
          ],
          [
            97.369191,
            5.1474673
          ],
          [
            97.3682662,
            5.148607
          ]
        ]
      }
    },
    {
      "type": "Feature",
      "id": "way/61228487",
      "properties": {
        "id": 61228487,
        "name": "Krueng Piadah",
        "waterway": "river",
        "source": "OpenStreetMap (ODbL)"
      },
      "geometry": {
        "type": "LineString",
        "coordinates": [
          [
            97.3704529,
            5.155392
          ],
          [
            97.3704529,
            5.1559225
          ],
          [
            97.3697521,
            5.1563414
          ],
          [
            97.3690232,
            5.1568998
          ],
          [
            97.3683223,
            5.1571232
          ],
          [
            97.3676775,
            5.1571232
          ],
          [
            97.3672009,
            5.1567881
          ],
          [
            97.3663318,
            5.1565089
          ],
          [
            97.3657711,
            5.1567044
          ],
          [
            97.3655468,
            5.157179
          ],
          [
            97.3650982,
            5.1577375
          ],
          [
            97.3642291,
            5.157905
          ],
          [
            97.3636965,
            5.1582121
          ],
          [
            97.3630236,
            5.1587706
          ],
          [
            97.3624349,
            5.1591615
          ],
          [
            97.3623228,
            5.1596361
          ],
          [
            97.362547,
            5.1601666
          ],
          [
            97.3632199,
            5.16039
          ],
          [
            97.3638927,
            5.1605855
          ],
          [
            97.3643974,
            5.1609205
          ],
          [
            97.3647898,
            5.1616465
          ],
          [
            97.36493,
            5.1622328
          ],
          [
            97.36493,
            5.1629588
          ],
          [
            97.3650141,
            5.1644107
          ],
          [
            97.3655188,
            5.1651087
          ],
          [
            97.3657991,
            5.1656113
          ],
          [
            97.3660514,
            5.1661977
          ],
          [
            97.3662477,
            5.1668678
          ],
          [
            97.3667523,
            5.167845
          ],
          [
            97.3667803,
            5.1684872
          ],
          [
            97.3665841,
            5.1689898
          ],
          [
            97.3662196,
            5.1691015
          ],
          [
            97.3654347,
            5.1689898
          ],
          [
            97.3647057,
            5.1689898
          ],
          [
            97.3642291,
            5.1692411
          ],
          [
            97.3638086,
            5.1697716
          ],
          [
            97.3634161,
            5.1703858
          ],
          [
            97.3628274,
            5.1708605
          ],
          [
            97.3618181,
            5.1710559
          ],
          [
            97.3614256,
            5.1712514
          ],
          [
            97.360949,
            5.1719773
          ],
          [
            97.3606254,
            5.1724071
          ],
          [
            97.3604444,
            5.1726474
          ],
          [
            97.3597996,
            5.1728429
          ],
          [
            97.3591267,
            5.1726754
          ],
          [
            97.358538,
            5.1718377
          ],
          [
            97.3579493,
            5.1716702
          ],
          [
            97.3571082,
            5.1721728
          ],
          [
            97.3560429,
            5.1724241
          ],
          [
            97.3548654,
            5.172452
          ],
          [
            97.3538842,
            5.1726474
          ],
          [
            97.3535758,
            5.1732338
          ],
          [
            97.3538561,
            5.1737084
          ],
          [
            97.3547813,
            5.1739318
          ],
          [
            97.3551177,
            5.1742389
          ],
          [
            97.3552299,
            5.175272
          ],
          [
            97.3550616,
            5.1765005
          ],
          [
            97.3545598,
            5.1774231
          ],
          [
            97.3538408,
            5.1781065
          ],
          [
            97.3531165,
            5.1780665
          ],
          [
            97.3531553,
            5.1775894
          ],
          [
            97.352959,
            5.1766122
          ],
          [
            97.3528469,
            5.1758583
          ],
          [
            97.3523703,
            5.1754674
          ],
          [
            97.3511367,
            5.1754674
          ],
          [
            97.3495948,
            5.1758583
          ],
          [
            97.3482491,
            5.176333
          ],
          [
            97.3475763,
            5.1773381
          ],
          [
            97.3478286,
            5.1781758
          ],
          [
            97.3483052,
            5.1787621
          ],
          [
            97.3486416,
            5.1794601
          ],
          [
            97.3482211,
            5.1801861
          ],
          [
            97.3470436,
            5.1815821
          ],
          [
            97.3464268,
            5.182671
          ],
          [
            97.3458381,
            5.183369
          ],
          [
            97.3446326,
            5.1839832
          ],
          [
            97.3427542,
            5.1841508
          ],
          [
            97.3414926,
            5.1842904
          ],
          [
            97.3407076,
            5.1842904
          ],
          [
            97.3405394,
            5.1839274
          ],
          [
            97.3406796,
            5.1834528
          ],
          [
            97.3414926,
            5.1825314
          ],
          [
            97.341801,
            5.181973
          ],
          [
            97.341801,
            5.1809957
          ],
          [
            97.340988,
            5.1799348
          ],
          [
            97.3398105,
            5.1797672
          ],
          [
            97.3386891,
            5.179851
          ],
          [
            97.3379882,
            5.1806607
          ],
          [
            97.3378481,
            5.181973
          ],
          [
            97.3376238,
            5.1829223
          ],
          [
            97.3373434,
            5.1834248
          ],
          [
            97.3367267,
            5.1838157
          ],
          [
            97.3360818,
            5.1838157
          ],
          [
            97.3350165,
            5.1837599
          ],
          [
            97.3340353,
            5.1841229
          ],
          [
            97.3330821,
            5.184765
          ],
          [
            97.3323251,
            5.1853514
          ],
          [
            97.3317364,
            5.1855747
          ],
          [
            97.3302519,
            5.185203
          ],
          [
            97.329061,
            5.1848076
          ],
          [
            97.3283636,
            5.1850854
          ],
          [
            97.3277306,
            5.1858975
          ],
          [
            97.3273766,
            5.1865172
          ],
          [
            97.3269635,
            5.1872785
          ]
        ]
      }
    },
    {
      "type": "Feature",
      "id": "way/181511936",
      "properties": {
        "id": 181511936,
        "name": "Sungai Tanpa Nama",
        "waterway": "river",
        "source": "OpenStreetMap (ODbL)"
      },
      "geometry": {
        "type": "LineString",
        "coordinates": [
          [
            97.0060761,
            5.2277377
          ],
          [
            97.0062619,
            5.227752
          ],
          [
            97.0064582,
            5.2278517
          ],
          [
            97.006797,
            5.2281085
          ],
          [
            97.0072165,
            5.2283807
          ],
          [
            97.0077323,
            5.22858
          ],
          [
            97.0081711,
            5.2287295
          ],
          [
            97.0085137,
            5.2287908
          ],
          [
            97.0088332,
            5.2288598
          ],
          [
            97.0089178,
            5.2289595
          ],
          [
            97.0089948,
            5.2291818
          ],
          [
            97.0091295,
            5.2293581
          ],
          [
            97.0095183,
            5.2296993
          ],
          [
            97.0097262,
            5.2297913
          ],
          [
            97.0101303,
            5.2298449
          ],
          [
            97.0103536,
            5.2298986
          ],
          [
            97.0105537,
            5.2298794
          ],
          [
            97.0109386,
            5.2296916
          ],
          [
            97.0120818,
            5.2290016
          ],
          [
            97.0125476,
            5.2287908
          ],
          [
            97.0127362,
            5.2287333
          ],
          [
            97.0129248,
            5.228672
          ],
          [
            97.0130711,
            5.22858
          ],
          [
            97.0132828,
            5.2283577
          ],
          [
            97.0134406,
            5.2281469
          ],
          [
            97.0136523,
            5.2280127
          ],
          [
            97.0139833,
            5.2277865
          ],
          [
            97.014934,
            5.2273726
          ],
          [
            97.0158347,
            5.2271464
          ],
          [
            97.0178632,
            5.2266481
          ],
          [
            97.0182481,
            5.2265408
          ],
          [
            97.0186523,
            5.2265638
          ],
          [
            97.0190488,
            5.2265446
          ],
          [
            97.0193952,
            5.2264411
          ],
          [
            97.0196415,
            5.2264411
          ],
          [
            97.0199995,
            5.2264833
          ],
          [
            97.0203883,
            5.2264488
          ],
          [
            97.0205923,
            5.2263798
          ],
          [
            97.020854,
            5.226215
          ],
          [
            97.0212004,
            5.2260156
          ],
          [
            97.0216931,
            5.2258086
          ],
          [
            97.0219587,
            5.2257128
          ],
          [
            97.0222897,
            5.2254675
          ],
          [
            97.022563,
            5.225295
          ],
          [
            97.0227978,
            5.225134
          ],
          [
            97.0230249,
            5.2249194
          ],
          [
            97.0231827,
            5.2248159
          ],
          [
            97.0234214,
            5.2247392
          ],
          [
            97.0235984,
            5.2246472
          ],
          [
            97.0238602,
            5.2244479
          ],
          [
            97.023941,
            5.2243291
          ],
          [
            97.0239641,
            5.2242026
          ],
          [
            97.0239911,
            5.2239381
          ],
          [
            97.0241296,
            5.2236199
          ],
          [
            97.0241835,
            5.2234359
          ],
          [
            97.0243028,
            5.2227115
          ],
          [
            97.0244106,
            5.2226118
          ],
          [
            97.0245492,
            5.222516
          ],
          [
            97.0247878,
            5.2222208
          ],
          [
            97.0249957,
            5.2219793
          ],
          [
            97.0250573,
            5.221849
          ],
          [
            97.0250419,
            5.2217187
          ],
          [
            97.024961,
            5.2215922
          ],
          [
            97.0248456,
            5.2214695
          ],
          [
            97.0248494,
            5.2213699
          ],
          [
            97.024911,
            5.2213085
          ],
          [
            97.0250996,
            5.2212894
          ],
          [
            97.025115,
            5.2212127
          ],
          [
            97.025065,
            5.2210977
          ],
          [
            97.0250996,
            5.2210172
          ],
          [
            97.0252189,
            5.2209789
          ],
          [
            97.0252728,
            5.220883
          ],
          [
            97.0252574,
            5.2207796
          ],
          [
            97.0253152,
            5.2207259
          ],
          [
            97.0254691,
            5.2206799
          ],
          [
            97.0259387,
            5.2206301
          ],
          [
            97.0262159,
            5.2206339
          ],
          [
            97.0265392,
            5.2205342
          ],
          [
            97.0268394,
            5.2204806
          ],
          [
            97.0269741,
            5.2204307
          ],
          [
            97.0271512,
            5.2204652
          ],
          [
            97.0273283,
            5.2206377
          ],
          [
            97.0277555,
            5.2210632
          ],
          [
            97.0280596,
            5.2213085
          ],
          [
            97.0284291,
            5.2214734
          ],
          [
            97.0287332,
            5.22155
          ],
          [
            97.0289834,
            5.2215194
          ],
          [
            97.0292297,
            5.2214044
          ],
          [
            97.0293991,
            5.221366
          ],
          [
            97.0297417,
            5.2213737
          ],
          [
            97.0302074,
            5.22132
          ],
          [
            97.030523,
            5.2213469
          ],
          [
            97.0309888,
            5.2213929
          ],
          [
            97.0313891,
            5.2213162
          ],
          [
            97.0320473,
            5.2211514
          ],
          [
            97.03279,
            5.2210778
          ],
          [
            97.0329402,
            5.2211687
          ],
          [
            97.0331226,
            5.2214251
          ],
          [
            97.0333211,
            5.2214678
          ],
          [
            97.0334981,
            5.221393
          ],
          [
            97.0335732,
            5.2212007
          ],
          [
            97.0336805,
            5.2211045
          ],
          [
            97.0339648,
            5.2210404
          ],
          [
            97.0344315,
            5.2207199
          ],
          [
            97.0344154,
            5.2205596
          ],
          [
            97.0344744,
            5.2204528
          ],
          [
            97.0346353,
            5.220378
          ],
          [
            97.0349518,
            5.2204314
          ]
        ]
      }
    },
    {
      "type": "Feature",
      "id": "way/301197612",
      "properties": {
        "id": 301197612,
        "name": "Krueng Cunda",
        "waterway": "river",
        "source": "OpenStreetMap (ODbL)"
      },
      "geometry": {
        "type": "LineString",
        "coordinates": [
          [
            97.1423203,
            5.1640277
          ],
          [
            97.1358865,
            5.1736017
          ],
          [
            97.1351079,
            5.1742643
          ],
          [
            97.1334374,
            5.1752795
          ],
          [
            97.1312692,
            5.1772575
          ],
          [
            97.1307637,
            5.1779763
          ],
          [
            97.1306359,
            5.1783449
          ],
          [
            97.1306423,
            5.1787377
          ],
          [
            97.1307217,
            5.1790729
          ],
          [
            97.1310043,
            5.1792665
          ],
          [
            97.132077,
            5.1797112
          ],
          [
            97.1325414,
            5.1802777
          ],
          [
            97.1326692,
            5.1805678
          ],
          [
            97.1328605,
            5.1809221
          ],
          [
            97.1328756,
            5.1814756
          ],
          [
            97.1327301,
            5.1820412
          ],
          [
            97.1326401,
            5.1823869
          ],
          [
            97.1323996,
            5.182844
          ],
          [
            97.1323187,
            5.1832361
          ],
          [
            97.132063,
            5.1836869
          ],
          [
            97.131755,
            5.1840623
          ],
          [
            97.1313617,
            5.1844255
          ],
          [
            97.1309332,
            5.1847347
          ],
          [
            97.1305593,
            5.1849274
          ],
          [
            97.1302228,
            5.1851214
          ],
          [
            97.1298827,
            5.1853465
          ],
          [
            97.1294902,
            5.1857775
          ],
          [
            97.1294335,
            5.1861439
          ],
          [
            97.1294215,
            5.1865589
          ],
          [
            97.129661,
            5.187125
          ],
          [
            97.1296951,
            5.1874139
          ],
          [
            97.1296685,
            5.1876485
          ],
          [
            97.1296012,
            5.1878587
          ],
          [
            97.1294149,
            5.1882005
          ],
          [
            97.1290895,
            5.1884264
          ],
          [
            97.128885,
            5.188648
          ],
          [
            97.1283377,
            5.1890397
          ],
          [
            97.1280129,
            5.1892956
          ],
          [
            97.1276991,
            5.1895672
          ],
          [
            97.1274181,
            5.1900689
          ],
          [
            97.1273457,
            5.1904616
          ],
          [
            97.1273579,
            5.1907595
          ],
          [
            97.1274332,
            5.1910645
          ],
          [
            97.1275199,
            5.1914466
          ],
          [
            97.1275296,
            5.1918523
          ],
          [
            97.1274943,
            5.1923987
          ],
          [
            97.1274357,
            5.1926637
          ],
          [
            97.1272427,
            5.1935469
          ],
          [
            97.1271931,
            5.1938259
          ],
          [
            97.1270952,
            5.1941155
          ],
          [
            97.1269026,
            5.1946063
          ],
          [
            97.12663,
            5.1950745
          ],
          [
            97.1263239,
            5.1955359
          ],
          [
            97.1260073,
            5.1959999
          ],
          [
            97.1255781,
            5.1963818
          ],
          [
            97.1252169,
            5.1965945
          ],
          [
            97.1247902,
            5.1968886
          ],
          [
            97.124355,
            5.197079
          ],
          [
            97.1238937,
            5.1971431
          ],
          [
            97.1235638,
            5.1970389
          ],
          [
            97.1233572,
            5.1968867
          ],
          [
            97.1220269,
            5.1954763
          ],
          [
            97.121705,
            5.1949768
          ],
          [
            97.1215039,
            5.1947965
          ],
          [
            97.1212276,
            5.1947524
          ],
          [
            97.1209956,
            5.1949835
          ],
          [
            97.1207877,
            5.1952653
          ],
          [
            97.1206268,
            5.195479
          ],
          [
            97.1203693,
            5.1956753
          ],
          [
            97.1200715,
            5.195853
          ],
          [
            97.1196826,
            5.1959384
          ],
          [
            97.1190013,
            5.1959037
          ],
          [
            97.1188404,
            5.1959678
          ],
          [
            97.1183737,
            5.1961761
          ],
          [
            97.1178801,
            5.1966116
          ],
          [
            97.1174859,
            5.1969989
          ],
          [
            97.116008,
            5.1979552
          ],
          [
            97.1150531,
            5.1987031
          ],
          [
            97.1147527,
            5.199069
          ],
          [
            97.1145274,
            5.199451
          ],
          [
            97.1144952,
            5.1997235
          ],
          [
            97.1145167,
            5.1999746
          ],
          [
            97.1146347,
            5.2002364
          ],
          [
            97.1147205,
            5.2005088
          ],
          [
            97.1147795,
            5.2007279
          ],
          [
            97.1147956,
            5.2009576
          ],
          [
            97.1147808,
            5.2011743
          ],
          [
            97.1147124,
            5.201391
          ],
          [
            97.1143384,
            5.2019254
          ],
          [
            97.1140701,
            5.2020712
          ],
          [
            97.1138428,
            5.2020292
          ],
          [
            97.1136798,
            5.2019659
          ],
          [
            97.1133545,
            5.2014315
          ],
          [
            97.1132002,
            5.2010209
          ],
          [
            97.1130552,
            5.2008478
          ],
          [
            97.1128955,
            5.2007986
          ],
          [
            97.1127733,
            5.2008723
          ],
          [
            97.1125984,
            5.2010266
          ],
          [
            97.1116454,
            5.201827
          ],
          [
            97.1113625,
            5.2023141
          ]
        ]
      }
    },
    {
      "type": "Feature",
      "id": "way/302933196",
      "properties": {
        "id": 302933196,
        "name": "Sungai Tanpa Nama",
        "waterway": "river",
        "source": "OpenStreetMap (ODbL)"
      },
      "geometry": {
        "type": "LineString",
        "coordinates": [
          [
            97.1476994,
            5.1523299
          ],
          [
            97.1480815,
            5.1516821
          ],
          [
            97.1487717,
            5.1509579
          ],
          [
            97.1498069,
            5.1507492
          ],
          [
            97.1503738,
            5.1505037
          ],
          [
            97.1508298,
            5.1500496
          ],
          [
            97.1507682,
            5.1497795
          ],
          [
            97.1502752,
            5.1488835
          ],
          [
            97.1495481,
            5.1467355
          ],
          [
            97.1495481,
            5.1463549
          ],
          [
            97.1497633,
            5.1461695
          ],
          [
            97.1501292,
            5.1460156
          ],
          [
            97.1513,
            5.1459833
          ],
          [
            97.1516334,
            5.1458456
          ],
          [
            97.151796,
            5.1456107
          ],
          [
            97.1517472,
            5.1453111
          ],
          [
            97.151487,
            5.1450034
          ],
          [
            97.1511943,
            5.1446875
          ],
          [
            97.1510236,
            5.1443636
          ],
          [
            97.1509639,
            5.1440875
          ],
          [
            97.150971,
            5.1439253
          ],
          [
            97.1510559,
            5.1437773
          ],
          [
            97.1518123,
            5.1430274
          ],
          [
            97.1518448,
            5.1428331
          ],
          [
            97.1517066,
            5.1426549
          ],
          [
            97.1510154,
            5.1423715
          ],
          [
            97.1507959,
            5.1420961
          ],
          [
            97.1507309,
            5.1417641
          ],
          [
            97.1507935,
            5.1413578
          ]
        ]
      }
    },
    {
      "type": "Feature",
      "id": "way/310257874",
      "properties": {
        "id": 310257874,
        "name": "Sungai Tanpa Nama",
        "waterway": "river",
        "source": "OpenStreetMap (ODbL)"
      },
      "geometry": {
        "type": "LineString",
        "coordinates": [
          [
            97.209019,
            5.1129525
          ],
          [
            97.2090922,
            5.1132764
          ],
          [
            97.2090597,
            5.1135032
          ],
          [
            97.2091085,
            5.1140863
          ],
          [
            97.209019,
            5.1144183
          ],
          [
            97.2088564,
            5.1146613
          ],
          [
            97.2086369,
            5.114718
          ],
          [
            97.2084905,
            5.114888
          ],
          [
            97.2084092,
            5.1152039
          ],
          [
            97.208458,
            5.1158761
          ],
          [
            97.2083442,
            5.1162567
          ],
          [
            97.2082141,
            5.1164268
          ],
          [
            97.2073684,
            5.1169856
          ],
          [
            97.2068318,
            5.1172933
          ],
          [
            97.2062057,
            5.1174715
          ],
          [
            97.2055878,
            5.1178521
          ],
          [
            97.2052788,
            5.1179169
          ],
          [
            97.2050593,
            5.1181356
          ],
          [
            97.2046852,
            5.1188158
          ],
          [
            97.2045633,
            5.1191398
          ],
          [
            97.2045145,
            5.1197958
          ],
          [
            97.2043031,
            5.1206137
          ],
          [
            97.2043356,
            5.1210024
          ],
          [
            97.204425,
            5.1214478
          ],
          [
            97.204425,
            5.1218204
          ],
          [
            97.2043112,
            5.1222415
          ],
          [
            97.2043763,
            5.1225654
          ],
          [
            97.20436,
            5.1228651
          ],
          [
            97.2041974,
            5.1235939
          ],
          [
            97.2040754,
            5.123926
          ],
          [
            97.2039534,
            5.1240556
          ],
          [
            97.2038477,
            5.1240717
          ],
          [
            97.2036607,
            5.1239827
          ],
          [
            97.2034168,
            5.1238126
          ],
          [
            97.2031322,
            5.1236911
          ],
          [
            97.2028964,
            5.1237073
          ],
          [
            97.2025549,
            5.1238126
          ],
          [
            97.2022622,
            5.1238774
          ],
          [
            97.201506,
            5.1238693
          ],
          [
            97.201067,
            5.1239017
          ],
          [
            97.2003921,
            5.1241122
          ],
          [
            97.1999774,
            5.1240556
          ],
          [
            97.1993269,
            5.1240313
          ],
          [
            97.1987009,
            5.1241284
          ],
          [
            97.1984895,
            5.1242661
          ],
          [
            97.1983512,
            5.1245091
          ],
          [
            97.1982862,
            5.1248168
          ],
          [
            97.1982699,
            5.1251407
          ],
          [
            97.1983594,
            5.1255943
          ],
          [
            97.1984163,
            5.1259263
          ],
          [
            97.1984325,
            5.1264851
          ],
          [
            97.198335,
            5.1269143
          ],
          [
            97.1981561,
            5.1272139
          ],
          [
            97.1978065,
            5.1275703
          ],
          [
            97.19753,
            5.1277808
          ],
          [
            97.1970828,
            5.1279752
          ],
          [
            97.1969202,
            5.1281291
          ],
          [
            97.1968551,
            5.1283396
          ],
          [
            97.1968958,
            5.1286069
          ],
          [
            97.1970096,
            5.1288093
          ],
          [
            97.1970991,
            5.1292061
          ],
          [
            97.1971235,
            5.1297973
          ],
          [
            97.1970991,
            5.1304209
          ],
          [
            97.197034,
            5.1306557
          ],
          [
            97.1968551,
            5.1309068
          ],
          [
            97.1963998,
            5.1312874
          ],
          [
            97.1961559,
            5.1314008
          ],
          [
            97.1959038,
            5.1313927
          ],
          [
            97.1954485,
            5.1312874
          ],
          [
            97.1952371,
            5.131336
          ],
          [
            97.1948793,
            5.1314818
          ],
          [
            97.1945947,
            5.1315304
          ],
          [
            97.1943671,
            5.1314818
          ],
          [
            97.1941557,
            5.1312712
          ],
          [
            97.1938142,
            5.1306072
          ],
          [
            97.193619,
            5.1304533
          ],
          [
            97.1933426,
            5.1303723
          ],
          [
            97.1930173,
            5.1303804
          ],
          [
            97.1927815,
            5.1304938
          ],
          [
            97.1926027,
            5.1307124
          ],
          [
            97.1925295,
            5.1309797
          ],
          [
            97.1925783,
            5.1312955
          ],
          [
            97.192871,
            5.1322106
          ],
          [
            97.1930499,
            5.133393
          ],
          [
            97.1930255,
            5.1337817
          ],
          [
            97.1928466,
            5.134381
          ],
          [
            97.1928059,
            5.1347211
          ],
          [
            97.1928628,
            5.1350774
          ],
          [
            97.193245,
            5.1359844
          ],
          [
            97.1934971,
            5.1362922
          ],
          [
            97.1942288,
            5.1366404
          ],
          [
            97.1946679,
            5.1369643
          ],
          [
            97.1950745,
            5.1375069
          ],
          [
            97.1955606,
            5.1379932
          ],
          [
            97.1967214,
            5.138811
          ],
          [
            97.1978903,
            5.1409231
          ],
          [
            97.1983623,
            5.1413932
          ],
          [
            97.1992636,
            5.1416283
          ],
          [
            97.2013342,
            5.1412864
          ],
          [
            97.2019243,
            5.1416069
          ],
          [
            97.2021282,
            5.141997
          ],
          [
            97.2019994,
            5.1427877
          ]
        ]
      }
    },
    {
      "type": "Feature",
      "id": "way/318290295",
      "properties": {
        "id": 318290295,
        "name": "Sungai Tanpa Nama",
        "waterway": "river",
        "source": "OpenStreetMap (ODbL)"
      },
      "geometry": {
        "type": "LineString",
        "coordinates": [
          [
            97.0577119,
            5.1515833
          ],
          [
            97.057431,
            5.1520019
          ],
          [
            97.0571234,
            5.1525596
          ],
          [
            97.0569642,
            5.1527967
          ],
          [
            97.0567086,
            5.1530393
          ],
          [
            97.0563419,
            5.153563
          ],
          [
            97.0561941,
            5.1538937
          ],
          [
            97.0561201,
            5.1541131
          ],
          [
            97.0561258,
            5.1542713
          ],
          [
            97.0561237,
            5.1543459
          ],
          [
            97.0561532,
            5.1544386
          ],
          [
            97.056308,
            5.1546409
          ],
          [
            97.0564312,
            5.1547709
          ],
          [
            97.0564774,
            5.1548734
          ],
          [
            97.0564904,
            5.1549817
          ],
          [
            97.056543,
            5.1550972
          ],
          [
            97.0566026,
            5.155224
          ],
          [
            97.0567978,
            5.1555237
          ],
          [
            97.0570066,
            5.1558582
          ],
          [
            97.057229,
            5.1560052
          ],
          [
            97.0573178,
            5.1561141
          ],
          [
            97.0574299,
            5.1563582
          ],
          [
            97.0574576,
            5.1564823
          ],
          [
            97.0574366,
            5.1565876
          ],
          [
            97.0576258,
            5.1566584
          ],
          [
            97.0576982,
            5.1567393
          ],
          [
            97.0577388,
            5.1568245
          ],
          [
            97.0577562,
            5.1569097
          ],
          [
            97.0577613,
            5.1571292
          ],
          [
            97.0577845,
            5.1572187
          ],
          [
            97.0578309,
            5.1572721
          ],
          [
            97.057915,
            5.1573068
          ],
          [
            97.0579657,
            5.1573992
          ],
          [
            97.0579889,
            5.1575176
          ],
          [
            97.057969,
            5.1576626
          ],
          [
            97.0579498,
            5.1577737
          ],
          [
            97.0580218,
            5.1579819
          ],
          [
            97.0581226,
            5.1581785
          ],
          [
            97.0581356,
            5.1582622
          ],
          [
            97.0581153,
            5.1583532
          ],
          [
            97.0580515,
            5.1585135
          ],
          [
            97.058024,
            5.1587402
          ],
          [
            97.0580385,
            5.1587951
          ],
          [
            97.0581487,
            5.1590102
          ],
          [
            97.0581733,
            5.1590853
          ],
          [
            97.058169,
            5.1592138
          ],
          [
            97.0581298,
            5.1593899
          ],
          [
            97.0581052,
            5.1594881
          ],
          [
            97.0580515,
            5.1597639
          ],
          [
            97.058008,
            5.1599155
          ],
          [
            97.0579181,
            5.1600975
          ],
          [
            97.0576978,
            5.1604974
          ],
          [
            97.0573904,
            5.1609667
          ],
          [
            97.0573194,
            5.1611169
          ],
          [
            97.0572773,
            5.1612699
          ],
          [
            97.0572092,
            5.1617825
          ],
          [
            97.057149,
            5.1620323
          ],
          [
            97.0569076,
            5.162903
          ],
          [
            97.0566728,
            5.1637376
          ],
          [
            97.056572,
            5.1641693
          ],
          [
            97.0564734,
            5.1643902
          ],
          [
            97.0563024,
            5.1646039
          ],
          [
            97.0561994,
            5.1647815
          ],
          [
            97.0560776,
            5.1650385
          ],
          [
            97.0560385,
            5.1651584
          ],
          [
            97.0560298,
            5.1653461
          ],
          [
            97.0560559,
            5.1654269
          ],
          [
            97.0561168,
            5.165528
          ],
          [
            97.0561327,
            5.1656536
          ],
          [
            97.0561037,
            5.1658124
          ],
          [
            97.0560617,
            5.1659742
          ],
          [
            97.0560559,
            5.1661186
          ],
          [
            97.056111,
            5.1663525
          ],
          [
            97.0561472,
            5.1664882
          ],
          [
            97.0561545,
            5.1666181
          ],
          [
            97.0561153,
            5.16679
          ],
          [
            97.0561052,
            5.1669069
          ],
          [
            97.0561516,
            5.1670499
          ],
          [
            97.0563002,
            5.1672289
          ],
          [
            97.0563582,
            5.16733
          ],
          [
            97.0563973,
            5.1674744
          ],
          [
            97.0563988,
            5.1677444
          ],
          [
            97.0564147,
            5.1678714
          ],
          [
            97.0564553,
            5.1679985
          ],
          [
            97.0564452,
            5.1681241
          ],
          [
            97.0563219,
            5.1683999
          ],
          [
            97.0562697,
            5.1686425
          ],
          [
            97.0562813,
            5.1687811
          ],
          [
            97.0564047,
            5.1690605
          ],
          [
            97.0567762,
            5.1701578
          ],
          [
            97.0568902,
            5.1704632
          ],
          [
            97.0570708,
            5.1707036
          ]
        ]
      }
    },
    {
      "type": "Feature",
      "id": "way/319140193",
      "properties": {
        "id": 319140193,
        "name": "Krueng Mane",
        "waterway": "river",
        "source": "OpenStreetMap (ODbL)"
      },
      "geometry": {
        "type": "LineString",
        "coordinates": [
          [
            96.9110772,
            5.2457326
          ],
          [
            96.9115356,
            5.2459463
          ],
          [
            96.9118068,
            5.2462973
          ],
          [
            96.9120914,
            5.2467383
          ],
          [
            96.9121411,
            5.2471432
          ],
          [
            96.9120237,
            5.2476607
          ],
          [
            96.9116802,
            5.2482097
          ],
          [
            96.9111517,
            5.2486125
          ]
        ]
      }
    },
    {
      "type": "Feature",
      "id": "way/326519447",
      "properties": {
        "id": 326519447,
        "name": "Krueng Ara Kundo",
        "waterway": "river",
        "source": "OpenStreetMap (ODbL)"
      },
      "geometry": {
        "type": "LineString",
        "coordinates": [
          [
            97.5144284,
            5.0645062
          ],
          [
            97.5145693,
            5.0639324
          ],
          [
            97.514583,
            5.0631214
          ],
          [
            97.5144645,
            5.0623469
          ],
          [
            97.5141866,
            5.0616179
          ],
          [
            97.5134759,
            5.0603286
          ],
          [
            97.5132298,
            5.0596224
          ],
          [
            97.5131478,
            5.0590665
          ],
          [
            97.5132207,
            5.0584105
          ],
          [
            97.5134667,
            5.0578273
          ],
          [
            97.5137857,
            5.0574446
          ],
          [
            97.5142777,
            5.0571166
          ],
          [
            97.5149702,
            5.0569161
          ],
          [
            97.5161092,
            5.056825
          ],
          [
            97.5178587,
            5.0569161
          ],
          [
            97.5192339,
            5.056827
          ],
          [
            97.5204097,
            5.0565785
          ],
          [
            97.5228521,
            5.05585
          ],
          [
            97.5239547,
            5.0557771
          ],
          [
            97.5253215,
            5.0559411
          ],
          [
            97.5265151,
            5.0563421
          ],
          [
            97.5275266,
            5.0570072
          ],
          [
            97.5279548,
            5.0574264
          ],
          [
            97.5284013,
            5.058128
          ],
          [
            97.528784,
            5.0594219
          ],
          [
            97.5293053,
            5.0613903
          ],
          [
            97.5295403,
            5.0620826
          ],
          [
            97.5299321,
            5.0626749
          ],
          [
            97.5303968,
            5.0632398
          ],
          [
            97.5313445,
            5.0639597
          ],
          [
            97.5322921,
            5.0648709
          ],
          [
            97.5329938,
            5.0661921
          ],
          [
            97.5334403,
            5.0666751
          ],
          [
            97.5340143,
            5.0669849
          ],
          [
            97.5346613,
            5.0669211
          ],
          [
            97.5353811,
            5.0667024
          ],
          [
            97.537003,
            5.0664655
          ],
          [
            97.5384336,
            5.0665475
          ],
          [
            97.5393041,
            5.0664558
          ],
          [
            97.5405385,
            5.0661739
          ],
          [
            97.5422779,
            5.0660009
          ]
        ]
      }
    },
    {
      "type": "Feature",
      "id": "way/326519449",
      "properties": {
        "id": 326519449,
        "name": "Krueng Cunda",
        "waterway": "river",
        "source": "OpenStreetMap (ODbL)"
      },
      "geometry": {
        "type": "LineString",
        "coordinates": [
          [
            97.1113625,
            5.2023141
          ],
          [
            97.1114764,
            5.2024376
          ],
          [
            97.1131919,
            5.204298
          ],
          [
            97.113631,
            5.2045814
          ],
          [
            97.1139318,
            5.2052697
          ],
          [
            97.1137773,
            5.2062333
          ],
          [
            97.1128504,
            5.2093993
          ],
          [
            97.11233,
            5.2105816
          ],
          [
            97.112517,
            5.2114399
          ],
          [
            97.1143546,
            5.2133427
          ],
          [
            97.1153629,
            5.2149946
          ],
          [
            97.1160865,
            5.2157638
          ],
          [
            97.1178961,
            5.2165878
          ]
        ]
      }
    },
    {
      "type": "Feature",
      "id": "way/326519450",
      "properties": {
        "id": 326519450,
        "name": "Krueng Geukueh",
        "waterway": "river",
        "source": "OpenStreetMap (ODbL)"
      },
      "geometry": {
        "type": "LineString",
        "coordinates": [
          [
            97.099404,
            5.1165111
          ],
          [
            97.099404,
            5.116638
          ],
          [
            97.0993133,
            5.1168873
          ],
          [
            97.099123,
            5.1170415
          ],
          [
            97.0989825,
            5.1171321
          ],
          [
            97.098919,
            5.1172726
          ],
          [
            97.0988601,
            5.1175355
          ],
          [
            97.0987649,
            5.1176715
          ],
          [
            97.0983615,
            5.1178437
          ],
          [
            97.0981212,
            5.1179571
          ],
          [
            97.0980306,
            5.1181112
          ],
          [
            97.0976498,
            5.1182154
          ],
          [
            97.0974731,
            5.1183514
          ],
          [
            97.0973325,
            5.118782
          ],
          [
            97.0971694,
            5.1189769
          ],
          [
            97.0967433,
            5.1191129
          ],
          [
            97.0961404,
            5.1197248
          ],
          [
            97.0957778,
            5.1200104
          ],
          [
            97.0955376,
            5.1203322
          ],
          [
            97.0952339,
            5.1204002
          ],
          [
            97.0948577,
            5.1206359
          ],
          [
            97.0944679,
            5.1210257
          ],
          [
            97.0941687,
            5.1214654
          ],
          [
            97.0938424,
            5.1217963
          ],
          [
            97.0935477,
            5.1220818
          ],
          [
            97.0934027,
            5.1223901
          ],
          [
            97.0932939,
            5.1223855
          ],
          [
            97.0930854,
            5.1222767
          ],
          [
            97.0929993,
            5.1223901
          ],
          [
            97.0928497,
            5.1227255
          ],
          [
            97.0927454,
            5.1230881
          ],
          [
            97.0924825,
            5.1232558
          ],
          [
            97.092333,
            5.1233646
          ],
          [
            97.092333,
            5.1235595
          ],
          [
            97.0925551,
            5.1237499
          ],
          [
            97.0927681,
            5.1238768
          ],
          [
            97.0927454,
            5.1240037
          ],
          [
            97.0925777,
            5.1243255
          ],
          [
            97.0925027,
            5.1244798
          ],
          [
            97.0925188,
            5.1245546
          ],
          [
            97.0926261,
            5.1246507
          ],
          [
            97.0926958,
            5.1247576
          ],
          [
            97.0926368,
            5.1248431
          ],
          [
            97.0921487,
            5.1250141
          ],
          [
            97.0919395,
            5.1252224
          ],
          [
            97.0916873,
            5.1254148
          ],
          [
            97.0910597,
            5.125885
          ],
          [
            97.0909578,
            5.1254682
          ],
          [
            97.0907432,
            5.1253453
          ],
          [
            97.090475,
            5.1256445
          ],
          [
            97.0902121,
            5.1257621
          ],
          [
            97.0898688,
            5.1259384
          ],
          [
            97.089681,
            5.1262376
          ],
          [
            97.0894611,
            5.1264941
          ],
          [
            97.08915,
            5.1266918
          ],
          [
            97.0886564,
            5.1269268
          ],
          [
            97.0885277,
            5.1271993
          ],
          [
            97.0882166,
            5.1274665
          ],
          [
            97.0877123,
            5.128129
          ],
          [
            97.0874816,
            5.128487
          ],
          [
            97.0875138,
            5.1288236
          ],
          [
            97.0875138,
            5.1291228
          ],
          [
            97.087428,
            5.1294915
          ],
          [
            97.0874602,
            5.1301433
          ],
          [
            97.0874671,
            5.1308677
          ],
          [
            97.0874709,
            5.13126
          ],
          [
            97.0873743,
            5.1318103
          ],
          [
            97.0874119,
            5.1321469
          ],
          [
            97.0873958,
            5.1324995
          ],
          [
            97.0871705,
            5.1327774
          ],
          [
            97.0870471,
            5.1329804
          ],
          [
            97.0868969,
            5.1337711
          ],
          [
            97.086575,
            5.1344016
          ],
          [
            97.0864087,
            5.1345619
          ],
          [
            97.0860869,
            5.1349573
          ],
          [
            97.0842147,
            5.1360045
          ],
          [
            97.0839357,
            5.1362075
          ],
          [
            97.0836514,
            5.1363731
          ],
          [
            97.0834315,
            5.1365868
          ],
          [
            97.0832437,
            5.136683
          ],
          [
            97.0830345,
            5.136683
          ],
          [
            97.082836,
            5.1366136
          ],
          [
            97.0825785,
            5.136667
          ],
          [
            97.0823532,
            5.1368433
          ],
          [
            97.0817417,
            5.1372226
          ],
          [
            97.0812857,
            5.1373455
          ],
          [
            97.0811141,
            5.1375592
          ],
          [
            97.0811087,
            5.137773
          ],
          [
            97.0810014,
            5.1380134
          ],
          [
            97.0807707,
            5.1382645
          ],
          [
            97.0804328,
            5.138569
          ],
          [
            97.0802021,
            5.1387988
          ],
          [
            97.0800144,
            5.1390713
          ],
          [
            97.0798856,
            5.1394346
          ],
          [
            97.0795369,
            5.139846
          ],
          [
            97.0793653,
            5.140236
          ],
          [
            97.0793223,
            5.1406581
          ],
          [
            97.0790649,
            5.1409306
          ],
          [
            97.0788664,
            5.1412405
          ],
          [
            97.0785445,
            5.141903
          ],
          [
            97.078464,
            5.1422449
          ],
          [
            97.0783138,
            5.1425495
          ],
          [
            97.0781636,
            5.1427365
          ],
          [
            97.07789,
            5.1430944
          ],
          [
            97.0777774,
            5.1433509
          ],
          [
            97.0776898,
            5.1434662
          ],
          [
            97.0775986,
            5.1435651
          ],
          [
            97.0774752,
            5.1437601
          ],
          [
            97.0773518,
            5.143907
          ],
          [
            97.0772687,
            5.1439978
          ],
          [
            97.077139,
            5.1441042
          ]
        ]
      }
    },
    {
      "type": "Feature",
      "id": "way/326519452",
      "properties": {
        "id": 326519452,
        "name": "Krueng Geukueh",
        "waterway": "river",
        "source": "OpenStreetMap (ODbL)"
      },
      "geometry": {
        "type": "LineString",
        "coordinates": [
          [
            97.077139,
            5.1441042
          ],
          [
            97.0768225,
            5.1443179
          ],
          [
            97.0765865,
            5.1445584
          ],
          [
            97.0764738,
            5.1447347
          ],
          [
            97.0760715,
            5.1452583
          ],
          [
            97.0760286,
            5.1453651
          ],
          [
            97.0757014,
            5.1457819
          ],
          [
            97.0755243,
            5.1459689
          ],
          [
            97.0752937,
            5.1461024
          ],
          [
            97.0749986,
            5.1463001
          ],
          [
            97.0748431,
            5.1464657
          ],
          [
            97.0746982,
            5.1465619
          ],
          [
            97.0745748,
            5.1465459
          ],
          [
            97.0743013,
            5.1459795
          ],
          [
            97.0741779,
            5.1459101
          ],
          [
            97.0739096,
            5.1459689
          ],
          [
            97.0735127,
            5.1461772
          ],
          [
            97.0733464,
            5.1463268
          ],
          [
            97.0732284,
            5.1465299
          ],
          [
            97.0731801,
            5.1467329
          ],
          [
            97.0731533,
            5.1469252
          ],
          [
            97.0730835,
            5.1470695
          ],
          [
            97.0729011,
            5.1471603
          ],
          [
            97.0727831,
            5.1472672
          ],
          [
            97.0727456,
            5.1474862
          ],
          [
            97.0726812,
            5.1476412
          ],
          [
            97.0725578,
            5.1477213
          ],
          [
            97.0725095,
            5.1477349
          ],
          [
            97.0722789,
            5.1477854
          ],
          [
            97.07178,
            5.1480312
          ],
          [
            97.0716941,
            5.1481968
          ],
          [
            97.0716512,
            5.1485013
          ],
          [
            97.0713294,
            5.1487418
          ],
          [
            97.071147,
            5.1489181
          ],
          [
            97.0710451,
            5.1491051
          ],
          [
            97.0709378,
            5.149431
          ],
          [
            97.0708627,
            5.1495646
          ],
          [
            97.0706374,
            5.1497729
          ],
          [
            97.0705193,
            5.1499706
          ],
          [
            97.0704174,
            5.1504194
          ],
          [
            97.0700258,
            5.1506064
          ],
          [
            97.0698702,
            5.1507613
          ],
          [
            97.0698702,
            5.1510979
          ],
          [
            97.0698112,
            5.1511888
          ],
          [
            97.0693714,
            5.1514292
          ],
          [
            97.0692694,
            5.1516375
          ],
          [
            97.0691568,
            5.1518032
          ],
          [
            97.0688725,
            5.1519795
          ],
          [
            97.0680249,
            5.1529625
          ],
          [
            97.0678049,
            5.1532884
          ],
          [
            97.0676708,
            5.1534167
          ],
          [
            97.0672846,
            5.1541647
          ],
          [
            97.0672846,
            5.1543463
          ],
          [
            97.0672578,
            5.1546615
          ],
          [
            97.067129,
            5.1551157
          ],
          [
            97.0670915,
            5.1553561
          ],
          [
            97.0670432,
            5.1555644
          ],
          [
            97.0669359,
            5.1557514
          ],
          [
            97.0666623,
            5.1559812
          ],
          [
            97.0666033,
            5.1561254
          ],
          [
            97.0666033,
            5.1562911
          ],
          [
            97.066673,
            5.1565155
          ],
          [
            97.0666301,
            5.1565902
          ],
          [
            97.0665711,
            5.1567612
          ],
          [
            97.0665765,
            5.1571673
          ],
          [
            97.0665175,
            5.1573115
          ],
          [
            97.0662063,
            5.1576267
          ],
          [
            97.0661366,
            5.157787
          ],
          [
            97.0661473,
            5.1580381
          ],
          [
            97.0662334,
            5.1585644
          ],
          [
            97.0657757,
            5.1591225
          ],
          [
            97.0656636,
            5.1596248
          ],
          [
            97.065262,
            5.1602294
          ],
          [
            97.0650939,
            5.1606294
          ],
          [
            97.0645055,
            5.1612992
          ],
          [
            97.0641599,
            5.1615875
          ],
          [
            97.0634033,
            5.1620154
          ],
          [
            97.0628803,
            5.1624247
          ],
          [
            97.0623573,
            5.1628991
          ],
          [
            97.0618155,
            5.1633456
          ],
          [
            97.0612738,
            5.1638759
          ],
          [
            97.061087,
            5.164341
          ],
          [
            97.0607321,
            5.1649549
          ],
          [
            97.059163,
            5.1679409
          ],
          [
            97.0590042,
            5.1683036
          ],
          [
            97.0586026,
            5.1688432
          ],
          [
            97.0583597,
            5.1689734
          ],
          [
            97.0578554,
            5.169392
          ],
          [
            97.0570708,
            5.1697734
          ],
          [
            97.0569214,
            5.1699966
          ]
        ]
      }
    },
    {
      "type": "Feature",
      "id": "way/326519458",
      "properties": {
        "id": 326519458,
        "name": "Sungai Tanpa Nama",
        "waterway": "river",
        "source": "OpenStreetMap (ODbL)"
      },
      "geometry": {
        "type": "LineString",
        "coordinates": [
          [
            97.4683371,
            5.1171962
          ],
          [
            97.4691952,
            5.1180075
          ],
          [
            97.4698934,
            5.1187898
          ],
          [
            97.4702134,
            5.1196735
          ],
          [
            97.4703152,
            5.1203834
          ],
          [
            97.470097,
            5.1214554
          ],
          [
            97.4698352,
            5.1222232
          ],
          [
            97.4695589,
            5.1232807
          ],
          [
            97.4695589,
            5.1240051
          ],
          [
            97.4699079,
            5.1245266
          ],
          [
            97.470417,
            5.1248453
          ],
          [
            97.4715952,
            5.1250047
          ],
          [
            97.4729188,
            5.1247584
          ],
          [
            97.4743878,
            5.1243817
          ],
          [
            97.4755368,
            5.1241934
          ],
          [
            97.4764532,
            5.1243093
          ],
          [
            97.4771368,
            5.1247439
          ],
          [
            97.4778495,
            5.1256131
          ],
          [
            97.478024,
            5.1267141
          ],
          [
            97.4781549,
            5.1279745
          ],
          [
            97.4778931,
            5.1289596
          ],
          [
            97.4772532,
            5.1295101
          ],
          [
            97.475915,
            5.1299736
          ],
          [
            97.4750569,
            5.1304662
          ],
          [
            97.4742423,
            5.1309298
          ],
          [
            97.4735878,
            5.1315817
          ],
          [
            97.4729478,
            5.1318714
          ],
          [
            97.4721624,
            5.1317555
          ],
          [
            97.4706497,
            5.1310312
          ],
          [
            97.4697334,
            5.130698
          ],
          [
            97.4685262,
            5.1315672
          ],
          [
            97.4681044,
            5.1329869
          ],
          [
            97.4680898,
            5.1343631
          ],
          [
            97.4683953,
            5.1353916
          ],
          [
            97.4688171,
            5.1364057
          ],
          [
            97.469457,
            5.1375067
          ],
          [
            97.4698207,
            5.1385207
          ],
          [
            97.4698498,
            5.1397666
          ],
          [
            97.4693989,
            5.1411283
          ],
          [
            97.4689189,
            5.1422293
          ],
          [
            97.4682062,
            5.1433302
          ],
          [
            97.4674062,
            5.1447934
          ],
          [
            97.4672171,
            5.1456336
          ],
          [
            97.4674644,
            5.1464883
          ],
          [
            97.4679153,
            5.1473864
          ],
          [
            97.468628,
            5.1481252
          ],
          [
            97.4696898,
            5.1491972
          ],
          [
            97.4698352,
            5.1497911
          ],
          [
            97.4698207,
            5.1504285
          ],
          [
            97.4693407,
            5.150979
          ],
          [
            97.4681916,
            5.151544
          ],
          [
            97.4665481,
            5.1521379
          ],
          [
            97.4657481,
            5.1530361
          ],
          [
            97.4657626,
            5.1536445
          ],
          [
            97.4667226,
            5.1542384
          ],
          [
            97.4679298,
            5.1542674
          ],
          [
            97.4695007,
            5.1535286
          ],
          [
            97.4706352,
            5.1529057
          ],
          [
            97.472337,
            5.1521669
          ],
          [
            97.4733842,
            5.1518047
          ],
          [
            97.4745042,
            5.1507472
          ],
          [
            97.4750569,
            5.1497332
          ],
          [
            97.4758568,
            5.1495304
          ],
          [
            97.4764968,
            5.1498781
          ],
          [
            97.4775731,
            5.1507617
          ],
          [
            97.4784458,
            5.1514136
          ],
          [
            97.4794931,
            5.1509066
          ],
          [
            97.4800894,
            5.149965
          ],
          [
            97.4806712,
            5.1491682
          ],
          [
            97.4814857,
            5.1491682
          ],
          [
            97.481733,
            5.1497477
          ],
          [
            97.4819221,
            5.15095
          ],
          [
            97.4822857,
            5.1518627
          ],
          [
            97.4834348,
            5.1522828
          ],
          [
            97.484962,
            5.1521524
          ],
          [
            97.4859365,
            5.1513557
          ],
          [
            97.4866201,
            5.1506748
          ],
          [
            97.4870274,
            5.1508342
          ],
          [
            97.4875074,
            5.1517758
          ],
          [
            97.4881473,
            5.1531809
          ],
          [
            97.4884237,
            5.1545861
          ],
          [
            97.4882201,
            5.1554408
          ],
          [
            97.4881764,
            5.1561795
          ],
          [
            97.4877401,
            5.1571936
          ],
          [
            97.4872019,
            5.1584539
          ],
          [
            97.4868092,
            5.159917
          ],
          [
            97.4869837,
            5.160902
          ],
          [
            97.4878128,
            5.1614235
          ],
          [
            97.4890055,
            5.1612786
          ],
          [
            97.4893109,
            5.1603515
          ],
          [
            97.48934,
            5.1593375
          ],
          [
            97.48966,
            5.1584973
          ],
          [
            97.4903145,
            5.1575268
          ],
          [
            97.4910418,
            5.1572225
          ],
          [
            97.4915509,
            5.1575268
          ],
          [
            97.4926272,
            5.158309
          ],
          [
            97.4939508,
            5.1589029
          ],
          [
            97.4952016,
            5.1591492
          ],
          [
            97.4971216,
            5.1590478
          ],
          [
            97.4975812,
            5.1588534
          ]
        ]
      }
    },
    {
      "type": "Feature",
      "id": "way/326519459",
      "properties": {
        "id": 326519459,
        "name": "Sungai Tanpa Nama",
        "waterway": "river",
        "source": "OpenStreetMap (ODbL)"
      },
      "geometry": {
        "type": "LineString",
        "coordinates": [
          [
            97.4975812,
            5.1588534
          ],
          [
            97.4981834,
            5.1585987
          ],
          [
            97.4987943,
            5.1577296
          ],
          [
            97.4987652,
            5.1565127
          ],
          [
            97.4985034,
            5.155209
          ],
          [
            97.4988961,
            5.1547889
          ],
          [
            97.5000451,
            5.1549048
          ],
          [
            97.5009178,
            5.1545716
          ],
          [
            97.5020087,
            5.1538763
          ],
          [
            97.5031432,
            5.1528912
          ],
          [
            97.5035795,
            5.15208
          ],
          [
            97.5038123,
            5.1507762
          ],
          [
            97.5041904,
            5.1499505
          ],
          [
            97.5049759,
            5.1499215
          ],
          [
            97.5060231,
            5.1498056
          ],
          [
            97.5061104,
            5.1495304
          ],
          [
            97.5070122,
            5.1488351
          ],
          [
            97.5073758,
            5.1490668
          ],
          [
            97.5077394,
            5.1495594
          ],
          [
            97.5085103,
            5.1503996
          ],
          [
            97.5097466,
            5.150472
          ],
          [
            97.5101975,
            5.1500084
          ],
          [
            97.5110411,
            5.1497911
          ],
          [
            97.5122047,
            5.1496753
          ],
          [
            97.5135429,
            5.1495014
          ],
          [
            97.5145028,
            5.1500664
          ],
          [
            97.5150846,
            5.1504865
          ],
          [
            97.5155646,
            5.1502692
          ],
          [
            97.5155791,
            5.149458
          ],
          [
            97.5152882,
            5.148893
          ],
          [
            97.5153755,
            5.1482266
          ],
          [
            97.5159428,
            5.1480093
          ],
          [
            97.51683,
            5.1485164
          ],
          [
            97.5176154,
            5.1491393
          ],
          [
            97.51859,
            5.1493566
          ],
          [
            97.5189827,
            5.1490813
          ],
          [
            97.5195063,
            5.1490958
          ],
          [
            97.5206553,
            5.1491537
          ],
          [
            97.5216008,
            5.1493276
          ],
          [
            97.5225171,
            5.149429
          ],
          [
            97.5232589,
            5.149429
          ],
          [
            97.5242189,
            5.1496028
          ],
          [
            97.5246698,
            5.1498925
          ],
          [
            97.5247134,
            5.1503416
          ],
          [
            97.5240734,
            5.1512977
          ],
          [
            97.5234189,
            5.1519641
          ],
          [
            97.5225026,
            5.1523987
          ],
          [
            97.5217608,
            5.1524566
          ],
          [
            97.5210626,
            5.152558
          ],
          [
            97.5208299,
            5.153094
          ],
          [
            97.5208444,
            5.1539632
          ],
          [
            97.5213099,
            5.1545426
          ],
          [
            97.5217753,
            5.1555711
          ],
          [
            97.5217171,
            5.1563534
          ],
          [
            97.5210481,
            5.1568894
          ],
          [
            97.5200154,
            5.1573819
          ],
          [
            97.5196081,
            5.1581352
          ],
          [
            97.5192881,
            5.1596997
          ],
          [
            97.5194627,
            5.1609889
          ],
          [
            97.5198263,
            5.161945
          ],
          [
            97.5206553,
            5.1623796
          ],
          [
            97.5222989,
            5.1625824
          ],
          [
            97.5226189,
            5.1631763
          ],
          [
            97.5226044,
            5.1640744
          ],
          [
            97.5225171,
            5.1651319
          ],
          [
            97.5231862,
            5.1657548
          ],
          [
            97.524117,
            5.1654361
          ],
          [
            97.524248,
            5.16448
          ],
          [
            97.5238698,
            5.16293
          ],
          [
            97.5237098,
            5.1617422
          ],
          [
            97.5240298,
            5.1609599
          ],
          [
            97.5253097,
            5.1601198
          ],
          [
            97.5269533,
            5.1589754
          ],
          [
            97.5278987,
            5.1592071
          ],
          [
            97.5283496,
            5.160337
          ],
          [
            97.5295423,
            5.1616987
          ],
          [
            97.5296587,
            5.162423
          ],
          [
            97.5286842,
            5.1625534
          ],
          [
            97.5272733,
            5.1625679
          ],
          [
            97.5266624,
            5.1630459
          ],
          [
            97.5268079,
            5.1640889
          ],
          [
            97.5277242,
            5.1652478
          ],
          [
            97.5297314,
            5.1657983
          ],
          [
            97.530735,
            5.1654361
          ],
          [
            97.5313023,
            5.1642338
          ],
          [
            97.532524,
            5.1621188
          ],
          [
            97.5341967,
            5.1600473
          ],
          [
            97.5355203,
            5.1600763
          ],
          [
            97.5358112,
            5.1613366
          ],
          [
            97.5354476,
            5.1630604
          ],
          [
            97.534953,
            5.1647987
          ],
          [
            97.5362039,
            5.1649291
          ],
          [
            97.5387202,
            5.1632342
          ],
          [
            97.5398692,
            5.1633936
          ],
          [
            97.540102,
            5.1644511
          ],
          [
            97.5395929,
            5.1660011
          ],
          [
            97.538342,
            5.167131
          ],
          [
            97.5367566,
            5.1679132
          ],
          [
            97.5353894,
            5.1687389
          ],
          [
            97.5348367,
            5.1698688
          ],
          [
            97.5347785,
            5.1714477
          ],
          [
            97.5343858,
            5.173186
          ],
          [
            97.5336585,
            5.1746925
          ],
          [
            97.5329168,
            5.1764743
          ],
          [
            97.5326986,
            5.1781546
          ],
          [
            97.5329604,
            5.179806
          ],
          [
            97.5336004,
            5.1808924
          ],
          [
            97.5349821,
            5.1815587
          ],
          [
            97.5366839,
            5.1811241
          ],
          [
            97.5376351,
            5.1806712
          ],
          [
            97.5428975,
            5.1799246
          ],
          [
            97.5493991,
            5.1796361
          ],
          [
            97.552135,
            5.1790377
          ],
          [
            97.5553,
            5.1784928
          ],
          [
            97.5568342,
            5.1791766
          ],
          [
            97.5576389,
            5.1805016
          ],
          [
            97.5586367,
            5.1819547
          ],
          [
            97.5605249,
            5.1826172
          ],
          [
            97.5637221,
            5.1827134
          ],
          [
            97.5675738,
            5.1816235
          ],
          [
            97.5678474,
            5.1815861
          ]
        ]
      }
    },
    {
      "type": "Feature",
      "id": "way/326519460",
      "properties": {
        "id": 326519460,
        "name": "Sungai Tanpa Nama",
        "waterway": "river",
        "source": "OpenStreetMap (ODbL)"
      },
      "geometry": {
        "type": "LineString",
        "coordinates": [
          [
            97.1507935,
            5.1413578
          ],
          [
            97.1509341,
            5.1411324
          ],
          [
            97.1513,
            5.1409219
          ],
          [
            97.1516984,
            5.1408247
          ],
          [
            97.1521213,
            5.1407356
          ],
          [
            97.1529425,
            5.1407518
          ],
          [
            97.1532189,
            5.1408652
          ],
          [
            97.1534141,
            5.1410434
          ],
          [
            97.1535279,
            5.1412944
          ],
          [
            97.1536417,
            5.1422662
          ],
          [
            97.1538857,
            5.1425901
          ],
          [
            97.154219,
            5.1426387
          ],
          [
            97.1546744,
            5.1424848
          ],
          [
            97.1550159,
            5.1422257
          ],
          [
            97.1554305,
            5.1416345
          ],
          [
            97.1556907,
            5.1409624
          ],
          [
            97.1559672,
            5.1404117
          ],
          [
            97.1565201,
            5.139861
          ],
          [
            97.1569185,
            5.139529
          ],
          [
            97.157138,
            5.1391565
          ],
          [
            97.1577479,
            5.1377069
          ],
          [
            97.157943,
            5.1368242
          ],
          [
            97.1578942,
            5.1363059
          ],
          [
            97.1581909,
            5.1356416
          ],
          [
            97.1583112,
            5.1356097
          ],
          [
            97.1583456,
            5.1356433
          ],
          [
            97.1586136,
            5.1357633
          ],
          [
            97.1588561,
            5.136013
          ],
          [
            97.158998,
            5.1360396
          ],
          [
            97.1591512,
            5.1359707
          ],
          [
            97.1593844,
            5.1357717
          ],
          [
            97.1595022,
            5.1355363
          ],
          [
            97.1596503,
            5.1352473
          ],
          [
            97.1597627,
            5.1351367
          ],
          [
            97.1598136,
            5.1349791
          ],
          [
            97.1597466,
            5.1348829
          ],
          [
            97.1597627,
            5.1347841
          ],
          [
            97.1597412,
            5.1347173
          ],
          [
            97.1598131,
            5.1345323
          ],
          [
            97.1599839,
            5.1342165
          ],
          [
            97.1601302,
            5.1338278
          ]
        ]
      }
    },
    {
      "type": "Feature",
      "id": "way/367277584",
      "properties": {
        "id": 367277584,
        "name": "Krueng Geukueh",
        "waterway": "river",
        "source": "OpenStreetMap (ODbL)"
      },
      "geometry": {
        "type": "LineString",
        "coordinates": [
          [
            97.0262769,
            5.2089987
          ],
          [
            97.026996,
            5.2097521
          ],
          [
            97.0273603,
            5.2103195
          ],
          [
            97.0277526,
            5.210552
          ],
          [
            97.0281262,
            5.210552
          ],
          [
            97.0286679,
            5.2105613
          ],
          [
            97.029247,
            5.2109799
          ],
          [
            97.0297794,
            5.2112682
          ],
          [
            97.0322731,
            5.2119565
          ],
          [
            97.0331678,
            5.2120621
          ],
          [
            97.0345411,
            5.2120087
          ],
          [
            97.0350561,
            5.212169
          ],
          [
            97.0357857,
            5.2127139
          ],
          [
            97.036365,
            5.2130024
          ],
          [
            97.0369015,
            5.2133443
          ],
          [
            97.0375452,
            5.2150324
          ],
          [
            97.0382962,
            5.215417
          ],
          [
            97.0386503,
            5.2157162
          ],
          [
            97.0386825,
            5.2160367
          ],
          [
            97.0385001,
            5.216368
          ],
          [
            97.0380387,
            5.2165282
          ],
          [
            97.0371804,
            5.2166137
          ],
          [
            97.0364723,
            5.2169877
          ],
          [
            97.0355926,
            5.2179172
          ],
          [
            97.0352675,
            5.2183808
          ],
          [
            97.0350241,
            5.2189147
          ],
          [
            97.0349255,
            5.2194486
          ],
          [
            97.0348845,
            5.2199793
          ],
          [
            97.0349518,
            5.2204314
          ],
          [
            97.0360861,
            5.2209302
          ],
          [
            97.0365796,
            5.2219025
          ],
          [
            97.0372341,
            5.2227679
          ],
          [
            97.0376525,
            5.2233235
          ],
          [
            97.0377812,
            5.2240393
          ],
          [
            97.0375774,
            5.2246804
          ],
          [
            97.0367727,
            5.2258022
          ],
          [
            97.0365474,
            5.2267531
          ],
          [
            97.0364723,
            5.2279284
          ],
          [
            97.0366654,
            5.2291677
          ],
          [
            97.0371615,
            5.2300649
          ],
          [
            97.0379258,
            5.2306965
          ],
          [
            97.0390804,
            5.2311985
          ],
          [
            97.0395195,
            5.2316682
          ],
          [
            97.0419913,
            5.2363321
          ],
          [
            97.0457339,
            5.2416836
          ],
          [
            97.0469624,
            5.241721
          ]
        ]
      }
    },
    {
      "type": "Feature",
      "id": "way/367277585",
      "properties": {
        "id": 367277585,
        "name": "Krueng Geukueh",
        "waterway": "river",
        "source": "OpenStreetMap (ODbL)"
      },
      "geometry": {
        "type": "LineString",
        "coordinates": [
          [
            97.0569214,
            5.1699966
          ],
          [
            97.0570241,
            5.1703036
          ],
          [
            97.0570708,
            5.1707036
          ],
          [
            97.0581729,
            5.1726663
          ],
          [
            97.0596954,
            5.1754755
          ],
          [
            97.0603585,
            5.176201
          ],
          [
            97.061003,
            5.1771777
          ],
          [
            97.0610216,
            5.177987
          ],
          [
            97.0608535,
            5.1782846
          ],
          [
            97.060722,
            5.1783878
          ],
          [
            97.0604893,
            5.1784893
          ],
          [
            97.0600564,
            5.1789002
          ],
          [
            97.0599888,
            5.1790285
          ],
          [
            97.0599391,
            5.179188
          ],
          [
            97.0599315,
            5.1794337
          ],
          [
            97.0599019,
            5.1796256
          ],
          [
            97.0597431,
            5.1801625
          ],
          [
            97.0595018,
            5.1807491
          ],
          [
            97.058724,
            5.1819589
          ],
          [
            97.0575285,
            5.1827495
          ],
          [
            97.0572576,
            5.1831867
          ],
          [
            97.0568467,
            5.1834565
          ],
          [
            97.0561555,
            5.1843215
          ],
          [
            97.0555951,
            5.1846936
          ],
          [
            97.0551748,
            5.1850099
          ],
          [
            97.0547171,
            5.1855587
          ],
          [
            97.0545397,
            5.1860703
          ],
          [
            97.054493,
            5.1866191
          ],
          [
            97.054577,
            5.1871493
          ],
          [
            97.0546424,
            5.1875678
          ],
          [
            97.0546089,
            5.187942
          ],
          [
            97.0545957,
            5.1880887
          ],
          [
            97.0544276,
            5.1884329
          ],
          [
            97.0543529,
            5.1888236
          ],
          [
            97.0541567,
            5.189577
          ],
          [
            97.0538205,
            5.1909072
          ],
          [
            97.0536244,
            5.1915211
          ],
          [
            97.0531667,
            5.1924698
          ],
          [
            97.0526063,
            5.1931861
          ],
          [
            97.0522701,
            5.193586
          ],
          [
            97.0463859,
            5.1978276
          ],
          [
            97.0456293,
            5.1983113
          ],
          [
            97.0452557,
            5.1983857
          ],
          [
            97.0441723,
            5.1981531
          ],
          [
            97.0435092,
            5.1981531
          ],
          [
            97.0426125,
            5.1979578
          ],
          [
            97.0422296,
            5.1979206
          ],
          [
            97.0418747,
            5.1978183
          ],
          [
            97.0411461,
            5.1978369
          ],
          [
            97.0403429,
            5.1975578
          ],
          [
            97.0396331,
            5.1976229
          ],
          [
            97.038559,
            5.1974462
          ],
          [
            97.0373448,
            5.1974927
          ],
          [
            97.0368497,
            5.1972974
          ],
          [
            97.0364014,
            5.1974276
          ],
          [
            97.0360185,
            5.1974555
          ],
          [
            97.0352339,
            5.1972323
          ],
          [
            97.034384,
            5.197409
          ],
          [
            97.0334406,
            5.1972323
          ],
          [
            97.0328429,
            5.1972695
          ],
          [
            97.0319649,
            5.1971486
          ],
          [
            97.0311804,
            5.1967672
          ],
          [
            97.030648,
            5.1967021
          ],
          [
            97.030153,
            5.1966184
          ],
          [
            97.0293964,
            5.1962928
          ],
          [
            97.0287053,
            5.1961068
          ],
          [
            97.028285,
            5.1961161
          ],
          [
            97.0276872,
            5.196516
          ],
          [
            97.0267999,
            5.1970555
          ],
          [
            97.0265944,
            5.1974276
          ],
          [
            97.0265944,
            5.1978741
          ],
          [
            97.02694,
            5.1988786
          ],
          [
            97.0271922,
            5.1991949
          ],
          [
            97.0276779,
            5.199353
          ],
          [
            97.027902,
            5.1995856
          ],
          [
            97.0283877,
            5.2001251
          ],
          [
            97.0291536,
            5.2002274
          ],
          [
            97.0294151,
            5.2003483
          ],
          [
            97.0297887,
            5.2010366
          ],
          [
            97.0300315,
            5.2013343
          ],
          [
            97.0305826,
            5.2019017
          ],
          [
            97.0308628,
            5.2022551
          ],
          [
            97.0312177,
            5.2037061
          ],
          [
            97.0312177,
            5.2042921
          ],
          [
            97.031143,
            5.2048688
          ],
          [
            97.0307881,
            5.2054734
          ],
          [
            97.0300409,
            5.2061431
          ],
          [
            97.0266411,
            5.2076221
          ],
          [
            97.0262769,
            5.2078639
          ],
          [
            97.0260901,
            5.2082081
          ],
          [
            97.0261181,
            5.2085801
          ],
          [
            97.0262769,
            5.2089987
          ]
        ]
      }
    },
    {
      "type": "Feature",
      "id": "way/367277586",
      "properties": {
        "id": 367277586,
        "name": "Krueng Mane",
        "waterway": "river",
        "source": "OpenStreetMap (ODbL)"
      },
      "geometry": {
        "type": "LineString",
        "coordinates": [
          [
            96.9171201,
            5.2220106
          ],
          [
            96.9170918,
            5.2223985
          ],
          [
            96.9167638,
            5.2227302
          ],
          [
            96.9164835,
            5.2216755
          ],
          [
            96.91567,
            5.2212881
          ],
          [
            96.914662,
            5.2213057
          ],
          [
            96.9137425,
            5.2218869
          ],
          [
            96.9127875,
            5.2225208
          ],
          [
            96.9119564,
            5.2227498
          ],
          [
            96.9112779,
            5.222882
          ],
          [
            96.910525,
            5.222726
          ],
          [
            96.9098363,
            5.2223038
          ],
          [
            96.9090231,
            5.22142
          ],
          [
            96.9086688,
            5.221255
          ],
          [
            96.9083133,
            5.2213337
          ],
          [
            96.9079974,
            5.2216483
          ],
          [
            96.9079375,
            5.2221407
          ],
          [
            96.9081522,
            5.2225452
          ],
          [
            96.9085582,
            5.2227102
          ],
          [
            96.9089723,
            5.2231927
          ],
          [
            96.9092375,
            5.2240711
          ],
          [
            96.9094021,
            5.2248922
          ],
          [
            96.9097272,
            5.2255263
          ],
          [
            96.9099781,
            5.225506
          ],
          [
            96.9109886,
            5.2245856
          ],
          [
            96.9113397,
            5.2239733
          ],
          [
            96.9123215,
            5.2232148
          ],
          [
            96.9129658,
            5.2230406
          ],
          [
            96.9135126,
            5.2231724
          ],
          [
            96.9141011,
            5.2239201
          ],
          [
            96.914423,
            5.2244757
          ],
          [
            96.9145517,
            5.2250526
          ],
          [
            96.9145303,
            5.2261851
          ],
          [
            96.9142942,
            5.2278519
          ],
          [
            96.9140582,
            5.2287707
          ],
          [
            96.9134878,
            5.2308229
          ],
          [
            96.9127587,
            5.2318309
          ],
          [
            96.9118668,
            5.2325357
          ],
          [
            96.9115855,
            5.2330567
          ],
          [
            96.9114775,
            5.233586
          ],
          [
            96.9115539,
            5.2343167
          ],
          [
            96.9114209,
            5.2350311
          ],
          [
            96.9109466,
            5.235454
          ],
          [
            96.9102954,
            5.2355033
          ],
          [
            96.9090142,
            5.2352707
          ],
          [
            96.9084479,
            5.2354963
          ],
          [
            96.9081153,
            5.2360672
          ],
          [
            96.9082002,
            5.2371669
          ],
          [
            96.9084904,
            5.2383511
          ],
          [
            96.908901,
            5.2398736
          ],
          [
            96.9091658,
            5.2404544
          ],
          [
            96.9095239,
            5.2410014
          ],
          [
            96.9100901,
            5.2416922
          ],
          [
            96.9102742,
            5.2421151
          ],
          [
            96.9101397,
            5.2427213
          ],
          [
            96.9097645,
            5.2431513
          ],
          [
            96.9092561,
            5.2433163
          ],
          [
            96.9087841,
            5.2433193
          ],
          [
            96.9082144,
            5.2431583
          ],
          [
            96.9071055,
            5.242724
          ],
          [
            96.9066331,
            5.2427493
          ],
          [
            96.9063811,
            5.2428975
          ],
          [
            96.9061767,
            5.2431948
          ],
          [
            96.9060696,
            5.2436306
          ],
          [
            96.9060592,
            5.2440452
          ],
          [
            96.9061546,
            5.2445047
          ],
          [
            96.9063981,
            5.2450262
          ],
          [
            96.9067279,
            5.2455267
          ],
          [
            96.9072453,
            5.2458631
          ],
          [
            96.907919,
            5.246003
          ],
          [
            96.9086978,
            5.2460325
          ],
          [
            96.909904,
            5.2458321
          ],
          [
            96.9110772,
            5.2457326
          ],
          [
            96.9119917,
            5.2458545
          ],
          [
            96.9124802,
            5.2460026
          ],
          [
            96.9129456,
            5.2462636
          ],
          [
            96.913158,
            5.2465651
          ],
          [
            96.913169,
            5.2470167
          ],
          [
            96.9130342,
            5.2476012
          ],
          [
            96.912661,
            5.2482345
          ],
          [
            96.91212,
            5.2485717
          ],
          [
            96.9111517,
            5.2486125
          ],
          [
            96.9105535,
            5.2487959
          ],
          [
            96.9082007,
            5.2499679
          ],
          [
            96.9070933,
            5.2504497
          ]
        ]
      }
    },
    {
      "type": "Feature",
      "id": "way/367326525",
      "properties": {
        "id": 367326525,
        "name": "Krueng Djamboaje",
        "waterway": "river",
        "source": "OpenStreetMap (ODbL)"
      },
      "geometry": {
        "type": "LineString",
        "coordinates": [
          [
            97.4857746,
            5.2349202
          ],
          [
            97.4848376,
            5.2369022
          ],
          [
            97.4836549,
            5.2392965
          ],
          [
            97.4833834,
            5.2405902
          ],
          [
            97.4837271,
            5.2431894
          ],
          [
            97.4837601,
            5.2433316
          ]
        ]
      }
    },
    {
      "type": "Feature",
      "id": "way/368450408",
      "properties": {
        "id": 368450408,
        "name": "Krueng Mane",
        "waterway": "river",
        "source": "OpenStreetMap (ODbL)"
      },
      "geometry": {
        "type": "LineString",
        "coordinates": [
          [
            96.913719,
            5.1954143
          ],
          [
            96.9138799,
            5.1960061
          ],
          [
            96.9148106,
            5.1975974
          ],
          [
            96.9152197,
            5.1982
          ],
          [
            96.9155881,
            5.1990502
          ],
          [
            96.915912,
            5.1996583
          ],
          [
            96.9162387,
            5.1998658
          ],
          [
            96.9168955,
            5.2002378
          ],
          [
            96.9174285,
            5.2006187
          ],
          [
            96.9177777,
            5.2010989
          ],
          [
            96.9179324,
            5.2014285
          ],
          [
            96.9178894,
            5.2018534
          ],
          [
            96.9177349,
            5.2021618
          ],
          [
            96.9173718,
            5.2025304
          ],
          [
            96.9157131,
            5.2040501
          ],
          [
            96.9155844,
            5.2043966
          ],
          [
            96.9158413,
            5.2051808
          ],
          [
            96.9158715,
            5.2057081
          ],
          [
            96.9161859,
            5.2064637
          ],
          [
            96.9165301,
            5.2069429
          ],
          [
            96.9168359,
            5.2070962
          ],
          [
            96.9172805,
            5.207248
          ],
          [
            96.9185348,
            5.2074108
          ],
          [
            96.9200203,
            5.2074284
          ],
          [
            96.92054,
            5.2075396
          ],
          [
            96.9209929,
            5.2077982
          ],
          [
            96.9226945,
            5.2084469
          ],
          [
            96.9232146,
            5.2087692
          ],
          [
            96.924109,
            5.2096558
          ],
          [
            96.9246953,
            5.2100661
          ],
          [
            96.9249971,
            5.2105204
          ],
          [
            96.9251811,
            5.2109052
          ],
          [
            96.9252537,
            5.2114284
          ],
          [
            96.9251613,
            5.2120576
          ],
          [
            96.9248667,
            5.2127497
          ],
          [
            96.9244905,
            5.2130592
          ],
          [
            96.9241472,
            5.2131233
          ],
          [
            96.9238148,
            5.2130393
          ],
          [
            96.9235469,
            5.2127922
          ],
          [
            96.9233899,
            5.2124122
          ],
          [
            96.9229253,
            5.2116628
          ],
          [
            96.9226172,
            5.2106459
          ],
          [
            96.9224305,
            5.2102721
          ],
          [
            96.9219832,
            5.2099828
          ],
          [
            96.9215522,
            5.2099213
          ],
          [
            96.9208179,
            5.2102771
          ],
          [
            96.9200587,
            5.2107977
          ],
          [
            96.9194699,
            5.2113985
          ],
          [
            96.919048,
            5.2121395
          ],
          [
            96.9189199,
            5.2124562
          ],
          [
            96.9185525,
            5.2126236
          ],
          [
            96.9176107,
            5.2125076
          ],
          [
            96.9166418,
            5.2128045
          ],
          [
            96.9161173,
            5.2131646
          ],
          [
            96.9159272,
            5.2135442
          ],
          [
            96.9159138,
            5.2143386
          ],
          [
            96.9159977,
            5.2149655
          ],
          [
            96.9171201,
            5.2155998
          ],
          [
            96.9178982,
            5.2164628
          ],
          [
            96.9178275,
            5.2170791
          ],
          [
            96.9170671,
            5.2172905
          ],
          [
            96.9160237,
            5.2171144
          ],
          [
            96.9151395,
            5.2166565
          ],
          [
            96.914273,
            5.215864
          ],
          [
            96.9136717,
            5.2148073
          ],
          [
            96.9126991,
            5.2146489
          ],
          [
            96.9116204,
            5.2149482
          ],
          [
            96.9113374,
            5.2155998
          ],
          [
            96.9116557,
            5.2167974
          ],
          [
            96.9123808,
            5.2174137
          ],
          [
            96.9139016,
            5.2178716
          ],
          [
            96.9153517,
            5.217854
          ],
          [
            96.9162359,
            5.218083
          ],
          [
            96.9167664,
            5.2185232
          ],
          [
            96.9169256,
            5.2192629
          ],
          [
            96.9167816,
            5.2201666
          ],
          [
            96.9167869,
            5.2207476
          ],
          [
            96.9169391,
            5.2212582
          ],
          [
            96.9171201,
            5.2220106
          ]
        ]
      }
    },
    {
      "type": "Feature",
      "id": "way/368450409",
      "properties": {
        "id": 368450409,
        "name": "Krueng Peusangan",
        "waterway": "river",
        "source": "OpenStreetMap (ODbL)"
      },
      "geometry": {
        "type": "LineString",
        "coordinates": [
          [
            96.8173653,
            5.1858494
          ],
          [
            96.8180251,
            5.1868805
          ],
          [
            96.8186259,
            5.1877353
          ],
          [
            96.8190765,
            5.1886328
          ],
          [
            96.8192053,
            5.1896799
          ],
          [
            96.8191588,
            5.1907028
          ],
          [
            96.8191479,
            5.1909422
          ],
          [
            96.8191463,
            5.1909781
          ],
          [
            96.8190497,
            5.191897
          ],
          [
            96.8185294,
            5.1936867
          ],
          [
            96.8185186,
            5.1945896
          ],
          [
            96.8184972,
            5.1955405
          ],
          [
            96.8186278,
            5.1964251
          ],
          [
            96.8189992,
            5.1972292
          ],
          [
            96.8199456,
            5.1991733
          ]
        ]
      }
    },
    {
      "type": "Feature",
      "id": "way/368450410",
      "properties": {
        "id": 368450410,
        "name": "Krueng Peusangan",
        "waterway": "river",
        "source": "OpenStreetMap (ODbL)"
      },
      "geometry": {
        "type": "LineString",
        "coordinates": [
          [
            96.8016983,
            5.1811274
          ],
          [
            96.8032384,
            5.1825198
          ],
          [
            96.8053255,
            5.1840132
          ],
          [
            96.8076963,
            5.1847397
          ],
          [
            96.8089526,
            5.1839123
          ],
          [
            96.8103913,
            5.1820355
          ],
          [
            96.8119111,
            5.1812686
          ],
          [
            96.8134916,
            5.1812888
          ],
          [
            96.8144845,
            5.181975
          ],
          [
            96.8149303,
            5.1830042
          ],
          [
            96.8159029,
            5.1840737
          ],
          [
            96.8166122,
            5.1849415
          ],
          [
            96.8173653,
            5.1858494
          ]
        ]
      }
    },
    {
      "type": "Feature",
      "id": "way/368450411",
      "properties": {
        "id": 368450411,
        "name": "Krueng Peusangan",
        "waterway": "river",
        "source": "OpenStreetMap (ODbL)"
      },
      "geometry": {
        "type": "LineString",
        "coordinates": [
          [
            96.8199456,
            5.1991733
          ],
          [
            96.8209755,
            5.2000602
          ],
          [
            96.8217909,
            5.2005463
          ],
          [
            96.8230945,
            5.2013797
          ],
          [
            96.8239363,
            5.201642
          ],
          [
            96.8247502,
            5.2017954
          ],
          [
            96.825723,
            5.2020903
          ],
          [
            96.8259913,
            5.2023307
          ],
          [
            96.8261629,
            5.2025818
          ],
          [
            96.8266565,
            5.2034258
          ],
          [
            96.8269325,
            5.2045665
          ],
          [
            96.8269435,
            5.2055742
          ],
          [
            96.8270314,
            5.2067462
          ],
          [
            96.8274824,
            5.2082139
          ],
          [
            96.8280433,
            5.2097144
          ],
          [
            96.8281973,
            5.2115436
          ],
          [
            96.8280873,
            5.2140628
          ],
          [
            96.828349,
            5.2156234
          ],
          [
            96.8288934,
            5.2168161
          ],
          [
            96.8295001,
            5.2174822
          ],
          [
            96.8308844,
            5.2181792
          ],
          [
            96.8318798,
            5.2190156
          ],
          [
            96.8325953,
            5.2199915
          ],
          [
            96.8331086,
            5.2210913
          ],
          [
            96.8343685,
            5.2254283
          ],
          [
            96.8352551,
            5.2275659
          ],
          [
            96.8364217,
            5.2292852
          ],
          [
            96.8378526,
            5.2308651
          ],
          [
            96.840388,
            5.2351402
          ],
          [
            96.8410257,
            5.2379128
          ],
          [
            96.841539,
            5.2394462
          ],
          [
            96.8421767,
            5.240484
          ],
          [
            96.8434294,
            5.2429671
          ]
        ]
      }
    },
    {
      "type": "Feature",
      "id": "way/368450412",
      "properties": {
        "id": 368450412,
        "name": "Krueng Peusangan",
        "waterway": "river",
        "source": "OpenStreetMap (ODbL)"
      },
      "geometry": {
        "type": "LineString",
        "coordinates": [
          [
            96.7760402,
            5.1276138
          ],
          [
            96.7766009,
            5.1277255
          ],
          [
            96.7769653,
            5.1291494
          ],
          [
            96.7774979,
            5.131746
          ],
          [
            96.7781432,
            5.1344605
          ],
          [
            96.7790992,
            5.1340672
          ],
          [
            96.7805426,
            5.133959
          ],
          [
            96.7830238,
            5.1337903
          ],
          [
            96.7848986,
            5.134078
          ],
          [
            96.7864117,
            5.1349521
          ],
          [
            96.7877262,
            5.1359853
          ],
          [
            96.7885495,
            5.1371055
          ],
          [
            96.7886765,
            5.1386986
          ],
          [
            96.7885608,
            5.1404569
          ],
          [
            96.7888164,
            5.1420702
          ],
          [
            96.7891003,
            5.1434598
          ],
          [
            96.7893782,
            5.1442565
          ],
          [
            96.7902698,
            5.1462746
          ],
          [
            96.7910196,
            5.1477075
          ],
          [
            96.7918706,
            5.1492211
          ],
          [
            96.7923772,
            5.1504522
          ],
          [
            96.7926001,
            5.1516631
          ],
          [
            96.7926609,
            5.1524098
          ],
          [
            96.7933498,
            5.1542665
          ],
          [
            96.7938159,
            5.1555985
          ],
          [
            96.7942617,
            5.1569708
          ],
          [
            96.7945656,
            5.1583835
          ],
          [
            96.7948291,
            5.1596347
          ],
          [
            96.7949506,
            5.1610878
          ],
          [
            96.7949709,
            5.1625005
          ],
          [
            96.7952141,
            5.1643773
          ],
          [
            96.7957409,
            5.1654267
          ],
          [
            96.7966325,
            5.1664761
          ],
          [
            96.7975646,
            5.166799
          ],
          [
            96.7984359,
            5.1673843
          ],
          [
            96.8003002,
            5.168353
          ],
          [
            96.8027723,
            5.1702903
          ],
          [
            96.8032384,
            5.1712187
          ],
          [
            96.8034612,
            5.1725708
          ],
          [
            96.8035626,
            5.1739229
          ],
          [
            96.8025291,
            5.1749925
          ],
          [
            96.8010702,
            5.1764657
          ],
          [
            96.800746,
            5.1776563
          ],
          [
            96.8007865,
            5.1787057
          ],
          [
            96.8009891,
            5.1795129
          ],
          [
            96.8016983,
            5.1811274
          ]
        ]
      }
    },
    {
      "type": "Feature",
      "id": "way/368450413",
      "properties": {
        "id": 368450413,
        "name": "Krueng Peusangan",
        "waterway": "river",
        "source": "OpenStreetMap (ODbL)"
      },
      "geometry": {
        "type": "LineString",
        "coordinates": [
          [
            96.8434294,
            5.2429671
          ],
          [
            96.8454586,
            5.2469894
          ],
          [
            96.8476829,
            5.2501336
          ],
          [
            96.8492072,
            5.2537115
          ],
          [
            96.8500746,
            5.2550472
          ]
        ]
      }
    },
    {
      "type": "Feature",
      "id": "way/368450415",
      "properties": {
        "id": 368450415,
        "name": "Sungai Tanpa Nama",
        "waterway": "river",
        "source": "OpenStreetMap (ODbL)"
      },
      "geometry": {
        "type": "LineString",
        "coordinates": [
          [
            96.8150598,
            5.0792086
          ],
          [
            96.8147532,
            5.0793176
          ],
          [
            96.8139212,
            5.0792522
          ],
          [
            96.8127608,
            5.079165
          ],
          [
            96.8126295,
            5.0801245
          ],
          [
            96.8124324,
            5.0811714
          ],
          [
            96.812301,
            5.0818692
          ],
          [
            96.8119726,
            5.0820437
          ],
          [
            96.8114909,
            5.0817602
          ],
          [
            96.8109436,
            5.0813458
          ],
          [
            96.8103743,
            5.0811495
          ],
          [
            96.8094548,
            5.0815639
          ],
          [
            96.808995,
            5.0822618
          ],
          [
            96.8084038,
            5.0811932
          ],
          [
            96.8079002,
            5.0809315
          ],
          [
            96.8070682,
            5.0808224
          ],
          [
            96.8062582,
            5.0809097
          ],
          [
            96.8057327,
            5.0816075
          ],
          [
            96.8056451,
            5.0822182
          ],
          [
            96.8055356,
            5.0830687
          ],
          [
            96.8053386,
            5.0837448
          ],
          [
            96.8051415,
            5.0844426
          ],
          [
            96.804638,
            5.0847043
          ],
          [
            96.8037184,
            5.084508
          ],
          [
            96.8030397,
            5.0849006
          ],
          [
            96.8023171,
            5.0850314
          ],
          [
            96.801726,
            5.0856421
          ],
          [
            96.8020106,
            5.0859474
          ],
          [
            96.8026018,
            5.0861873
          ],
          [
            96.803171,
            5.0864926
          ],
          [
            96.80339,
            5.0872341
          ],
          [
            96.803587,
            5.0883681
          ]
        ]
      }
    },
    {
      "type": "Feature",
      "id": "way/368450416",
      "properties": {
        "id": 368450416,
        "name": "Sungai Tanpa Nama",
        "waterway": "river",
        "source": "OpenStreetMap (ODbL)"
      },
      "geometry": {
        "type": "LineString",
        "coordinates": [
          [
            96.803587,
            5.0883681
          ],
          [
            96.8032805,
            5.0884772
          ],
          [
            96.8020763,
            5.0885426
          ],
          [
            96.8007884,
            5.0882295
          ],
          [
            96.8001858,
            5.0884818
          ],
          [
            96.7993395,
            5.088829
          ],
          [
            96.7985294,
            5.0890224
          ],
          [
            96.7977059,
            5.0895483
          ],
          [
            96.7975844,
            5.0895503
          ],
          [
            96.7974527,
            5.0895255
          ],
          [
            96.7969302,
            5.0893685
          ],
          [
            96.7967706,
            5.0893339
          ],
          [
            96.7966413,
            5.0893094
          ],
          [
            96.7965166,
            5.0893391
          ],
          [
            96.7964256,
            5.0894192
          ],
          [
            96.7963503,
            5.0895756
          ],
          [
            96.7963861,
            5.0897991
          ],
          [
            96.7964978,
            5.0902833
          ],
          [
            96.796485,
            5.0904457
          ],
          [
            96.796452,
            5.0905577
          ],
          [
            96.7963812,
            5.0906298
          ],
          [
            96.7962868,
            5.0906851
          ],
          [
            96.7961591,
            5.0907144
          ],
          [
            96.796018,
            5.0906866
          ],
          [
            96.7958449,
            5.0906545
          ],
          [
            96.7951865,
            5.0905339
          ],
          [
            96.7949658,
            5.090471
          ],
          [
            96.7947871,
            5.0903695
          ],
          [
            96.7941202,
            5.0901649
          ],
          [
            96.7939825,
            5.0901232
          ],
          [
            96.7937556,
            5.0900748
          ],
          [
            96.7935641,
            5.0900726
          ],
          [
            96.7933557,
            5.0901457
          ],
          [
            96.7932046,
            5.0902122
          ],
          [
            96.7930888,
            5.0903525
          ],
          [
            96.7930471,
            5.0904458
          ],
          [
            96.7930307,
            5.0906045
          ],
          [
            96.7930509,
            5.0908409
          ],
          [
            96.7931115,
            5.0910875
          ],
          [
            96.7930947,
            5.0914414
          ],
          [
            96.7930512,
            5.0921735
          ],
          [
            96.7929499,
            5.0928009
          ],
          [
            96.7929044,
            5.093213
          ],
          [
            96.7926155,
            5.0937313
          ],
          [
            96.792367,
            5.0942719
          ],
          [
            96.7921448,
            5.0945933
          ],
          [
            96.791853,
            5.09482
          ],
          [
            96.7916166,
            5.0948438
          ],
          [
            96.791462,
            5.0947699
          ],
          [
            96.791238,
            5.0944954
          ],
          [
            96.7910227,
            5.0941767
          ],
          [
            96.7908225,
            5.0932313
          ]
        ]
      }
    },
    {
      "type": "Feature",
      "id": "way/368450417",
      "properties": {
        "id": 368450417,
        "name": "Sungai Tanpa Nama",
        "waterway": "river",
        "source": "OpenStreetMap (ODbL)"
      },
      "geometry": {
        "type": "LineString",
        "coordinates": [
          [
            96.7908225,
            5.0932313
          ],
          [
            96.790113,
            5.0932043
          ],
          [
            96.7897752,
            5.0932809
          ],
          [
            96.789504,
            5.0934662
          ],
          [
            96.7893149,
            5.0936841
          ],
          [
            96.7895088,
            5.0942999
          ],
          [
            96.7890272,
            5.0949978
          ],
          [
            96.7886112,
            5.0951068
          ],
          [
            96.7877135,
            5.0950632
          ],
          [
            96.787188,
            5.0946271
          ],
          [
            96.7866625,
            5.0941691
          ],
          [
            96.7858087,
            5.0941909
          ],
          [
            96.7847796,
            5.0947579
          ],
          [
            96.7842104,
            5.0948888
          ],
          [
            96.7832689,
            5.0949324
          ],
          [
            96.7826339,
            5.0948888
          ],
          [
            96.7823493,
            5.0946271
          ],
          [
            96.7814735,
            5.0941255
          ],
          [
            96.780751,
            5.0936021
          ],
          [
            96.7799847,
            5.0935148
          ],
          [
            96.7798752,
            5.0940164
          ],
          [
            96.7800504,
            5.0947143
          ],
          [
            96.7799628,
            5.0953903
          ],
          [
            96.779722,
            5.0957611
          ],
          [
            96.7791089,
            5.0963499
          ],
          [
            96.7786929,
            5.0969387
          ],
          [
            96.7784083,
            5.0979855
          ],
          [
            96.7786491,
            5.0985743
          ],
          [
            96.7790213,
            5.0989886
          ],
          [
            96.7792841,
            5.0995775
          ],
          [
            96.7789995,
            5.1002099
          ],
          [
            96.7785178,
            5.1003407
          ],
          [
            96.7781456,
            5.1001881
          ],
          [
            96.7775106,
            5.1002535
          ],
          [
            96.7765692,
            5.1009077
          ],
          [
            96.7761313,
            5.1006679
          ],
          [
            96.7761751,
            5.09997
          ],
          [
            96.7766348,
            5.0995557
          ],
          [
            96.7773574,
            5.0991849
          ],
          [
            96.7776639,
            5.0987051
          ],
          [
            96.7773574,
            5.0982908
          ],
          [
            96.7767826,
            5.0982417
          ],
          [
            96.7764816,
            5.0985688
          ],
          [
            96.7757426,
            5.0993866
          ],
          [
            96.7755511,
            5.0999591
          ],
          [
            96.7754416,
            5.1010767
          ]
        ]
      }
    },
    {
      "type": "Feature",
      "id": "way/368450418",
      "properties": {
        "id": 368450418,
        "name": "Sungai Tanpa Nama",
        "waterway": "river",
        "source": "OpenStreetMap (ODbL)"
      },
      "geometry": {
        "type": "LineString",
        "coordinates": [
          [
            96.7751405,
            5.0610451
          ],
          [
            96.7749328,
            5.0617838
          ],
          [
            96.7742711,
            5.0627387
          ],
          [
            96.7740477,
            5.0635233
          ],
          [
            96.7743586,
            5.0638569
          ],
          [
            96.7751481,
            5.0640714
          ],
          [
            96.77577,
            5.0639046
          ],
          [
            96.7760093,
            5.0635471
          ],
          [
            96.7768465,
            5.0634995
          ],
          [
            96.777427,
            5.0635204
          ],
          [
            96.7779964,
            5.0635169
          ],
          [
            96.7781383,
            5.0637378
          ],
          [
            96.7784015,
            5.064262
          ],
          [
            96.7787124,
            5.0647624
          ],
          [
            96.7787469,
            5.0651675
          ],
          [
            96.7788321,
            5.0654772
          ],
          [
            96.7788799,
            5.0661444
          ],
          [
            96.7784015,
            5.0664304
          ],
          [
            96.7778407,
            5.0665729
          ],
          [
            96.7773063,
            5.066993
          ],
          [
            96.7767625,
            5.0680004
          ],
          [
            96.7769188,
            5.0682348
          ],
          [
            96.7772777,
            5.0681885
          ],
          [
            96.777804,
            5.0681647
          ],
          [
            96.778402,
            5.0680217
          ],
          [
            96.7790001,
            5.0679741
          ],
          [
            96.7793864,
            5.0679119
          ],
          [
            96.7800847,
            5.0681932
          ],
          [
            96.7801065,
            5.068731
          ],
          [
            96.7795033,
            5.069192
          ],
          [
            96.7791243,
            5.0694137
          ],
          [
            96.7787544,
            5.0696457
          ],
          [
            96.7784373,
            5.0698422
          ],
          [
            96.7781744,
            5.0699349
          ],
          [
            96.777597,
            5.0697351
          ],
          [
            96.7765661,
            5.0689669
          ],
          [
            96.7760484,
            5.070127
          ],
          [
            96.7758903,
            5.0709093
          ],
          [
            96.7757964,
            5.0717296
          ],
          [
            96.7757213,
            5.073382
          ],
          [
            96.7753096,
            5.0735329
          ],
          [
            96.7751443,
            5.0735432
          ],
          [
            96.7749596,
            5.0735102
          ],
          [
            96.7741321,
            5.0731522
          ],
          [
            96.7739417,
            5.0728036
          ],
          [
            96.7732859,
            5.0717883
          ],
          [
            96.7725241,
            5.0725417
          ],
          [
            96.7720252,
            5.0732684
          ],
          [
            96.7716229,
            5.0743532
          ],
          [
            96.772358,
            5.0747152
          ],
          [
            96.7730713,
            5.0747272
          ],
          [
            96.7735594,
            5.075176
          ],
          [
            96.7738062,
            5.0755287
          ],
          [
            96.7741388,
            5.0759829
          ],
          [
            96.7739189,
            5.0763836
          ],
          [
            96.7728782,
            5.0765333
          ],
          [
            96.7722881,
            5.0763569
          ],
          [
            96.7716882,
            5.0759781
          ],
          [
            96.7705983,
            5.0752134
          ],
          [
            96.7689192,
            5.0772065
          ],
          [
            96.7688259,
            5.0775373
          ],
          [
            96.7683452,
            5.0781149
          ],
          [
            96.7683291,
            5.0789324
          ],
          [
            96.7695308,
            5.0797286
          ],
          [
            96.7697293,
            5.0805889
          ],
          [
            96.7699277,
            5.0809522
          ],
          [
            96.770196,
            5.0812835
          ],
          [
            96.7707431,
            5.0818071
          ],
          [
            96.7715208,
            5.0824831
          ],
          [
            96.7724777,
            5.0832456
          ],
          [
            96.7735063,
            5.0839366
          ],
          [
            96.7740798,
            5.0843078
          ],
          [
            96.7744871,
            5.0848421
          ],
          [
            96.7748845,
            5.0853551
          ],
          [
            96.7757238,
            5.0857345
          ],
          [
            96.7767118,
            5.0854855
          ],
          [
            96.7774755,
            5.0858681
          ],
          [
            96.7757789,
            5.0868436
          ],
          [
            96.7748952,
            5.0871879
          ],
          [
            96.7746699,
            5.0882672
          ],
          [
            96.7761826,
            5.0887107
          ],
          [
            96.7764877,
            5.0887467
          ],
          [
            96.7766654,
            5.0889351
          ],
          [
            96.7768996,
            5.0893208
          ],
          [
            96.777095,
            5.0896983
          ],
          [
            96.7773154,
            5.0902123
          ],
          [
            96.7773866,
            5.0905196
          ],
          [
            96.7773979,
            5.0908373
          ],
          [
            96.7773364,
            5.0911904
          ],
          [
            96.7773817,
            5.0915305
          ],
          [
            96.7775317,
            5.091882
          ],
          [
            96.7772041,
            5.0926267
          ],
          [
            96.7770861,
            5.0928707
          ],
          [
            96.7769925,
            5.0931244
          ],
          [
            96.777046,
            5.0935587
          ],
          [
            96.7771869,
            5.0940065
          ],
          [
            96.7773823,
            5.0944782
          ],
          [
            96.777482,
            5.0946921
          ],
          [
            96.7774975,
            5.0948808
          ],
          [
            96.7774321,
            5.0949872
          ],
          [
            96.7773363,
            5.0950701
          ],
          [
            96.7771731,
            5.095117
          ],
          [
            96.7770401,
            5.0951338
          ],
          [
            96.7768524,
            5.0951715
          ],
          [
            96.7766545,
            5.0951355
          ],
          [
            96.776353,
            5.0950165
          ],
          [
            96.775444,
            5.0948021
          ],
          [
            96.7747981,
            5.095922
          ],
          [
            96.7750134,
            5.0965415
          ],
          [
            96.7753961,
            5.0969704
          ],
          [
            96.7756332,
            5.097533
          ],
          [
            96.7754142,
            5.0983235
          ],
          [
            96.7753595,
            5.0988414
          ],
          [
            96.77473,
            5.0991686
          ],
          [
            96.7743578,
            5.0994248
          ],
          [
            96.7739199,
            5.0998392
          ],
          [
            96.7738323,
            5.1002099
          ],
          [
            96.7741827,
            5.1005588
          ],
          [
            96.7749928,
            5.1007333
          ],
          [
            96.7754416,
            5.1010767
          ]
        ]
      }
    },
    {
      "type": "Feature",
      "id": "way/566493397",
      "properties": {
        "id": 566493397,
        "name": "Sungai Tanpa Nama",
        "waterway": "river",
        "source": "OpenStreetMap (ODbL)"
      },
      "geometry": {
        "type": "LineString",
        "coordinates": [
          [
            97.3667927,
            5.1192398
          ],
          [
            97.3670652,
            5.1192308
          ],
          [
            97.3673388,
            5.1191185
          ],
          [
            97.3676339,
            5.1190037
          ],
          [
            97.367937,
            5.1190277
          ],
          [
            97.3682454,
            5.1193136
          ],
          [
            97.3685324,
            5.1195593
          ],
          [
            97.3688006,
            5.1200028
          ],
          [
            97.3689964,
            5.120457
          ],
          [
            97.3691413,
            5.1206173
          ],
          [
            97.3694417,
            5.1208604
          ],
          [
            97.3697743,
            5.1211142
          ],
          [
            97.3701337,
            5.1213172
          ],
          [
            97.3705333,
            5.1215309
          ],
          [
            97.3710993,
            5.1217901
          ],
          [
            97.3714077,
            5.1219103
          ],
          [
            97.3715043,
            5.121945
          ],
          [
            97.3715982,
            5.1219744
          ],
          [
            97.3717135,
            5.1220145
          ],
          [
            97.3717913,
            5.1220091
          ],
          [
            97.3718503,
            5.1219557
          ],
          [
            97.3719227,
            5.1217794
          ],
          [
            97.3720005,
            5.1216324
          ],
          [
            97.3721534,
            5.1214054
          ],
          [
            97.3724377,
            5.1211329
          ],
          [
            97.3728105,
            5.120839
          ],
          [
            97.3729607,
            5.1206974
          ],
          [
            97.3734103,
            5.120307
          ],
          [
            97.3736769,
            5.1201711
          ],
          [
            97.3739532,
            5.1199761
          ],
          [
            97.3744547,
            5.1195727
          ],
          [
            97.3750582,
            5.1190117
          ]
        ]
      }
    },
    {
      "type": "Feature",
      "id": "way/632750910",
      "properties": {
        "id": 632750910,
        "name": "Sungai Tanpa Nama",
        "waterway": "river",
        "source": "OpenStreetMap (ODbL)"
      },
      "geometry": {
        "type": "LineString",
        "coordinates": [
          [
            97.0444894,
            5.1893246
          ],
          [
            97.0444626,
            5.1894128
          ],
          [
            97.0446476,
            5.1896265
          ],
          [
            97.0446664,
            5.1897146
          ],
          [
            97.0444357,
            5.1905214
          ],
          [
            97.0445242,
            5.1906683
          ],
          [
            97.0445833,
            5.1909274
          ],
          [
            97.0446745,
            5.1910289
          ],
          [
            97.044602,
            5.1915177
          ],
          [
            97.0446986,
            5.1917848
          ],
          [
            97.0447361,
            5.1923458
          ],
          [
            97.0448112,
            5.1924847
          ],
          [
            97.0448434,
            5.192693
          ],
          [
            97.044771,
            5.1932967
          ],
          [
            97.0448783,
            5.1935211
          ],
          [
            97.0448837,
            5.1939138
          ],
          [
            97.0449722,
            5.1941114
          ],
          [
            97.0449507,
            5.1945709
          ],
          [
            97.0450634,
            5.1947686
          ],
          [
            97.0451948,
            5.1960855
          ],
          [
            97.045345,
            5.1964487
          ],
          [
            97.0452753,
            5.1968093
          ],
          [
            97.0454201,
            5.1972554
          ],
          [
            97.0454308,
            5.197604
          ],
          [
            97.0452557,
            5.1983857
          ]
        ]
      }
    },
    {
      "type": "Feature",
      "id": "way/652247489",
      "properties": {
        "id": 652247489,
        "name": "Sungai Tanpa Nama",
        "waterway": "river",
        "source": "OpenStreetMap (ODbL)"
      },
      "geometry": {
        "type": "LineString",
        "coordinates": [
          [
            97.0861474,
            5.2097618
          ],
          [
            97.0863077,
            5.2098593
          ],
          [
            97.086537,
            5.2100249
          ],
          [
            97.086639,
            5.2101157
          ],
          [
            97.0866685,
            5.2101918
          ],
          [
            97.0866805,
            5.2103321
          ],
          [
            97.0866819,
            5.2104603
          ],
          [
            97.0866403,
            5.2106059
          ],
          [
            97.0865293,
            5.2109012
          ],
          [
            97.0860375,
            5.2115807
          ]
        ]
      }
    },
    {
      "type": "Feature",
      "id": "way/657599215",
      "properties": {
        "id": 657599215,
        "name": "Sungai Tanpa Nama",
        "waterway": "river",
        "source": "OpenStreetMap (ODbL)"
      },
      "geometry": {
        "type": "LineString",
        "coordinates": [
          [
            97.4793588,
            5.2251775
          ],
          [
            97.4801445,
            5.224768
          ],
          [
            97.4804985,
            5.2244368
          ],
          [
            97.4806219,
            5.2242017
          ],
          [
            97.4805415,
            5.2239346
          ],
          [
            97.4803591,
            5.2234271
          ],
          [
            97.4804288,
            5.223128
          ],
          [
            97.4805629,
            5.2228715
          ],
          [
            97.4808741,
            5.2221824
          ],
          [
            97.4808419,
            5.2219153
          ],
          [
            97.4808687,
            5.2212422
          ],
          [
            97.4810618,
            5.2209163
          ],
          [
            97.4814695,
            5.2200883
          ],
          [
            97.4814695,
            5.2198586
          ]
        ]
      }
    },
    {
      "type": "Feature",
      "id": "way/897118920",
      "properties": {
        "id": 897118920,
        "name": "Sungai Tanpa Nama",
        "waterway": "river",
        "source": "OpenStreetMap (ODbL)"
      },
      "geometry": {
        "type": "LineString",
        "coordinates": [
          [
            96.8711141,
            5.2166613
          ],
          [
            96.8711597,
            5.2169791
          ],
          [
            96.8711328,
            5.2173264
          ],
          [
            96.8710765,
            5.2174279
          ],
          [
            96.8707734,
            5.2176068
          ],
          [
            96.8707225,
            5.2177724
          ],
          [
            96.8705267,
            5.2179941
          ],
          [
            96.8705589,
            5.2180903
          ],
          [
            96.8708217,
            5.2183227
          ],
          [
            96.8708834,
            5.2184669
          ],
          [
            96.8708512,
            5.2186779
          ],
          [
            96.8705052,
            5.2192148
          ],
          [
            96.870414,
            5.2194312
          ],
          [
            96.8704247,
            5.2195888
          ],
          [
            96.8705052,
            5.2199226
          ],
          [
            96.8704998,
            5.2200936
          ],
          [
            96.8702424,
            5.2204382
          ],
          [
            96.8702129,
            5.2206599
          ],
          [
            96.8703148,
            5.2210285
          ],
          [
            96.8703201,
            5.2211434
          ],
          [
            96.8702504,
            5.221325
          ],
          [
            96.8701512,
            5.221747
          ],
          [
            96.8699473,
            5.2218699
          ],
          [
            96.8694685,
            5.2217283
          ],
          [
            96.8692204,
            5.2217764
          ],
          [
            96.8688288,
            5.2224923
          ],
          [
            96.8685311,
            5.2226685
          ],
          [
            96.8682039,
            5.2226712
          ],
          [
            96.8679303,
            5.2227113
          ],
          [
            96.8677399,
            5.2231066
          ],
          [
            96.8679893,
            5.2232989
          ],
          [
            96.8682897,
            5.2233604
          ],
          [
            96.8684372,
            5.2234966
          ],
          [
            96.8684399,
            5.2236969
          ],
          [
            96.8682253,
            5.2243032
          ],
          [
            96.868148,
            5.2257328
          ],
          [
            96.8680071,
            5.2265101
          ],
          [
            96.8679745,
            5.2267315
          ],
          [
            96.8680721,
            5.2268826
          ],
          [
            96.8682401,
            5.2269852
          ],
          [
            96.8684407,
            5.2270284
          ],
          [
            96.8689773,
            5.2269744
          ],
          [
            96.8691562,
            5.2270014
          ],
          [
            96.8694598,
            5.2270661
          ],
          [
            96.8696712,
            5.2271039
          ],
          [
            96.8699585,
            5.2272011
          ],
          [
            96.8707282,
            5.227444
          ],
          [
            96.8709667,
            5.2275682
          ],
          [
            96.8710914,
            5.2276329
          ],
          [
            96.8711998,
            5.2277625
          ],
          [
            96.871292,
            5.2278813
          ],
          [
            96.8714437,
            5.228
          ],
          [
            96.8715901,
            5.2281835
          ],
          [
            96.8717419,
            5.2283185
          ],
          [
            96.871975,
            5.2284373
          ],
          [
            96.8721538,
            5.2284966
          ],
          [
            96.8723707,
            5.2284912
          ],
          [
            96.8724899,
            5.2283779
          ],
          [
            96.8725821,
            5.2281943
          ],
          [
            96.8726905,
            5.227946
          ],
          [
            96.8728965,
            5.2276599
          ],
          [
            96.8730862,
            5.2275358
          ],
          [
            96.8733518,
            5.2275466
          ],
          [
            96.8738342,
            5.2276221
          ],
          [
            96.8742028,
            5.2277733
          ],
          [
            96.8745823,
            5.2279892
          ],
          [
            96.8747932,
            5.2283188
          ],
          [
            96.8753219,
            5.2294846
          ],
          [
            96.8755339,
            5.2297218
          ],
          [
            96.8757169,
            5.2298953
          ],
          [
            96.8758883,
            5.2301152
          ],
          [
            96.8760103,
            5.2303697
          ],
          [
            96.876144,
            5.2306041
          ],
          [
            96.8763095,
            5.2308268
          ],
          [
            96.876417,
            5.2309599
          ],
          [
            96.8766233,
            5.2310611
          ],
          [
            96.876905,
            5.2312202
          ],
          [
            96.8770735,
            5.2314082
          ],
          [
            96.8771374,
            5.2315211
          ],
          [
            96.8772681,
            5.2315934
          ],
          [
            96.8774366,
            5.2316454
          ],
          [
            96.8777765,
            5.2316252
          ],
          [
            96.8780815,
            5.2315008
          ],
          [
            96.8783342,
            5.231307
          ],
          [
            96.8785405,
            5.2311942
          ],
          [
            96.8787496,
            5.2312029
          ],
          [
            96.8789791,
            5.2312405
          ],
          [
            96.8791243,
            5.2312665
          ],
          [
            96.8798273,
            5.2311334
          ],
          [
            96.8799987,
            5.2311016
          ],
          [
            96.8811664,
            5.2311884
          ],
          [
            96.8813175,
            5.2312723
          ],
          [
            96.8814308,
            5.2314111
          ],
          [
            96.8814598,
            5.2315529
          ],
          [
            96.8814482,
            5.2317207
          ],
          [
            96.8813785,
            5.2319202
          ],
          [
            96.8812244,
            5.232351
          ],
          [
            96.8811554,
            5.2325361
          ],
          [
            96.8811075,
            5.232685
          ],
          [
            96.881117,
            5.2328091
          ],
          [
            96.8811956,
            5.2329159
          ],
          [
            96.8813049,
            5.2329484
          ],
          [
            96.8814007,
            5.2329407
          ],
          [
            96.8816211,
            5.2328091
          ],
          [
            96.8817533,
            5.232748
          ],
          [
            96.8825372,
            5.232559
          ],
          [
            96.8827595,
            5.2325094
          ],
          [
            96.8829319,
            5.2325075
          ],
          [
            96.88316,
            5.2325247
          ],
          [
            96.8832884,
            5.2324999
          ],
          [
            96.8835031,
            5.2324293
          ],
          [
            96.8837714,
            5.2323548
          ],
          [
            96.8840358,
            5.2323415
          ],
          [
            96.884193,
            5.2322747
          ],
          [
            96.8843061,
            5.232185
          ],
          [
            96.8843731,
            5.2321373
          ],
          [
            96.8845245,
            5.2320934
          ],
          [
            96.88463,
            5.2321182
          ],
          [
            96.8847794,
            5.2322117
          ],
          [
            96.8848561,
            5.2322804
          ],
          [
            96.8850247,
            5.232622
          ],
          [
            96.8851244,
            5.23279
          ],
          [
            96.8852451,
            5.2329312
          ],
          [
            96.8853218,
            5.2330782
          ],
          [
            96.8853889,
            5.2333167
          ],
          [
            96.8854464,
            5.2335705
          ],
          [
            96.885546,
            5.2337767
          ],
          [
            96.8856457,
            5.2339675
          ],
          [
            96.8857013,
            5.234145
          ],
          [
            96.885684,
            5.2342595
          ],
          [
            96.8856323,
            5.2343129
          ],
          [
            96.8855709,
            5.2343416
          ],
          [
            96.88541,
            5.2343492
          ],
          [
            96.8852317,
            5.2343759
          ],
          [
            96.8846683,
            5.234563
          ],
          [
            96.8845169,
            5.2345744
          ],
          [
            96.8843386,
            5.2345878
          ],
          [
            96.884147,
            5.2345782
          ],
          [
            96.8838883,
            5.2346336
          ],
          [
            96.8829396,
            5.2351699
          ],
          [
            96.8827077,
            5.2353912
          ],
          [
            96.8824682,
            5.2355458
          ],
          [
            96.8822133,
            5.2357748
          ],
          [
            96.8817955,
            5.2359867
          ],
          [
            96.8816862,
            5.2360821
          ],
          [
            96.8816613,
            5.2361852
          ],
          [
            96.8816786,
            5.2362634
          ],
          [
            96.8817284,
            5.236334
          ],
          [
            96.8818146,
            5.2365153
          ],
          [
            96.8818319,
            5.2366241
          ],
          [
            96.8818223,
            5.2367119
          ],
          [
            96.8817706,
            5.2374181
          ],
          [
            96.881784,
            5.2375612
          ],
          [
            96.8817821,
            5.2377043
          ],
          [
            96.8817591,
            5.2378665
          ],
          [
            96.8817016,
            5.2380288
          ],
          [
            96.8815732,
            5.2382998
          ],
          [
            96.8815693,
            5.2383742
          ],
          [
            96.8815847,
            5.2384677
          ],
          [
            96.8816268,
            5.2385765
          ],
          [
            96.8817993,
            5.2389601
          ],
          [
            96.8818185,
            5.2390708
          ],
          [
            96.8819009,
            5.2392426
          ],
          [
            96.8819315,
            5.2393323
          ],
          [
            96.8819162,
            5.239422
          ],
          [
            96.8818472,
            5.2394868
          ],
          [
            96.880981,
            5.2398647
          ],
          [
            96.880912,
            5.2399411
          ],
          [
            96.8808871,
            5.240046
          ],
          [
            96.8808162,
            5.2403533
          ],
          [
            96.8808142,
            5.2404449
          ],
          [
            96.8808468,
            5.2405632
          ],
          [
            96.8809177,
            5.240798
          ],
          [
            96.8809216,
            5.2408686
          ],
          [
            96.8808679,
            5.2409373
          ],
          [
            96.8807606,
            5.2410041
          ],
          [
            96.8803102,
            5.241151
          ],
          [
            96.8802182,
            5.2411968
          ],
          [
            96.8801377,
            5.2412827
          ],
          [
            96.880086,
            5.2413896
          ],
          [
            96.8798645,
            5.2420539
          ],
          [
            96.8798609,
            5.2421785
          ],
          [
            96.8799109,
            5.2423067
          ],
          [
            96.8800397,
            5.2424955
          ],
          [
            96.8800969,
            5.2426308
          ],
          [
            96.8801827,
            5.2429264
          ],
          [
            96.8802471,
            5.2430119
          ],
          [
            96.8803401,
            5.2432291
          ],
          [
            96.8803673,
            5.2433106
          ],
          [
            96.8803649,
            5.243407
          ],
          [
            96.8803201,
            5.2435033
          ],
          [
            96.8801596,
            5.2437288
          ],
          [
            96.880129,
            5.243804
          ],
          [
            96.8801054,
            5.2439098
          ],
          [
            96.8801101,
            5.2442317
          ],
          [
            96.8800936,
            5.2443115
          ],
          [
            96.880044,
            5.2444055
          ],
          [
            96.8798388,
            5.2445888
          ],
          [
            96.8797986,
            5.2446663
          ],
          [
            96.879775,
            5.2447627
          ],
          [
            96.8797868,
            5.2448919
          ],
          [
            96.8798435,
            5.2449953
          ],
          [
            96.8802375,
            5.2455286
          ],
          [
            96.8803814,
            5.245632
          ],
          [
            96.8805112,
            5.2456555
          ],
          [
            96.8807063,
            5.2456576
          ],
          [
            96.8808384,
            5.2457352
          ],
          [
            96.8809069,
            5.2458644
          ],
          [
            96.8809139,
            5.2462333
          ],
          [
            96.8809422,
            5.2463813
          ],
          [
            96.8809989,
            5.2464847
          ],
          [
            96.8810838,
            5.2465622
          ],
          [
            96.8811994,
            5.2466186
          ],
          [
            96.8818742,
            5.2466562
          ],
          [
            96.8821644,
            5.2466797
          ],
          [
            96.882391,
            5.2467596
          ],
          [
            96.8826812,
            5.2469194
          ],
          [
            96.8829737,
            5.2471567
          ],
          [
            96.8843856,
            5.2480726
          ]
        ]
      }
    },
    {
      "type": "Feature",
      "id": "way/1296290405",
      "properties": {
        "id": 1296290405,
        "name": "Krueng Ara Kundo",
        "waterway": "river",
        "source": "OpenStreetMap (ODbL)"
      },
      "geometry": {
        "type": "LineString",
        "coordinates": [
          [
            97.5422779,
            5.0660009
          ],
          [
            97.5430762,
            5.0660646
          ],
          [
            97.5441013,
            5.0663197
          ],
          [
            97.5455228,
            5.0670669
          ],
          [
            97.5463474,
            5.0673869
          ],
          [
            97.5467893,
            5.0674496
          ],
          [
            97.547573,
            5.0673858
          ],
          [
            97.5486482,
            5.0670487
          ],
          [
            97.5491676,
            5.0666295
          ],
          [
            97.5495867,
            5.0660919
          ],
          [
            97.5500192,
            5.0655739
          ],
          [
            97.5504797,
            5.0653903
          ],
          [
            97.5508351,
            5.0654358
          ],
          [
            97.551236,
            5.0658003
          ],
          [
            97.5515549,
            5.066584
          ],
          [
            97.5514547,
            5.0673494
          ],
          [
            97.5512087,
            5.0682241
          ],
          [
            97.5512542,
            5.0689257
          ],
          [
            97.5516187,
            5.0693449
          ],
          [
            97.5520379,
            5.0695271
          ],
          [
            97.5528306,
            5.0694816
          ],
          [
            97.553924,
            5.069026
          ],
          [
            97.556094,
            5.0679591
          ],
          [
            97.5578513,
            5.0670031
          ],
          [
            97.5590271,
            5.066183
          ],
          [
            97.5598742,
            5.0653629
          ],
          [
            97.5607034,
            5.0643606
          ],
          [
            97.5617421,
            5.0629209
          ],
          [
            97.5624529,
            5.0624289
          ],
          [
            97.5631363,
            5.0622011
          ],
          [
            97.563765,
            5.0622466
          ],
          [
            97.5643664,
            5.0624289
          ],
          [
            97.5649496,
            5.0628389
          ],
          [
            97.5656694,
            5.0636134
          ],
          [
            97.5665168,
            5.0641602
          ],
          [
            97.5670727,
            5.0644882
          ],
          [
            97.5675738,
            5.0645793
          ],
          [
            97.5680932,
            5.0645884
          ],
          [
            97.5685032,
            5.0644426
          ],
          [
            97.5687584,
            5.0639688
          ],
          [
            97.5688666,
            5.0631579
          ],
          [
            97.5690393,
            5.0626443
          ],
          [
            97.5693425,
            5.0621546
          ],
          [
            97.5697174,
            5.0619668
          ],
          [
            97.5701064,
            5.0619052
          ]
        ]
      }
    },
    {
      "type": "Feature",
      "id": "way/1296361985",
      "properties": {
        "id": 1296361985,
        "name": "Krueng Jamboaye",
        "waterway": "river",
        "source": "OpenStreetMap (ODbL)"
      },
      "geometry": {
        "type": "LineString",
        "coordinates": [
          [
            97.3052166,
            4.7294861
          ],
          [
            97.3055217,
            4.7292986
          ],
          [
            97.3058133,
            4.7291801
          ],
          [
            97.3061595,
            4.7291573
          ],
          [
            97.306483,
            4.729253
          ],
          [
            97.3069301,
            4.7295961
          ],
          [
            97.307344,
            4.7299609
          ],
          [
            97.3080457,
            4.7306426
          ],
          [
            97.3086927,
            4.7308977
          ],
          [
            97.3092941,
            4.7308066
          ],
          [
            97.3099775,
            4.7307064
          ],
          [
            97.3109069,
            4.7306699
          ],
          [
            97.3127192,
            4.7309908
          ],
          [
            97.3136491,
            4.7310649
          ],
          [
            97.3143648,
            4.730947
          ],
          [
            97.3159159,
            4.7305321
          ],
          [
            97.3165362,
            4.7304498
          ],
          [
            97.3172038,
            4.7304754
          ],
          [
            97.3183719,
            4.7306816
          ],
          [
            97.319206,
            4.7309348
          ],
          [
            97.3196226,
            4.731223
          ],
          [
            97.3196926,
            4.7315269
          ],
          [
            97.3196544,
            4.7319039
          ],
          [
            97.3194176,
            4.7321915
          ],
          [
            97.3192493,
            4.7325341
          ],
          [
            97.3191652,
            4.7329924
          ],
          [
            97.3191878,
            4.7335188
          ],
          [
            97.3195633,
            4.7346336
          ],
          [
            97.3197957,
            4.7355904
          ],
          [
            97.3197773,
            4.7368625
          ],
          [
            97.3196601,
            4.7380242
          ],
          [
            97.3194393,
            4.7388619
          ],
          [
            97.3192562,
            4.7393171
          ],
          [
            97.3191806,
            4.7397865
          ],
          [
            97.3193033,
            4.740241
          ],
          [
            97.3195317,
            4.7408055
          ],
          [
            97.3197008,
            4.7413253
          ],
          [
            97.3198811,
            4.7417133
          ],
          [
            97.3205279,
            4.7424709
          ],
          [
            97.3221271,
            4.7439151
          ],
          [
            97.3235497,
            4.7453829
          ],
          [
            97.3253614,
            4.7463341
          ],
          [
            97.3257512,
            4.7466342
          ],
          [
            97.3264531,
            4.7473417
          ],
          [
            97.3267858,
            4.747824
          ],
          [
            97.3268714,
            4.7481592
          ],
          [
            97.3268768,
            4.7484104
          ],
          [
            97.3267806,
            4.7487362
          ],
          [
            97.326147,
            4.7500039
          ],
          [
            97.3259417,
            4.7506708
          ],
          [
            97.3257147,
            4.7515275
          ],
          [
            97.3256592,
            4.7521925
          ],
          [
            97.3256683,
            4.7529579
          ],
          [
            97.3257686,
            4.753696
          ],
          [
            97.3260172,
            4.7546386
          ],
          [
            97.3266889,
            4.7560195
          ],
          [
            97.3274798,
            4.7583104
          ],
          [
            97.3282204,
            4.7591022
          ],
          [
            97.3285215,
            4.7595495
          ],
          [
            97.3290307,
            4.7610311
          ],
          [
            97.3292544,
            4.7622071
          ],
          [
            97.3303479,
            4.7632495
          ],
          [
            97.3315029,
            4.7639761
          ],
          [
            97.332968,
            4.7646316
          ],
          [
            97.3341687,
            4.765302
          ]
        ]
      }
    },
    {
      "type": "Feature",
      "id": "way/1296361987",
      "properties": {
        "id": 1296361987,
        "name": "Krueng Jamboaye",
        "waterway": "river",
        "source": "OpenStreetMap (ODbL)"
      },
      "geometry": {
        "type": "LineString",
        "coordinates": [
          [
            97.3235497,
            4.7453829
          ],
          [
            97.3234177,
            4.7461972
          ],
          [
            97.3234268,
            4.7475636
          ],
          [
            97.3235179,
            4.7485295
          ],
          [
            97.3237822,
            4.7493404
          ],
          [
            97.3243653,
            4.7503336
          ],
          [
            97.3248938,
            4.7508986
          ],
          [
            97.3257147,
            4.7515275
          ]
        ]
      }
    },
    {
      "type": "Feature",
      "id": "way/1296361989",
      "properties": {
        "id": 1296361989,
        "name": "Krueng Jamboaye",
        "waterway": "river",
        "source": "OpenStreetMap (ODbL)"
      },
      "geometry": {
        "type": "LineString",
        "coordinates": [
          [
            97.3274798,
            4.7583104
          ],
          [
            97.3272174,
            4.7590265
          ],
          [
            97.3270989,
            4.7596917
          ],
          [
            97.3271718,
            4.7601108
          ],
          [
            97.3275272,
            4.7606029
          ],
          [
            97.3282106,
            4.7612498
          ],
          [
            97.3285842,
            4.761751
          ],
          [
            97.3292544,
            4.7622071
          ]
        ]
      }
    },
    {
      "type": "Feature",
      "id": "way/1296361990",
      "properties": {
        "id": 1296361990,
        "name": "Krueng Jamboaye",
        "waterway": "river",
        "source": "OpenStreetMap (ODbL)"
      },
      "geometry": {
        "type": "LineString",
        "coordinates": [
          [
            97.3341687,
            4.765302
          ],
          [
            97.3355628,
            4.7664628
          ],
          [
            97.3360511,
            4.7669592
          ],
          [
            97.3364179,
            4.7676151
          ],
          [
            97.3365166,
            4.768716
          ],
          [
            97.3364849,
            4.7694935
          ],
          [
            97.3363635,
            4.7703964
          ],
          [
            97.336034,
            4.7710177
          ],
          [
            97.3355516,
            4.7715421
          ],
          [
            97.3353875,
            4.7720988
          ],
          [
            97.3354816,
            4.7731135
          ],
          [
            97.3360268,
            4.7744906
          ],
          [
            97.3366415,
            4.7760022
          ],
          [
            97.3369763,
            4.7771685
          ],
          [
            97.3373636,
            4.7781055
          ],
          [
            97.3378944,
            4.7788736
          ],
          [
            97.3388228,
            4.7796116
          ],
          [
            97.33974,
            4.7800385
          ],
          [
            97.3402749,
            4.7801572
          ],
          [
            97.3408347,
            4.7801855
          ]
        ]
      }
    },
    {
      "type": "Feature",
      "id": "way/1296361991",
      "properties": {
        "id": 1296361991,
        "name": "Krueng Jamboaye",
        "waterway": "river",
        "source": "OpenStreetMap (ODbL)"
      },
      "geometry": {
        "type": "LineString",
        "coordinates": [
          [
            97.3408347,
            4.7801855
          ],
          [
            97.3416432,
            4.7800392
          ],
          [
            97.3434858,
            4.7794771
          ],
          [
            97.3448795,
            4.778872
          ],
          [
            97.3453366,
            4.7787859
          ],
          [
            97.3458788,
            4.7787904
          ],
          [
            97.3464893,
            4.7789544
          ],
          [
            97.3475007,
            4.779328
          ],
          [
            97.3486222,
            4.7795988
          ],
          [
            97.3493497,
            4.7795767
          ],
          [
            97.3499154,
            4.7794738
          ],
          [
            97.3504439,
            4.7792005
          ],
          [
            97.3508995,
            4.778754
          ],
          [
            97.3513551,
            4.778107
          ],
          [
            97.3519019,
            4.7768612
          ],
          [
            97.3523806,
            4.7753523
          ],
          [
            97.3529087,
            4.7731683
          ],
          [
            97.3531866,
            4.772535
          ],
          [
            97.3536741,
            4.7720475
          ]
        ]
      }
    },
    {
      "type": "Feature",
      "id": "way/1296361992",
      "properties": {
        "id": 1296361992,
        "name": "Krueng Jamboaye",
        "waterway": "river",
        "source": "OpenStreetMap (ODbL)"
      },
      "geometry": {
        "type": "LineString",
        "coordinates": [
          [
            97.3536741,
            4.7720475
          ],
          [
            97.3544349,
            4.7718607
          ],
          [
            97.3550728,
            4.7719473
          ],
          [
            97.3555922,
            4.7721751
          ],
          [
            97.355997,
            4.7724554
          ],
          [
            97.3564389,
            4.7731456
          ],
          [
            97.3566517,
            4.7739357
          ],
          [
            97.3566651,
            4.7748566
          ],
          [
            97.3569316,
            4.7756923
          ],
          [
            97.3570501,
            4.7766035
          ],
          [
            97.3572414,
            4.7773052
          ],
          [
            97.357533,
            4.7777562
          ],
          [
            97.3579841,
            4.7782938
          ],
          [
            97.358385,
            4.7792916
          ],
          [
            97.358636,
            4.7803875
          ],
          [
            97.3589878,
            4.7810438
          ],
          [
            97.3596079,
            4.7821814
          ],
          [
            97.3598928,
            4.7827444
          ],
          [
            97.3604043,
            4.7832959
          ],
          [
            97.3608565,
            4.7836678
          ],
          [
            97.3613568,
            4.7839322
          ],
          [
            97.3619287,
            4.784125
          ],
          [
            97.3625128,
            4.7842221
          ],
          [
            97.3633237,
            4.784236
          ],
          [
            97.3640037,
            4.78413
          ],
          [
            97.3645768,
            4.7838203
          ],
          [
            97.3650786,
            4.7834267
          ],
          [
            97.3655571,
            4.7828058
          ],
          [
            97.3658445,
            4.782316
          ],
          [
            97.3659886,
            4.7818617
          ],
          [
            97.3661211,
            4.7813237
          ],
          [
            97.3662062,
            4.780618
          ],
          [
            97.3662319,
            4.7798525
          ],
          [
            97.3660643,
            4.7786642
          ],
          [
            97.3656507,
            4.7774448
          ],
          [
            97.3648303,
            4.7756457
          ],
          [
            97.3640754,
            4.7746354
          ],
          [
            97.3631959,
            4.7737658
          ],
          [
            97.362228,
            4.772462
          ],
          [
            97.3610161,
            4.7705689
          ],
          [
            97.3607199,
            4.7697547
          ],
          [
            97.360706,
            4.7692955
          ],
          [
            97.360782,
            4.7689578
          ],
          [
            97.3609778,
            4.7685383
          ]
        ]
      }
    },
    {
      "type": "Feature",
      "id": "way/1296361993",
      "properties": {
        "id": 1296361993,
        "name": "Krueng Jamboaye",
        "waterway": "river",
        "source": "OpenStreetMap (ODbL)"
      },
      "geometry": {
        "type": "LineString",
        "coordinates": [
          [
            97.3569316,
            4.7756923
          ],
          [
            97.3573098,
            4.776034
          ],
          [
            97.3576196,
            4.7765033
          ],
          [
            97.3578474,
            4.7771821
          ],
          [
            97.3579932,
            4.7778974
          ],
          [
            97.3579841,
            4.7782938
          ]
        ]
      }
    },
    {
      "type": "Feature",
      "id": "way/1296361994",
      "properties": {
        "id": 1296361994,
        "name": "Krueng Jamboaye",
        "waterway": "river",
        "source": "OpenStreetMap (ODbL)"
      },
      "geometry": {
        "type": "LineString",
        "coordinates": [
          [
            97.3566651,
            4.7748566
          ],
          [
            97.3562482,
            4.7757926
          ],
          [
            97.3559293,
            4.7769954
          ],
          [
            97.3558746,
            4.7774236
          ],
          [
            97.3559566,
            4.7778701
          ],
          [
            97.3562027,
            4.7783439
          ],
          [
            97.3568861,
            4.779
          ],
          [
            97.3580433,
            4.7798383
          ],
          [
            97.358636,
            4.7803875
          ]
        ]
      }
    },
    {
      "type": "Feature",
      "id": "way/1296361995",
      "properties": {
        "id": 1296361995,
        "name": "Krueng Jamboaye",
        "waterway": "river",
        "source": "OpenStreetMap (ODbL)"
      },
      "geometry": {
        "type": "LineString",
        "coordinates": [
          [
            97.3609778,
            4.7685383
          ],
          [
            97.361386,
            4.7681619
          ],
          [
            97.3620363,
            4.7678198
          ],
          [
            97.3628595,
            4.7676303
          ],
          [
            97.3650853,
            4.7674719
          ],
          [
            97.3659533,
            4.7676844
          ],
          [
            97.3666557,
            4.7681885
          ],
          [
            97.367286,
            4.7688958
          ],
          [
            97.3678337,
            4.769268
          ],
          [
            97.3685841,
            4.7696287
          ],
          [
            97.3695737,
            4.7697028
          ],
          [
            97.3715849,
            4.7691824
          ],
          [
            97.372575,
            4.7690651
          ],
          [
            97.3749836,
            4.7691426
          ],
          [
            97.378955,
            4.7689964
          ],
          [
            97.3806599,
            4.7691799
          ],
          [
            97.3850356,
            4.7695252
          ],
          [
            97.3858462,
            4.7696228
          ],
          [
            97.386526,
            4.7695885
          ],
          [
            97.3871926,
            4.7693959
          ],
          [
            97.3877302,
            4.7688674
          ],
          [
            97.3879489,
            4.7682205
          ],
          [
            97.3879762,
            4.7676282
          ],
          [
            97.387712,
            4.7667899
          ],
          [
            97.3869339,
            4.7634523
          ],
          [
            97.3868758,
            4.7627702
          ],
          [
            97.3869485,
            4.7623038
          ],
          [
            97.3871168,
            4.76173
          ],
          [
            97.3873561,
            4.7613956
          ],
          [
            97.3877144,
            4.7611452
          ],
          [
            97.3884066,
            4.7609075
          ],
          [
            97.3899809,
            4.7608275
          ],
          [
            97.3906728,
            4.7606975
          ],
          [
            97.3915203,
            4.7603286
          ],
          [
            97.3928928,
            4.7598413
          ],
          [
            97.3940143,
            4.7596166
          ],
          [
            97.3944434,
            4.7596894
          ],
          [
            97.3949196,
            4.7600614
          ],
          [
            97.3952307,
            4.7602161
          ],
          [
            97.395622,
            4.7603523
          ]
        ]
      }
    },
    {
      "type": "Feature",
      "id": "way/1296361996",
      "properties": {
        "id": 1296361996,
        "name": "Krueng Jamboaye",
        "waterway": "river",
        "source": "OpenStreetMap (ODbL)"
      },
      "geometry": {
        "type": "LineString",
        "coordinates": [
          [
            97.4089117,
            4.7582755
          ],
          [
            97.4089657,
            4.7588215
          ],
          [
            97.4091616,
            4.7592543
          ],
          [
            97.4099999,
            4.7601154
          ],
          [
            97.4103826,
            4.7602839
          ],
          [
            97.4107699,
            4.7603295
          ],
          [
            97.4112301,
            4.7602703
          ],
          [
            97.4116299,
            4.7601541
          ]
        ]
      }
    },
    {
      "type": "Feature",
      "id": "way/1296361997",
      "properties": {
        "id": 1296361997,
        "name": "Krueng Jamboaye",
        "waterway": "river",
        "source": "OpenStreetMap (ODbL)"
      },
      "geometry": {
        "type": "LineString",
        "coordinates": [
          [
            97.395622,
            4.7603523
          ],
          [
            97.3963137,
            4.7603568
          ],
          [
            97.3969516,
            4.7602657
          ],
          [
            97.3976977,
            4.7602354
          ],
          [
            97.3991658,
            4.7604571
          ],
          [
            97.3997763,
            4.7603751
          ],
          [
            97.400241,
            4.7600653
          ],
          [
            97.4007968,
            4.7592816
          ],
          [
            97.4013435,
            4.7583431
          ],
          [
            97.4017991,
            4.7574045
          ],
          [
            97.4025099,
            4.7567211
          ],
          [
            97.4033115,
            4.7563005
          ],
          [
            97.4042503,
            4.7561744
          ],
          [
            97.4053073,
            4.7561744
          ],
          [
            97.406531,
            4.7564276
          ],
          [
            97.4078113,
            4.7572236
          ],
          [
            97.4083552,
            4.7577781
          ],
          [
            97.4089117,
            4.7582755
          ],
          [
            97.4094479,
            4.7584801
          ],
          [
            97.410075,
            4.7588567
          ],
          [
            97.411233,
            4.7599195
          ],
          [
            97.4116299,
            4.7601541
          ],
          [
            97.412123,
            4.760211
          ],
          [
            97.4134853,
            4.7601783
          ],
          [
            97.4145136,
            4.760214
          ],
          [
            97.4154353,
            4.7601197
          ],
          [
            97.4164221,
            4.7597673
          ],
          [
            97.4173145,
            4.7593087
          ],
          [
            97.4196437,
            4.7576332
          ],
          [
            97.4210325,
            4.7565268
          ],
          [
            97.4220268,
            4.7558531
          ],
          [
            97.4226938,
            4.7555571
          ],
          [
            97.4232964,
            4.755379
          ],
          [
            97.4237139,
            4.7553321
          ],
          [
            97.4241549,
            4.7554228
          ],
          [
            97.4244285,
            4.7557405
          ],
          [
            97.424559,
            4.7560578
          ],
          [
            97.4246125,
            4.7570156
          ],
          [
            97.4247876,
            4.7577572
          ],
          [
            97.4247626,
            4.7582715
          ],
          [
            97.424564,
            4.7590607
          ],
          [
            97.4243732,
            4.759638
          ],
          [
            97.4240119,
            4.7602285
          ],
          [
            97.4237062,
            4.7613378
          ],
          [
            97.4229384,
            4.7633698
          ],
          [
            97.4227938,
            4.7640155
          ],
          [
            97.4225176,
            4.7648703
          ],
          [
            97.4221522,
            4.7656172
          ],
          [
            97.4213209,
            4.7666979
          ],
          [
            97.4206816,
            4.7672767
          ],
          [
            97.4199351,
            4.7677834
          ],
          [
            97.4188187,
            4.7683731
          ],
          [
            97.4176205,
            4.7689387
          ],
          [
            97.4168729,
            4.7692419
          ],
          [
            97.4162822,
            4.769408
          ],
          [
            97.4158528,
            4.7694609
          ],
          [
            97.4154296,
            4.7694001
          ],
          [
            97.4150602,
            4.7692796
          ],
          [
            97.4142803,
            4.7687634
          ],
          [
            97.4137982,
            4.7683734
          ],
          [
            97.4134177,
            4.767888
          ],
          [
            97.4123301,
            4.7663363
          ],
          [
            97.411154,
            4.7643955
          ],
          [
            97.4104346,
            4.7634965
          ],
          [
            97.4102321,
            4.7633824
          ],
          [
            97.409791,
            4.7633216
          ],
          [
            97.4058796,
            4.7633365
          ],
          [
            97.4052652,
            4.7634367
          ],
          [
            97.403895,
            4.7637659
          ],
          [
            97.4029746,
            4.7645666
          ],
          [
            97.4019671,
            4.7653376
          ],
          [
            97.4008962,
            4.7659712
          ],
          [
            97.4003516,
            4.7667222
          ],
          [
            97.399974,
            4.7675827
          ],
          [
            97.3998714,
            4.7681268
          ],
          [
            97.3998948,
            4.7688641
          ],
          [
            97.4001533,
            4.7709259
          ],
          [
            97.4003857,
            4.7725256
          ],
          [
            97.4007909,
            4.7744369
          ],
          [
            97.4015622,
            4.777132
          ],
          [
            97.4021089,
            4.7795194
          ],
          [
            97.402434,
            4.7816398
          ],
          [
            97.4025104,
            4.7835204
          ],
          [
            97.4026696,
            4.7850851
          ],
          [
            97.4029652,
            4.7861287
          ],
          [
            97.403279,
            4.7871393
          ],
          [
            97.4033208,
            4.7885038
          ],
          [
            97.4033846,
            4.7892692
          ],
          [
            97.4035486,
            4.7899709
          ],
          [
            97.4036671,
            4.7906907
          ],
          [
            97.4036853,
            4.7917477
          ],
          [
            97.4037856,
            4.7924038
          ],
          [
            97.4039769,
            4.7928047
          ],
          [
            97.4042776,
            4.7930507
          ],
          [
            97.404628,
            4.7931702
          ]
        ]
      }
    },
    {
      "type": "Feature",
      "id": "way/1296361998",
      "properties": {
        "id": 1296361998,
        "name": "Krueng Jamboaye",
        "waterway": "river",
        "source": "OpenStreetMap (ODbL)"
      },
      "geometry": {
        "type": "LineString",
        "coordinates": [
          [
            97.403895,
            4.7637659
          ],
          [
            97.403011,
            4.7636007
          ],
          [
            97.4025008,
            4.763628
          ],
          [
            97.4021545,
            4.7638194
          ],
          [
            97.4017809,
            4.7643023
          ],
          [
            97.4011522,
            4.7653411
          ],
          [
            97.4008962,
            4.7659712
          ]
        ]
      }
    },
    {
      "type": "Feature",
      "id": "way/1296361999",
      "properties": {
        "id": 1296361999,
        "name": "Krueng Jamboaye",
        "waterway": "river",
        "source": "OpenStreetMap (ODbL)"
      },
      "geometry": {
        "type": "LineString",
        "coordinates": [
          [
            97.4033208,
            4.7885038
          ],
          [
            97.4028106,
            4.7892237
          ],
          [
            97.4026283,
            4.7897522
          ],
          [
            97.4025463,
            4.7904173
          ],
          [
            97.4026192,
            4.7914105
          ],
          [
            97.4029381,
            4.7922124
          ],
          [
            97.4034028,
            4.792668
          ],
          [
            97.4039769,
            4.7928047
          ]
        ]
      }
    },
    {
      "type": "Feature",
      "id": "way/1296362000",
      "properties": {
        "id": 1296362000,
        "name": "Krueng Jamboaye",
        "waterway": "river",
        "source": "OpenStreetMap (ODbL)"
      },
      "geometry": {
        "type": "LineString",
        "coordinates": [
          [
            97.404628,
            4.7931702
          ],
          [
            97.4051378,
            4.7936246
          ],
          [
            97.4055168,
            4.7941715
          ],
          [
            97.4057581,
            4.7949749
          ],
          [
            97.4061473,
            4.7955572
          ],
          [
            97.4067495,
            4.7961085
          ],
          [
            97.4075347,
            4.7965218
          ],
          [
            97.4091053,
            4.7968509
          ],
          [
            97.4107031,
            4.7969384
          ],
          [
            97.4121705,
            4.7967145
          ],
          [
            97.413257,
            4.7961547
          ],
          [
            97.4149172,
            4.7950819
          ],
          [
            97.4158016,
            4.7942345
          ],
          [
            97.4165201,
            4.792968
          ],
          [
            97.4169156,
            4.7920956
          ],
          [
            97.4174778,
            4.7913791
          ],
          [
            97.4186496,
            4.79003
          ],
          [
            97.4191291,
            4.7889543
          ],
          [
            97.4191663,
            4.7883323
          ],
          [
            97.4189885,
            4.7878653
          ],
          [
            97.4187625,
            4.7876016
          ],
          [
            97.4184049,
            4.787541
          ],
          [
            97.4177251,
            4.7875394
          ],
          [
            97.4164841,
            4.7878715
          ],
          [
            97.4149571,
            4.7880953
          ],
          [
            97.4124527,
            4.7881134
          ],
          [
            97.4104376,
            4.7879771
          ],
          [
            97.4098298,
            4.7877843
          ],
          [
            97.40927,
            4.7875078
          ],
          [
            97.408663,
            4.78698
          ],
          [
            97.4074737,
            4.7855656
          ],
          [
            97.4071647,
            4.7850983
          ],
          [
            97.4070108,
            4.7846314
          ],
          [
            97.4070477,
            4.7841409
          ],
          [
            97.407192,
            4.7836388
          ],
          [
            97.4075626,
            4.7832449
          ],
          [
            97.4080764,
            4.7828034
          ],
          [
            97.408817,
            4.7822668
          ],
          [
            97.409737,
            4.7814913
          ],
          [
            97.4104537,
            4.7809905
          ],
          [
            97.4113726,
            4.7807175
          ],
          [
            97.4123029,
            4.7806598
          ],
          [
            97.4131732,
            4.7807695
          ],
          [
            97.4174284,
            4.7817364
          ],
          [
            97.4199312,
            4.7824241
          ],
          [
            97.420741,
            4.7828926
          ],
          [
            97.4222649,
            4.7840207
          ],
          [
            97.423467,
            4.7850762
          ],
          [
            97.4243839,
            4.7856645
          ],
          [
            97.4253371,
            4.7860256
          ],
          [
            97.4266242,
            4.7864114
          ],
          [
            97.428198,
            4.7865706
          ],
          [
            97.431517,
            4.7862813
          ],
          [
            97.4323708,
            4.7863299
          ],
          [
            97.4332147,
            4.7865041
          ],
          [
            97.4339583,
            4.7867499
          ],
          [
            97.4352016,
            4.7875423
          ],
          [
            97.4360866,
            4.7885349
          ],
          [
            97.4367996,
            4.789642
          ],
          [
            97.4371264,
            4.7908912
          ],
          [
            97.4370082,
            4.7922197
          ],
          [
            97.4366178,
            4.7935418
          ],
          [
            97.4358325,
            4.7949916
          ],
          [
            97.4352457,
            4.7964055
          ],
          [
            97.4345595,
            4.797079
          ],
          [
            97.433607,
            4.7975317
          ],
          [
            97.4330618,
            4.7981238
          ],
          [
            97.4326024,
            4.7987736
          ],
          [
            97.4321713,
            4.7995191
          ],
          [
            97.4314042,
            4.801221
          ],
          [
            97.430647,
            4.8027219
          ],
          [
            97.4296324,
            4.8040459
          ],
          [
            97.4291151,
            4.8049635
          ],
          [
            97.4287508,
            4.8057457
          ],
          [
            97.4285284,
            4.8065605
          ],
          [
            97.4284525,
            4.8072969
          ],
          [
            97.4285247,
            4.8077639
          ]
        ]
      }
    },
    {
      "type": "Feature",
      "id": "way/1296362001",
      "properties": {
        "id": 1296362001,
        "name": "Krueng Jamboaye",
        "waterway": "river",
        "source": "OpenStreetMap (ODbL)"
      },
      "geometry": {
        "type": "LineString",
        "coordinates": [
          [
            97.403279,
            4.7871393
          ],
          [
            97.4039498,
            4.7873541
          ],
          [
            97.4043991,
            4.7876697
          ],
          [
            97.4046148,
            4.7880528
          ],
          [
            97.4047469,
            4.7886314
          ],
          [
            97.4049109,
            4.7892783
          ],
          [
            97.4049929,
            4.7900939
          ],
          [
            97.4048972,
            4.7909322
          ],
          [
            97.4046421,
            4.7917705
          ],
          [
            97.4045897,
            4.7925005
          ],
          [
            97.404628,
            4.7931702
          ]
        ]
      }
    },
    {
      "type": "Feature",
      "id": "way/1296362002",
      "properties": {
        "id": 1296362002,
        "name": "Krueng Jamboaye",
        "waterway": "river",
        "source": "OpenStreetMap (ODbL)"
      },
      "geometry": {
        "type": "LineString",
        "coordinates": [
          [
            97.4370082,
            4.7922197
          ],
          [
            97.4376048,
            4.7928502
          ],
          [
            97.4377323,
            4.7931236
          ],
          [
            97.4377551,
            4.7933468
          ],
          [
            97.437705,
            4.7936339
          ],
          [
            97.437582,
            4.7938116
          ],
          [
            97.4372221,
            4.7941624
          ],
          [
            97.4370945,
            4.7943993
          ],
          [
            97.4370444,
            4.7949096
          ],
          [
            97.4368439,
            4.7954472
          ],
          [
            97.4365387,
            4.7958025
          ],
          [
            97.4360329,
            4.7961579
          ],
          [
            97.4352457,
            4.7964055
          ]
        ]
      }
    },
    {
      "type": "Feature",
      "id": "way/1296362003",
      "properties": {
        "id": 1296362003,
        "name": "Krueng Jamboaye",
        "waterway": "river",
        "source": "OpenStreetMap (ODbL)"
      },
      "geometry": {
        "type": "LineString",
        "coordinates": [
          [
            97.4291151,
            4.8049635
          ],
          [
            97.4294085,
            4.8059761
          ],
          [
            97.4294358,
            4.8063542
          ],
          [
            97.4292901,
            4.8069328
          ],
          [
            97.4292126,
            4.8075433
          ],
          [
            97.4292172,
            4.8079671
          ],
          [
            97.4293165,
            4.808417
          ]
        ]
      }
    },
    {
      "type": "Feature",
      "id": "way/1296362004",
      "properties": {
        "id": 1296362004,
        "name": "Krueng Jamboaye",
        "waterway": "river",
        "source": "OpenStreetMap (ODbL)"
      },
      "geometry": {
        "type": "LineString",
        "coordinates": [
          [
            97.4285247,
            4.8077639
          ],
          [
            97.4288632,
            4.8081293
          ],
          [
            97.4293165,
            4.808417
          ],
          [
            97.4298073,
            4.8086279
          ],
          [
            97.4305893,
            4.808802
          ],
          [
            97.4323075,
            4.8084199
          ],
          [
            97.4331854,
            4.8083645
          ],
          [
            97.4342918,
            4.808501
          ],
          [
            97.4347328,
            4.8086169
          ],
          [
            97.4350307,
            4.8087492
          ],
          [
            97.4354653,
            4.8090313
          ],
          [
            97.4358877,
            4.8094929
          ],
          [
            97.4367496,
            4.8106853
          ],
          [
            97.4375774,
            4.8119399
          ],
          [
            97.4377176,
            4.8124043
          ],
          [
            97.4377369,
            4.813047
          ],
          [
            97.4375501,
            4.8139081
          ],
          [
            97.4371811,
            4.8151519
          ],
          [
            97.4357049,
            4.8181816
          ],
          [
            97.4354771,
            4.8188195
          ],
          [
            97.4352949,
            4.8195666
          ],
          [
            97.4352584,
            4.8203958
          ],
          [
            97.435386,
            4.8208514
          ],
          [
            97.435878,
            4.8215622
          ],
          [
            97.436361,
            4.8219084
          ],
          [
            97.4371229,
            4.8221413
          ],
          [
            97.4378804,
            4.8220892
          ],
          [
            97.4458066,
            4.8202377
          ],
          [
            97.4498844,
            4.819377
          ],
          [
            97.451157,
            4.8191855
          ]
        ]
      }
    },
    {
      "type": "Feature",
      "id": "way/1296362005",
      "properties": {
        "id": 1296362005,
        "name": "Krueng Jamboaye",
        "waterway": "river",
        "source": "OpenStreetMap (ODbL)"
      },
      "geometry": {
        "type": "LineString",
        "coordinates": [
          [
            97.4287508,
            4.8057457
          ],
          [
            97.4281647,
            4.8059077
          ],
          [
            97.4277911,
            4.8061492
          ],
          [
            97.4276362,
            4.8064545
          ],
          [
            97.4276499,
            4.8068599
          ],
          [
            97.4278048,
            4.8071971
          ],
          [
            97.4281374,
            4.8075798
          ],
          [
            97.4285247,
            4.8077639
          ]
        ]
      }
    },
    {
      "type": "Feature",
      "id": "way/1296362006",
      "properties": {
        "id": 1296362006,
        "name": "Krueng Jamboaye",
        "waterway": "river",
        "source": "OpenStreetMap (ODbL)"
      },
      "geometry": {
        "type": "LineString",
        "coordinates": [
          [
            97.451157,
            4.8191855
          ],
          [
            97.4525923,
            4.819096
          ],
          [
            97.4534287,
            4.8191817
          ],
          [
            97.4548305,
            4.8195438
          ],
          [
            97.4554596,
            4.819818
          ],
          [
            97.4556596,
            4.8199764
          ],
          [
            97.4564582,
            4.8212415
          ],
          [
            97.4565532,
            4.8217717
          ],
          [
            97.4563983,
            4.8231294
          ],
          [
            97.4562143,
            4.8235978
          ],
          [
            97.4558515,
            4.8240133
          ],
          [
            97.4549312,
            4.8245782
          ],
          [
            97.4535862,
            4.8254965
          ],
          [
            97.4512297,
            4.8275489
          ],
          [
            97.4499157,
            4.8284312
          ],
          [
            97.4487955,
            4.8290272
          ],
          [
            97.4482752,
            4.8291648
          ],
          [
            97.4472876,
            4.8292008
          ],
          [
            97.4461814,
            4.8289574
          ],
          [
            97.4452755,
            4.828785
          ],
          [
            97.4439514,
            4.8289136
          ],
          [
            97.4423531,
            4.8289817
          ],
          [
            97.4416492,
            4.8290997
          ],
          [
            97.4413863,
            4.8293025
          ],
          [
            97.4412902,
            4.8296133
          ],
          [
            97.4413012,
            4.8300321
          ],
          [
            97.4419537,
            4.831541
          ],
          [
            97.4427616,
            4.8328828
          ],
          [
            97.4433683,
            4.8335661
          ],
          [
            97.4441543,
            4.8340704
          ],
          [
            97.4452031,
            4.8344078
          ],
          [
            97.448589,
            4.8349419
          ],
          [
            97.450198,
            4.8354122
          ],
          [
            97.4515566,
            4.8358699
          ],
          [
            97.4524858,
            4.8363386
          ],
          [
            97.4530928,
            4.8369143
          ],
          [
            97.4542345,
            4.8383645
          ],
          [
            97.4551864,
            4.8393477
          ],
          [
            97.4560537,
            4.8408212
          ],
          [
            97.4567291,
            4.8427728
          ],
          [
            97.4573206,
            4.8448918
          ],
          [
            97.4577481,
            4.8457182
          ],
          [
            97.4583073,
            4.8463057
          ],
          [
            97.4590819,
            4.8466066
          ],
          [
            97.4597616,
            4.846668
          ],
          [
            97.4604473,
            4.8465319
          ],
          [
            97.4615902,
            4.8460362
          ],
          [
            97.4624019,
            4.8454398
          ],
          [
            97.4628178,
            4.8447025
          ],
          [
            97.4628834,
            4.844097
          ],
          [
            97.4625434,
            4.8431767
          ],
          [
            97.462055,
            4.8424207
          ],
          [
            97.4619391,
            4.8416691
          ],
          [
            97.4621149,
            4.8410635
          ],
          [
            97.462578,
            4.8406446
          ],
          [
            97.4634856,
            4.8401323
          ],
          [
            97.4640704,
            4.8399422
          ],
          [
            97.4651735,
            4.8397518
          ],
          [
            97.4656623,
            4.8398247
          ],
          [
            97.4663055,
            4.840209
          ],
          [
            97.466662,
            4.8407721
          ],
          [
            97.467042,
            4.8415147
          ],
          [
            97.4670808,
            4.8430259
          ],
          [
            97.467437,
            4.8437326
          ],
          [
            97.467818,
            4.8440206
          ],
          [
            97.4684498,
            4.8441895
          ],
          [
            97.4693853,
            4.8442816
          ],
          [
            97.4698317,
            4.8441582
          ],
          [
            97.4703668,
            4.8438053
          ],
          [
            97.4709915,
            4.8429022
          ],
          [
            97.4716101,
            4.8420884
          ],
          [
            97.4720934,
            4.8417532
          ],
          [
            97.4730753,
            4.8418149
          ],
          [
            97.4737575,
            4.8418005
          ],
          [
            97.474265,
            4.8415385
          ],
          [
            97.4746232,
            4.8410399
          ],
          [
            97.4751211,
            4.840013
          ],
          [
            97.4755324,
            4.8395354
          ],
          [
            97.4758381,
            4.8393638
          ],
          [
            97.4763918,
            4.8392406
          ],
          [
            97.4768879,
            4.83928
          ],
          [
            97.4774024,
            4.8396066
          ],
          [
            97.4790585,
            4.8412804
          ],
          [
            97.4816002,
            4.843899
          ],
          [
            97.4839997,
            4.8461344
          ],
          [
            97.485075,
            4.8474098
          ],
          [
            97.4862649,
            4.8491413
          ],
          [
            97.486969,
            4.8504654
          ],
          [
            97.4878273,
            4.8521972
          ],
          [
            97.4886092,
            4.8538095
          ],
          [
            97.4891012,
            4.8551672
          ],
          [
            97.4893746,
            4.8561969
          ],
          [
            97.4895386,
            4.8573723
          ],
          [
            97.4895204,
            4.8585113
          ],
          [
            97.4893849,
            4.8595895
          ],
          [
            97.4891195,
            4.8609169
          ],
          [
            97.4881536,
            4.8636323
          ],
          [
            97.4878802,
            4.8648533
          ],
          [
            97.4878711,
            4.866129
          ],
          [
            97.4881354,
            4.8670584
          ],
          [
            97.4886912,
            4.8678785
          ],
          [
            97.4894839,
            4.8684434
          ],
          [
            97.4905158,
            4.8687021
          ],
          [
            97.4915176,
            4.8687427
          ],
          [
            97.4923672,
            4.8685819
          ],
          [
            97.4936989,
            4.8680506
          ],
          [
            97.4951637,
            4.8677573
          ]
        ]
      }
    },
    {
      "type": "Feature",
      "id": "way/1296362007",
      "properties": {
        "id": 1296362007,
        "name": "Krueng Jamboaye",
        "waterway": "river",
        "source": "OpenStreetMap (ODbL)"
      },
      "geometry": {
        "type": "LineString",
        "coordinates": [
          [
            97.4829077,
            4.9024502
          ],
          [
            97.4828667,
            4.9029931
          ],
          [
            97.4830105,
            4.9041291
          ],
          [
            97.4833151,
            4.9053015
          ],
          [
            97.4838163,
            4.9064496
          ],
          [
            97.4844587,
            4.9073836
          ],
          [
            97.4849963,
            4.9078118
          ],
          [
            97.4856751,
            4.9082173
          ],
          [
            97.4871513,
            4.9087094
          ],
          [
            97.4878181,
            4.9091893
          ],
          [
            97.4881673,
            4.9095841
          ],
          [
            97.4882584,
            4.9100853
          ],
          [
            97.4881445,
            4.9105728
          ],
          [
            97.4878393,
            4.91091
          ],
          [
            97.4873233,
            4.9112103
          ],
          [
            97.4841206,
            4.91171
          ],
          [
            97.4823418,
            4.9116923
          ],
          [
            97.4806103,
            4.9114874
          ],
          [
            97.4800378,
            4.9114717
          ],
          [
            97.4792101,
            4.9115444
          ],
          [
            97.4786102,
            4.9118245
          ],
          [
            97.4781225,
            4.9122808
          ],
          [
            97.4778479,
            4.9131014
          ],
          [
            97.477775,
            4.914049
          ],
          [
            97.4777932,
            4.9150696
          ],
          [
            97.4775654,
            4.9155798
          ],
          [
            97.4771007,
            4.9158623
          ],
          [
            97.4765459,
            4.9157801
          ],
          [
            97.4760802,
            4.9153156
          ],
          [
            97.4752966,
            4.9139488
          ],
          [
            97.4748501,
            4.9134567
          ],
          [
            97.474358,
            4.9133383
          ],
          [
            97.4740118,
            4.9134021
          ],
          [
            97.4736291,
            4.9138121
          ],
          [
            97.4733193,
            4.9147962
          ],
          [
            97.4730732,
            4.9167188
          ],
          [
            97.4731256,
            4.9178535
          ],
          [
            97.4734519,
            4.9187256
          ],
          [
            97.4739389,
            4.9193704
          ],
          [
            97.4747043,
            4.9196529
          ],
          [
            97.4754515,
            4.9196529
          ],
          [
            97.4761075,
            4.9194889
          ],
          [
            97.4768365,
            4.9190242
          ],
          [
            97.4780166,
            4.9178354
          ],
          [
            97.478942,
            4.9177353
          ],
          [
            97.4796193,
            4.9180688
          ],
          [
            97.4800166,
            4.9186323
          ],
          [
            97.480108,
            4.9194236
          ],
          [
            97.4799437,
            4.9200538
          ],
          [
            97.4795154,
            4.9206552
          ],
          [
            97.4787136,
            4.9212293
          ],
          [
            97.4774834,
            4.92153
          ],
          [
            97.4764447,
            4.921612
          ],
          [
            97.4753695,
            4.9214844
          ],
          [
            97.4743489,
            4.9210744
          ],
          [
            97.4727634,
            4.9206552
          ],
          [
            97.4715729,
            4.9201524
          ],
          [
            97.4706439,
            4.9195473
          ],
          [
            97.4700019,
            4.9186127
          ],
          [
            97.4694831,
            4.9176482
          ],
          [
            97.4692371,
            4.916163
          ],
          [
            97.4686812,
            4.9148782
          ],
          [
            97.468171,
            4.9142859
          ],
          [
            97.4676516,
            4.9139214
          ],
          [
            97.4670214,
            4.9137677
          ],
          [
            97.4667064,
            4.9138244
          ],
          [
            97.4663336,
            4.9140963
          ],
          [
            97.4659889,
            4.9145836
          ],
          [
            97.4657587,
            4.9151287
          ],
          [
            97.4655423,
            4.9158603
          ],
          [
            97.4654968,
            4.91698
          ],
          [
            97.4656561,
            4.9179854
          ],
          [
            97.4660114,
            4.9187781
          ],
          [
            97.4665946,
            4.9194706
          ],
          [
            97.468365,
            4.9208342
          ],
          [
            97.4692797,
            4.9214392
          ],
          [
            97.4703949,
            4.9220161
          ],
          [
            97.4717965,
            4.9225505
          ],
          [
            97.4727258,
            4.9229977
          ],
          [
            97.4736136,
            4.9237344
          ],
          [
            97.4739271,
            4.9243237
          ],
          [
            97.4739546,
            4.9248263
          ],
          [
            97.4736842,
            4.9254257
          ],
          [
            97.4731126,
            4.9259293
          ],
          [
            97.4708833,
            4.9275157
          ],
          [
            97.4699026,
            4.9281502
          ],
          [
            97.4686422,
            4.9284919
          ],
          [
            97.4680402,
            4.9288638
          ],
          [
            97.4676241,
            4.9292792
          ],
          [
            97.4672648,
            4.92991
          ],
          [
            97.4671469,
            4.9304638
          ],
          [
            97.4672453,
            4.9312392
          ],
          [
            97.4675015,
            4.9318859
          ],
          [
            97.4680013,
            4.9324182
          ],
          [
            97.4693524,
            4.9334845
          ],
          [
            97.4701661,
            4.9344483
          ],
          [
            97.4708317,
            4.9354258
          ]
        ]
      }
    },
    {
      "type": "Feature",
      "id": "way/1296362008",
      "properties": {
        "id": 1296362008,
        "name": "Krueng Jamboaye",
        "waterway": "river",
        "source": "OpenStreetMap (ODbL)"
      },
      "geometry": {
        "type": "LineString",
        "coordinates": [
          [
            97.4951637,
            4.8677573
          ],
          [
            97.4958008,
            4.8679803
          ],
          [
            97.4964182,
            4.8685163
          ],
          [
            97.4969376,
            4.8694549
          ],
          [
            97.4973385,
            4.8707488
          ],
          [
            97.4977941,
            4.8714504
          ],
          [
            97.498277,
            4.871824
          ],
          [
            97.4990607,
            4.872152
          ],
          [
            97.5000174,
            4.8721338
          ],
          [
            97.5013082,
            4.8719542
          ],
          [
            97.5017194,
            4.8719718
          ],
          [
            97.5021809,
            4.8721145
          ],
          [
            97.5025961,
            4.8724071
          ],
          [
            97.5028513,
            4.8728445
          ],
          [
            97.5029971,
            4.8733457
          ],
          [
            97.5030335,
            4.8742295
          ],
          [
            97.5028695,
            4.8749858
          ],
          [
            97.5025688,
            4.875651
          ],
          [
            97.5023683,
            4.8767171
          ],
          [
            97.5024048,
            4.8777377
          ],
          [
            97.5023517,
            4.8780339
          ],
          [
            97.5022954,
            4.8783482
          ],
          [
            97.5019856,
            4.8787035
          ]
        ]
      }
    },
    {
      "type": "Feature",
      "id": "way/1296362009",
      "properties": {
        "id": 1296362009,
        "name": "Krueng Jamboaye",
        "waterway": "river",
        "source": "OpenStreetMap (ODbL)"
      },
      "geometry": {
        "type": "LineString",
        "coordinates": [
          [
            97.5019856,
            4.8787035
          ],
          [
            97.5013478,
            4.8787673
          ],
          [
            97.5005733,
            4.878494
          ],
          [
            97.4998831,
            4.8778075
          ],
          [
            97.4991518,
            4.8771545
          ],
          [
            97.497932,
            4.875567
          ],
          [
            97.4975032,
            4.8752909
          ],
          [
            97.4971335,
            4.8752781
          ],
          [
            97.4968191,
            4.8755872
          ],
          [
            97.4966004,
            4.8760246
          ],
          [
            97.4962997,
            4.8767809
          ],
          [
            97.4960628,
            4.8777559
          ],
          [
            97.4956346,
            4.8789587
          ],
          [
            97.4953794,
            4.8802344
          ],
          [
            97.495343,
            4.8811182
          ],
          [
            97.495425,
            4.8818016
          ],
          [
            97.4957467,
            4.882333
          ],
          [
            97.4961275,
            4.8827526
          ],
          [
            97.4965443,
            4.8830527
          ],
          [
            97.4972383,
            4.8833962
          ],
          [
            97.4984957,
            4.8838518
          ],
          [
            97.4991791,
            4.8840523
          ],
          [
            97.4999947,
            4.8846491
          ],
          [
            97.5003637,
            4.8850455
          ],
          [
            97.5008056,
            4.8858565
          ],
          [
            97.5010562,
            4.8869317
          ],
          [
            97.5013751,
            4.8879796
          ],
          [
            97.5017669,
            4.8886174
          ],
          [
            97.5022316,
            4.8888725
          ],
          [
            97.5027601,
            4.8890092
          ],
          [
            97.5034527,
            4.8888999
          ],
          [
            97.5041634,
            4.8885901
          ],
          [
            97.5051293,
            4.887934
          ],
          [
            97.5056844,
            4.8876183
          ],
          [
            97.5063526,
            4.887536
          ],
          [
            97.5068769,
            4.8877526
          ],
          [
            97.5072068,
            4.8881527
          ],
          [
            97.5072979,
            4.8887996
          ],
          [
            97.5071521,
            4.8897108
          ],
          [
            97.506763,
            4.8908706
          ],
          [
            97.5062774,
            4.8916244
          ],
          [
            97.5058491,
            4.8921711
          ],
          [
            97.5053338,
            4.8925071
          ],
          [
            97.5049516,
            4.8927336
          ],
          [
            97.504373,
            4.8929547
          ],
          [
            97.5034891,
            4.8930367
          ],
          [
            97.5026872,
            4.8930185
          ],
          [
            97.5019309,
            4.8928636
          ],
          [
            97.5012384,
            4.8925538
          ],
          [
            97.5006279,
            4.8920709
          ],
          [
            97.5001085,
            4.8914421
          ],
          [
            97.4995527,
            4.8903213
          ],
          [
            97.4990057,
            4.8896518
          ],
          [
            97.4976959,
            4.8886319
          ],
          [
            97.4965051,
            4.8877619
          ],
          [
            97.4956801,
            4.887041
          ],
          [
            97.4948965,
            4.8866128
          ],
          [
            97.4942404,
            4.8864305
          ],
          [
            97.4934932,
            4.8863941
          ],
          [
            97.4928098,
            4.8865945
          ],
          [
            97.4922813,
            4.8870046
          ],
          [
            97.4919625,
            4.8876686
          ],
          [
            97.4919467,
            4.8883289
          ],
          [
            97.4921741,
            4.8890329
          ],
          [
            97.4926276,
            4.8896835
          ],
          [
            97.4942682,
            4.8911462
          ],
          [
            97.4957257,
            4.8922895
          ],
          [
            97.4968556,
            4.8929365
          ],
          [
            97.4976848,
            4.893629
          ],
          [
            97.4985048,
            4.8948227
          ],
          [
            97.4990607,
            4.8958797
          ],
          [
            97.4992611,
            4.8968364
          ],
          [
            97.4992611,
            4.8976747
          ],
          [
            97.4990698,
            4.8985677
          ],
          [
            97.4986871,
            4.8993605
          ],
          [
            97.4979763,
            4.9000256
          ],
          [
            97.4970196,
            4.9006635
          ],
          [
            97.4959626,
            4.9009642
          ],
          [
            97.494778,
            4.9010644
          ],
          [
            97.4931329,
            4.9008516
          ],
          [
            97.4924458,
            4.9008644
          ],
          [
            97.4919014,
            4.9010929
          ],
          [
            97.4914157,
            4.9015473
          ],
          [
            97.4909874,
            4.9023036
          ],
          [
            97.4907779,
            4.9031602
          ],
          [
            97.4906867,
            4.9043447
          ],
          [
            97.4909965,
            4.9058482
          ],
          [
            97.4909965,
            4.906723
          ],
          [
            97.4907312,
            4.9072689
          ],
          [
            97.4902494,
            4.907543
          ],
          [
            97.4895477,
            4.9075157
          ],
          [
            97.4889421,
            4.9072361
          ],
          [
            97.4877071,
            4.9065134
          ],
          [
            97.4870328,
            4.9058573
          ],
          [
            97.4865499,
            4.905183
          ],
          [
            97.48581,
            4.9034595
          ],
          [
            97.4848524,
            4.9024238
          ],
          [
            97.4842378,
            4.9020635
          ],
          [
            97.4837227,
            4.9019618
          ],
          [
            97.4831751,
            4.902109
          ],
          [
            97.4829077,
            4.9024502
          ]
        ]
      }
    },
    {
      "type": "Feature",
      "id": "way/1296362011",
      "properties": {
        "id": 1296362011,
        "name": "Krueng Jamboaye",
        "waterway": "river",
        "source": "OpenStreetMap (ODbL)"
      },
      "geometry": {
        "type": "LineString",
        "coordinates": [
          [
            97.4867276,
            4.9420183
          ],
          [
            97.4871148,
            4.9418862
          ],
          [
            97.4875477,
            4.9418771
          ],
          [
            97.4879497,
            4.9420045
          ],
          [
            97.4883639,
            4.9424074
          ],
          [
            97.4892561,
            4.9435537
          ],
          [
            97.4899669,
            4.9446471
          ],
          [
            97.490951,
            4.9466609
          ],
          [
            97.4916435,
            4.9475538
          ],
          [
            97.4924241,
            4.9483218
          ],
          [
            97.493096,
            4.9487397
          ],
          [
            97.4938687,
            4.9488706
          ],
          [
            97.4945417,
            4.9487717
          ],
          [
            97.4954441,
            4.9485009
          ],
          [
            97.4966095,
            4.9480368
          ],
          [
            97.497206,
            4.9479738
          ],
          [
            97.4976392,
            4.9482372
          ],
          [
            97.4978761,
            4.9488022
          ],
          [
            97.4978943,
            4.9497681
          ],
          [
            97.4980037,
            4.9506884
          ],
          [
            97.4983773,
            4.9519367
          ],
          [
            97.4985595,
            4.9528935
          ],
          [
            97.4986142,
            4.9542238
          ],
          [
            97.4987691,
            4.955299
          ],
          [
            97.4992156,
            4.9563287
          ],
          [
            97.4997623,
            4.9570486
          ],
          [
            97.5006462,
            4.9576864
          ],
          [
            97.502013,
            4.9580053
          ],
          [
            97.5037264,
            4.9579952
          ],
          [
            97.5044641,
            4.9581101
          ],
          [
            97.505068,
            4.9583912
          ],
          [
            97.5055342,
            4.9589046
          ],
          [
            97.5056632,
            4.9595481
          ],
          [
            97.5055946,
            4.9602607
          ],
          [
            97.5052452,
            4.9609358
          ],
          [
            97.5048641,
            4.9612402
          ],
          [
            97.5043636,
            4.9614571
          ],
          [
            97.5037112,
            4.9615429
          ],
          [
            97.5030047,
            4.9615195
          ],
          [
            97.50172,
            4.9612066
          ],
          [
            97.5008763,
            4.9607378
          ],
          [
            97.4999816,
            4.9599012
          ],
          [
            97.4988675,
            4.9588076
          ],
          [
            97.4981322,
            4.9579589
          ],
          [
            97.4975083,
            4.9575546
          ],
          [
            97.4967861,
            4.9572658
          ],
          [
            97.4961351,
            4.9571208
          ],
          [
            97.495517,
            4.9570728
          ],
          [
            97.4949441,
            4.9571863
          ],
          [
            97.4943708,
            4.9574865
          ],
          [
            97.4935322,
            4.9580373
          ],
          [
            97.4926089,
            4.9589406
          ],
          [
            97.4916222,
            4.9597172
          ],
          [
            97.49082,
            4.9599666
          ],
          [
            97.4901684,
            4.9601158
          ],
          [
            97.4893236,
            4.9602144
          ],
          [
            97.4885364,
            4.960148
          ],
          [
            97.4877853,
            4.9599596
          ],
          [
            97.4868004,
            4.9596575
          ],
          [
            97.4856807,
            4.9595361
          ],
          [
            97.484942,
            4.9596934
          ],
          [
            97.4843472,
            4.9600007
          ],
          [
            97.4840528,
            4.9603948
          ],
          [
            97.4838694,
            4.9610233
          ],
          [
            97.4838345,
            4.9617503
          ],
          [
            97.4840896,
            4.9625066
          ],
          [
            97.4846546,
            4.9630989
          ],
          [
            97.4854382,
            4.9637094
          ],
          [
            97.4863049,
            4.9640588
          ],
          [
            97.4869631,
            4.964168
          ],
          [
            97.4877004,
            4.9641553
          ],
          [
            97.4904188,
            4.9632964
          ],
          [
            97.4918097,
            4.9634005
          ],
          [
            97.492611,
            4.963553
          ],
          [
            97.4932041,
            4.9639779
          ],
          [
            97.4936893,
            4.9646179
          ],
          [
            97.4941012,
            4.9657422
          ],
          [
            97.494341,
            4.9681671
          ],
          [
            97.4946166,
            4.9688794
          ],
          [
            97.4948795,
            4.9690983
          ],
          [
            97.4952487,
            4.9692517
          ],
          [
            97.4956734,
            4.9692894
          ],
          [
            97.4960974,
            4.9692359
          ],
          [
            97.4964565,
            4.9690514
          ],
          [
            97.4969145,
            4.968431
          ],
          [
            97.4973104,
            4.9674417
          ],
          [
            97.4974576,
            4.9663598
          ],
          [
            97.4974603,
            4.9646163
          ],
          [
            97.497842,
            4.9636862
          ],
          [
            97.4983766,
            4.9631903
          ],
          [
            97.4986703,
            4.9630929
          ],
          [
            97.4992233,
            4.9629901
          ],
          [
            97.4999252,
            4.9630389
          ],
          [
            97.5003766,
            4.9633486
          ],
          [
            97.5007238,
            4.9636917
          ],
          [
            97.5010853,
            4.9644273
          ],
          [
            97.5013447,
            4.9656022
          ],
          [
            97.5014756,
            4.9670538
          ],
          [
            97.5016834,
            4.9680114
          ],
          [
            97.5015677,
            4.9685279
          ],
          [
            97.5013568,
            4.9689486
          ],
          [
            97.5011078,
            4.9693309
          ],
          [
            97.5001438,
            4.9701442
          ],
          [
            97.499096,
            4.9708707
          ],
          [
            97.4987226,
            4.9714154
          ],
          [
            97.4984249,
            4.9722378
          ],
          [
            97.4983463,
            4.9732139
          ],
          [
            97.4986397,
            4.9743057
          ],
          [
            97.4992295,
            4.9751667
          ],
          [
            97.4997152,
            4.976122
          ],
          [
            97.4997103,
            4.9767621
          ],
          [
            97.4994804,
            4.9773172
          ],
          [
            97.4991264,
            4.9777088
          ],
          [
            97.4987631,
            4.9779855
          ],
          [
            97.4984287,
            4.9781762
          ],
          [
            97.4977124,
            4.9783851
          ],
          [
            97.4966898,
            4.9782205
          ],
          [
            97.4961269,
            4.9781522
          ],
          [
            97.4957836,
            4.9780557
          ],
          [
            97.4951642,
            4.9776523
          ],
          [
            97.4944022,
            4.9769901
          ],
          [
            97.4936971,
            4.9764908
          ],
          [
            97.4927329,
            4.9760212
          ],
          [
            97.4917944,
            4.9758667
          ],
          [
            97.4910686,
            4.9760851
          ],
          [
            97.490495,
            4.9765432
          ],
          [
            97.4902267,
            4.9770116
          ],
          [
            97.4900964,
            4.9777914
          ],
          [
            97.4900658,
            4.978624
          ],
          [
            97.4903691,
            4.9795818
          ],
          [
            97.491006,
            4.9804646
          ],
          [
            97.4920752,
            4.981179
          ],
          [
            97.4931905,
            4.9817749
          ],
          [
            97.4943922,
            4.9821127
          ],
          [
            97.4965298,
            4.9822037
          ],
          [
            97.4978905,
            4.9828392
          ],
          [
            97.4984713,
            4.9834627
          ],
          [
            97.4986892,
            4.9841331
          ],
          [
            97.4988782,
            4.984995
          ],
          [
            97.4988384,
            4.9857031
          ],
          [
            97.4980246,
            4.9871856
          ],
          [
            97.4968956,
            4.9884643
          ],
          [
            97.4964402,
            4.9894993
          ],
          [
            97.4964101,
            4.9905677
          ],
          [
            97.4967598,
            4.991493
          ],
          [
            97.4972323,
            4.9922234
          ],
          [
            97.4975757,
            4.9925076
          ],
          [
            97.497956,
            4.9927302
          ],
          [
            97.4986437,
            4.9929043
          ],
          [
            97.4992824,
            4.9929551
          ],
          [
            97.5004328,
            4.9927337
          ],
          [
            97.5015698,
            4.9922664
          ],
          [
            97.5025282,
            4.9918392
          ],
          [
            97.5033837,
            4.9919166
          ],
          [
            97.5042482,
            4.9923847
          ],
          [
            97.5048352,
            4.9930165
          ],
          [
            97.5055174,
            4.9940628
          ],
          [
            97.5061994,
            4.9946282
          ],
          [
            97.5076318,
            4.9953986
          ],
          [
            97.5079189,
            4.9957569
          ],
          [
            97.5081784,
            4.9963733
          ],
          [
            97.5081879,
            4.9969618
          ],
          [
            97.5079946,
            4.9975473
          ],
          [
            97.5077405,
            4.9980829
          ],
          [
            97.5071131,
            4.9988765
          ],
          [
            97.5066161,
            4.99922
          ],
          [
            97.5056228,
            4.9995431
          ],
          [
            97.5052029,
            4.999523
          ],
          [
            97.5039875,
            4.9995183
          ],
          [
            97.5031074,
            4.9995769
          ],
          [
            97.5022954,
            4.9999205
          ],
          [
            97.5015209,
            5.0006313
          ],
          [
            97.5012202,
            5.00126
          ],
          [
            97.5011565,
            5.0021369
          ],
          [
            97.5012293,
            5.002809
          ],
          [
            97.5014116,
            5.0033011
          ],
          [
            97.5017123,
            5.003784
          ],
          [
            97.5020767,
            5.0041394
          ],
          [
            97.502505,
            5.0044674
          ],
          [
            97.5030244,
            5.0046497
          ],
          [
            97.5044094,
            5.0049959
          ]
        ]
      }
    },
    {
      "type": "Feature",
      "id": "way/1296362012",
      "properties": {
        "id": 1296362012,
        "name": "Krueng Jamboaye",
        "waterway": "river",
        "source": "OpenStreetMap (ODbL)"
      },
      "geometry": {
        "type": "LineString",
        "coordinates": [
          [
            97.4708317,
            4.9354258
          ],
          [
            97.4709203,
            4.9355978
          ],
          [
            97.4722759,
            4.9382289
          ],
          [
            97.4732981,
            4.9419065
          ],
          [
            97.4736108,
            4.9429705
          ],
          [
            97.4735926,
            4.9438088
          ],
          [
            97.4734377,
            4.9447382
          ],
          [
            97.4731826,
            4.945449
          ],
          [
            97.4728363,
            4.9461506
          ],
          [
            97.4723534,
            4.9467429
          ],
          [
            97.47208,
            4.9473443
          ],
          [
            97.4720436,
            4.9477543
          ],
          [
            97.4721985,
            4.9482737
          ],
          [
            97.4726996,
            4.9486291
          ],
          [
            97.4735015,
            4.9487931
          ],
          [
            97.47444,
            4.948784
          ],
          [
            97.4751963,
            4.9486291
          ],
          [
            97.475661,
            4.9483284
          ],
          [
            97.4761986,
            4.9477087
          ],
          [
            97.47639,
            4.9470618
          ],
          [
            97.4764352,
            4.9462472
          ],
          [
            97.476308,
            4.9448567
          ],
          [
            97.4763775,
            4.9427071
          ],
          [
            97.4765365,
            4.9420184
          ],
          [
            97.4769103,
            4.9413158
          ],
          [
            97.477412,
            4.9409867
          ],
          [
            97.4780421,
            4.940859
          ],
          [
            97.4788435,
            4.9409613
          ],
          [
            97.479673,
            4.9412934
          ],
          [
            97.4804016,
            4.9419124
          ],
          [
            97.4810729,
            4.9425743
          ],
          [
            97.4814864,
            4.9432644
          ],
          [
            97.4823289,
            4.9449952
          ],
          [
            97.4830955,
            4.9455594
          ],
          [
            97.4840712,
            4.9458151
          ],
          [
            97.4849382,
            4.9457474
          ],
          [
            97.4855116,
            4.9453611
          ],
          [
            97.4858707,
            4.9448451
          ],
          [
            97.4861438,
            4.9443289
          ],
          [
            97.4863494,
            4.9429341
          ],
          [
            97.4864952,
            4.942442
          ],
          [
            97.4867276,
            4.9420183
          ]
        ]
      }
    },
    {
      "type": "Feature",
      "id": "way/1296362013",
      "properties": {
        "id": 1296362013,
        "name": "Krueng Jamboaye",
        "waterway": "river",
        "source": "OpenStreetMap (ODbL)"
      },
      "geometry": {
        "type": "LineString",
        "coordinates": [
          [
            97.5044094,
            5.0049959
          ],
          [
            97.504865,
            5.0052602
          ],
          [
            97.5052295,
            5.0056246
          ],
          [
            97.5053206,
            5.0059982
          ],
          [
            97.5052762,
            5.0066579
          ],
          [
            97.5050404,
            5.0077303
          ],
          [
            97.5048862,
            5.009511
          ],
          [
            97.5047406,
            5.0105754
          ],
          [
            97.5046169,
            5.0112975
          ],
          [
            97.5043289,
            5.0120283
          ],
          [
            97.5038171,
            5.0127229
          ],
          [
            97.5031793,
            5.0132149
          ],
          [
            97.5026195,
            5.0135438
          ],
          [
            97.5018763,
            5.0136705
          ],
          [
            97.5010106,
            5.0136341
          ],
          [
            97.500227,
            5.0134154
          ],
          [
            97.4991267,
            5.0127767
          ],
          [
            97.4980496,
            5.0115037
          ],
          [
            97.4975734,
            5.0110839
          ],
          [
            97.4967763,
            5.0107033
          ],
          [
            97.4959653,
            5.0105937
          ],
          [
            97.4953568,
            5.0106402
          ],
          [
            97.4945333,
            5.0107818
          ],
          [
            97.4940612,
            5.0111535
          ],
          [
            97.4936346,
            5.0119003
          ],
          [
            97.4933708,
            5.0125218
          ],
          [
            97.4931561,
            5.0132058
          ],
          [
            97.4930928,
            5.0140885
          ],
          [
            97.4931743,
            5.014928
          ],
          [
            97.4934386,
            5.0157025
          ],
          [
            97.4941128,
            5.016559
          ],
          [
            97.4950514,
            5.0171787
          ],
          [
            97.4960081,
            5.0173974
          ],
          [
            97.4968373,
            5.0173245
          ],
          [
            97.4981039,
            5.0167048
          ],
          [
            97.4993887,
            5.0164406
          ],
          [
            97.5004275,
            5.0164588
          ],
          [
            97.5011796,
            5.0166454
          ],
          [
            97.5019583,
            5.0169144
          ],
          [
            97.5027328,
            5.0173336
          ],
          [
            97.5034435,
            5.0179987
          ],
          [
            97.504947,
            5.0198849
          ],
          [
            97.5060716,
            5.0214783
          ],
          [
            97.5065325,
            5.0223452
          ],
          [
            97.5067785,
            5.0234659
          ],
          [
            97.506733,
            5.0246141
          ],
          [
            97.5059493,
            5.0274935
          ],
          [
            97.506003,
            5.0283992
          ],
          [
            97.5061209,
            5.0290216
          ],
          [
            97.5062866,
            5.0295963
          ],
          [
            97.506548,
            5.0300634
          ],
          [
            97.5069113,
            5.0306111
          ],
          [
            97.5075051,
            5.0310432
          ],
          [
            97.507982,
            5.0311878
          ],
          [
            97.508626,
            5.031285
          ],
          [
            97.5095283,
            5.0310243
          ],
          [
            97.5102997,
            5.0305532
          ],
          [
            97.5109589,
            5.0298564
          ],
          [
            97.5117852,
            5.0294692
          ],
          [
            97.5130882,
            5.0293271
          ],
          [
            97.5137829,
            5.0295101
          ],
          [
            97.5142129,
            5.0299911
          ],
          [
            97.514498,
            5.0305301
          ],
          [
            97.5145322,
            5.031248
          ],
          [
            97.5143991,
            5.0320732
          ],
          [
            97.5141344,
            5.0330178
          ],
          [
            97.5136193,
            5.0339378
          ],
          [
            97.5125661,
            5.035395
          ],
          [
            97.5111305,
            5.0371624
          ],
          [
            97.5105445,
            5.0377712
          ],
          [
            97.5100773,
            5.0386076
          ],
          [
            97.5098485,
            5.0395523
          ],
          [
            97.5096533,
            5.0414062
          ],
          [
            97.5093399,
            5.0428412
          ],
          [
            97.5090383,
            5.0436126
          ],
          [
            97.5084916,
            5.0443871
          ],
          [
            97.5077262,
            5.0451252
          ],
          [
            97.5068605,
            5.0456628
          ],
          [
            97.5056031,
            5.0458633
          ],
          [
            97.5043821,
            5.0459179
          ],
          [
            97.5036713,
            5.0465102
          ],
          [
            97.503316,
            5.0472938
          ],
          [
            97.5031975,
            5.0483508
          ],
          [
            97.5031884,
            5.0497814
          ],
          [
            97.5029333,
            5.0506471
          ],
          [
            97.5025141,
            5.051212
          ],
          [
            97.5016667,
            5.0515947
          ],
          [
            97.5007555,
            5.0515127
          ],
          [
            97.4999628,
            5.0509751
          ],
          [
            97.4995618,
            5.0502735
          ],
          [
            97.4987873,
            5.0496903
          ],
          [
            97.4980401,
            5.0496812
          ],
          [
            97.4976267,
            5.050186
          ],
          [
            97.4975298,
            5.050784
          ],
          [
            97.4977195,
            5.0513108
          ],
          [
            97.4982435,
            5.0517427
          ],
          [
            97.4989347,
            5.0520554
          ],
          [
            97.4999929,
            5.052391
          ],
          [
            97.5017396,
            5.0532075
          ],
          [
            97.5038974,
            5.054429
          ],
          [
            97.5047137,
            5.0548197
          ],
          [
            97.5053098,
            5.0550185
          ],
          [
            97.5061037,
            5.0552316
          ],
          [
            97.5068615,
            5.0551795
          ],
          [
            97.5073629,
            5.0550251
          ],
          [
            97.5083603,
            5.0545249
          ],
          [
            97.5089637,
            5.0541255
          ],
          [
            97.509406,
            5.0537557
          ],
          [
            97.5103211,
            5.052699
          ],
          [
            97.5109197,
            5.0513929
          ],
          [
            97.5115239,
            5.0505942
          ],
          [
            97.5122774,
            5.0498918
          ],
          [
            97.5131717,
            5.0497109
          ],
          [
            97.5138315,
            5.0498401
          ],
          [
            97.514373,
            5.0502633
          ],
          [
            97.5147,
            5.0507307
          ],
          [
            97.5148719,
            5.0512036
          ],
          [
            97.5149404,
            5.0520479
          ],
          [
            97.5145281,
            5.053076
          ],
          [
            97.5138485,
            5.0539435
          ],
          [
            97.5124625,
            5.0549632
          ],
          [
            97.5118979,
            5.0557232
          ],
          [
            97.5111039,
            5.0569102
          ],
          [
            97.5097868,
            5.057899
          ],
          [
            97.5079198,
            5.0588769
          ],
          [
            97.5072728,
            5.059242
          ],
          [
            97.5066381,
            5.0599137
          ],
          [
            97.5064141,
            5.0605154
          ],
          [
            97.506332,
            5.0612899
          ],
          [
            97.5064323,
            5.0620279
          ],
          [
            97.5067968,
            5.0627022
          ],
          [
            97.5078446,
            5.063741
          ],
          [
            97.5093891,
            5.0651761
          ],
          [
            97.5100224,
            5.0655999
          ],
          [
            97.5106101,
            5.0659279
          ],
          [
            97.5111523,
            5.0661238
          ],
          [
            97.511699,
            5.0662195
          ],
          [
            97.5123584,
            5.0662431
          ],
          [
            97.512961,
            5.066183
          ],
          [
            97.5134647,
            5.0659456
          ],
          [
            97.5138221,
            5.0656226
          ],
          [
            97.5141365,
            5.0651807
          ],
          [
            97.5144284,
            5.0645062
          ]
        ]
      }
    },
    {
      "type": "Feature",
      "id": "way/1298772133",
      "properties": {
        "id": 1298772133,
        "name": "Krueng Rubek",
        "waterway": "river",
        "source": "OpenStreetMap (ODbL)"
      },
      "geometry": {
        "type": "LineString",
        "coordinates": [
          [
            97.4748889,
            4.7366413
          ],
          [
            97.4751901,
            4.7365527
          ],
          [
            97.4755621,
            4.7363228
          ],
          [
            97.4761328,
            4.7363365
          ],
          [
            97.4766857,
            4.7365917
          ],
          [
            97.4771535,
            4.7367689
          ],
          [
            97.4773307,
            4.7369673
          ],
          [
            97.4773732,
            4.7371942
          ],
          [
            97.4772527,
            4.7375911
          ],
          [
            97.477196,
            4.7381156
          ],
          [
            97.4772102,
            4.7387748
          ],
          [
            97.4770897,
            4.7394907
          ],
          [
            97.4768487,
            4.740079
          ],
          [
            97.476714,
            4.7407452
          ],
          [
            97.476714,
            4.7412556
          ],
          [
            97.4767991,
            4.7416596
          ],
          [
            97.4769763,
            4.7419431
          ],
          [
            97.4773591,
            4.7423826
          ],
          [
            97.4777276,
            4.7431622
          ],
          [
            97.4780466,
            4.7436655
          ],
          [
            97.4783372,
            4.743949
          ],
          [
            97.4786632,
            4.7441191
          ],
          [
            97.4792019,
            4.7440979
          ],
          [
            97.4802486,
            4.7441604
          ],
          [
            97.4807883,
            4.7442269
          ],
          [
            97.4812192,
            4.7443479
          ],
          [
            97.4818812,
            4.7447358
          ],
          [
            97.4823095,
            4.7448659
          ],
          [
            97.4827494,
            4.744963
          ],
          [
            97.4830502,
            4.7452188
          ],
          [
            97.4833926,
            4.7457002
          ],
          [
            97.4835651,
            4.7457635
          ],
          [
            97.4837666,
            4.7457706
          ],
          [
            97.4840926,
            4.7456643
          ],
          [
            97.4843124,
            4.745682
          ],
          [
            97.4849645,
            4.7459833
          ],
          [
            97.4853968,
            4.7462951
          ],
          [
            97.4857016,
            4.7466637
          ],
          [
            97.4862261,
            4.7471032
          ],
          [
            97.4867648,
            4.7473442
          ],
          [
            97.4872681,
            4.7473867
          ],
          [
            97.4878422,
            4.7471599
          ],
          [
            97.4881472,
            4.7471952
          ],
          [
            97.4884801,
            4.7474079
          ],
          [
            97.4887211,
            4.7477482
          ],
          [
            97.4888629,
            4.7481593
          ],
          [
            97.4888912,
            4.7486909
          ],
          [
            97.4888062,
            4.7490169
          ],
          [
            97.488629,
            4.7492544
          ],
          [
            97.4883419,
            4.7494635
          ],
          [
            97.4880974,
            4.7497895
          ],
          [
            97.4879991,
            4.7501763
          ],
          [
            97.4878825,
            4.750443
          ],
          [
            97.4877288,
            4.750654
          ],
          [
            97.4876365,
            4.7509077
          ],
          [
            97.4875906,
            4.7512521
          ],
          [
            97.4875977,
            4.7519301
          ],
          [
            97.4875339,
            4.7523695
          ],
          [
            97.487626,
            4.7527239
          ],
          [
            97.4878812,
            4.7529897
          ],
          [
            97.4883206,
            4.753252
          ],
          [
            97.4883951,
            4.7534115
          ],
          [
            97.488434,
            4.753975
          ],
          [
            97.4885156,
            4.754464
          ],
          [
            97.4888416,
            4.7555591
          ],
          [
            97.4889479,
            4.7561084
          ],
          [
            97.4889515,
            4.7564841
          ],
          [
            97.48887,
            4.7567605
          ],
          [
            97.4886679,
            4.75692
          ],
          [
            97.4882923,
            4.7570618
          ]
        ]
      }
    },
    {
      "type": "Feature",
      "id": "way/1298772136",
      "properties": {
        "id": 1298772136,
        "name": "Krueng Rubek",
        "waterway": "river",
        "source": "OpenStreetMap (ODbL)"
      },
      "geometry": {
        "type": "LineString",
        "coordinates": [
          [
            97.4879991,
            4.7501763
          ],
          [
            97.4880351,
            4.7506708
          ],
          [
            97.4880306,
            4.7509897
          ],
          [
            97.487944,
            4.7513496
          ],
          [
            97.4878028,
            4.7516594
          ],
          [
            97.4875977,
            4.7519301
          ]
        ]
      }
    },
    {
      "type": "Feature",
      "id": "way/1298772137",
      "properties": {
        "id": 1298772137,
        "name": "Krueng Rubek",
        "waterway": "river",
        "source": "OpenStreetMap (ODbL)"
      },
      "geometry": {
        "type": "LineString",
        "coordinates": [
          [
            97.4882923,
            4.7570618
          ],
          [
            97.4879556,
            4.7571043
          ],
          [
            97.4872007,
            4.7573099
          ],
          [
            97.4870483,
            4.7574162
          ],
          [
            97.4869137,
            4.7577387
          ],
          [
            97.4867542,
            4.7578308
          ],
          [
            97.4864114,
            4.7581602
          ],
          [
            97.4863254,
            4.7582845
          ],
          [
            97.486272,
            4.7585117
          ],
          [
            97.4861482,
            4.7589933
          ],
          [
            97.4860489,
            4.7591634
          ],
          [
            97.4858292,
            4.7592768
          ],
          [
            97.4844402,
            4.7596446
          ],
          [
            97.4837134,
            4.7601273
          ],
          [
            97.4830365,
            4.7607369
          ],
          [
            97.4824482,
            4.76135
          ],
          [
            97.4819592,
            4.7616442
          ],
          [
            97.4811937,
            4.7619383
          ],
          [
            97.4804707,
            4.7621545
          ],
          [
            97.4796166,
            4.7622644
          ],
          [
            97.4789964,
            4.7623813
          ],
          [
            97.4787448,
            4.7623884
          ],
          [
            97.4784329,
            4.7623246
          ],
          [
            97.4782167,
            4.7623849
          ],
          [
            97.4778942,
            4.7627286
          ],
          [
            97.4775504,
            4.7630299
          ],
          [
            97.4774193,
            4.7633276
          ],
          [
            97.4773661,
            4.7636146
          ],
          [
            97.4773768,
            4.7639371
          ],
          [
            97.4774618,
            4.764412
          ],
          [
            97.4776355,
            4.7646743
          ],
          [
            97.4778269,
            4.7647771
          ],
          [
            97.4781742,
            4.7647735
          ],
          [
            97.4786632,
            4.7647416
          ],
          [
            97.4793614,
            4.7647912
          ],
          [
            97.479854,
            4.7648727
          ],
          [
            97.4804849,
            4.7650429
          ],
          [
            97.480818,
            4.7650464
          ],
          [
            97.4809182,
            4.7651393
          ],
          [
            97.4809916,
            4.7653795
          ],
          [
            97.4810129,
            4.7658757
          ],
          [
            97.4809598,
            4.7662478
          ],
          [
            97.4808428,
            4.7665065
          ],
          [
            97.4805568,
            4.7668039
          ],
          [
            97.4802049,
            4.7674102
          ],
          [
            97.4800808,
            4.7677469
          ],
          [
            97.4800206,
            4.7680553
          ],
          [
            97.4798044,
            4.7683352
          ],
          [
            97.4794961,
            4.7685124
          ],
          [
            97.4789113,
            4.7686577
          ],
          [
            97.4782167,
            4.7686577
          ],
          [
            97.4776816,
            4.7687676
          ],
          [
            97.4774547,
            4.7689838
          ]
        ]
      }
    },
    {
      "type": "Feature",
      "id": "way/1298772138",
      "properties": {
        "id": 1298772138,
        "name": "Krueng Rubek",
        "waterway": "river",
        "source": "OpenStreetMap (ODbL)"
      },
      "geometry": {
        "type": "LineString",
        "coordinates": [
          [
            97.4856555,
            4.7981615
          ],
          [
            97.4856555,
            4.7983989
          ],
          [
            97.4854996,
            4.7987569
          ],
          [
            97.4849716,
            4.7990227
          ],
          [
            97.4845675,
            4.7993487
          ],
          [
            97.4843124,
            4.7998307
          ],
          [
            97.4842734,
            4.8000823
          ],
          [
            97.4843053,
            4.8003659
          ],
          [
            97.4844789,
            4.8008053
          ],
          [
            97.4845463,
            4.8011995
          ],
          [
            97.4845582,
            4.8015653
          ],
          [
            97.4844873,
            4.8018531
          ],
          [
            97.484284,
            4.8021201
          ],
          [
            97.4840076,
            4.8026305
          ],
          [
            97.4837241,
            4.802914
          ],
          [
            97.4833413,
            4.8030345
          ],
          [
            97.4829515,
            4.802992
          ],
          [
            97.482675,
            4.8030628
          ],
          [
            97.4824837,
            4.8032613
          ],
          [
            97.4823986,
            4.8035306
          ],
          [
            97.4824128,
            4.8039063
          ],
          [
            97.4825545,
            4.8043529
          ],
          [
            97.4827814,
            4.8047498
          ],
          [
            97.4831429,
            4.8053097
          ],
          [
            97.4832563,
            4.8056712
          ],
          [
            97.4833768,
            4.8058732
          ],
          [
            97.4836355,
            4.8059228
          ],
          [
            97.4838339,
            4.8058342
          ],
          [
            97.4840962,
            4.8056251
          ],
          [
            97.4842131,
            4.8054905
          ],
          [
            97.4844435,
            4.8053735
          ],
          [
            97.4850566,
            4.8051432
          ],
          [
            97.4855988,
            4.8050723
          ],
          [
            97.4859781,
            4.8050723
          ],
          [
            97.4864281,
            4.8047923
          ],
          [
            97.4867861,
            4.8043422
          ],
          [
            97.4870164,
            4.8042536
          ],
          [
            97.487229,
            4.8043057
          ],
          [
            97.4874878,
            4.8044592
          ],
          [
            97.4876083,
            4.8047321
          ],
          [
            97.4876473,
            4.8049908
          ],
          [
            97.4875693,
            4.8052176
          ],
          [
            97.4873698,
            4.8053498
          ],
          [
            97.4869526,
            4.8057846
          ],
          [
            97.4866727,
            4.8061319
          ],
          [
            97.4864033,
            4.8065856
          ],
          [
            97.4863466,
            4.8068833
          ],
          [
            97.4863714,
            4.807227
          ],
          [
            97.4863573,
            4.8076169
          ],
          [
            97.4863006,
            4.8078933
          ],
          [
            97.4863006,
            4.8080811
          ],
          [
            97.486375,
            4.8081945
          ],
          [
            97.4865557,
            4.8082902
          ],
          [
            97.4868322,
            4.8085702
          ],
          [
            97.4872681,
            4.8090593
          ],
          [
            97.4873638,
            4.8094349
          ],
          [
            97.4873496,
            4.8096511
          ],
          [
            97.4872255,
            4.8098177
          ],
          [
            97.4866833,
            4.8100481
          ],
          [
            97.4858398,
            4.8102961
          ],
          [
            97.4853437,
            4.8103351
          ],
          [
            97.4849574,
            4.8105123
          ],
          [
            97.4846632,
            4.8108242
          ],
          [
            97.4845392,
            4.8112388
          ],
          [
            97.4845463,
            4.8120185
          ],
          [
            97.4846207,
            4.8123091
          ],
          [
            97.4849822,
            4.812745
          ],
          [
            97.4852622,
            4.8129541
          ],
          [
            97.4857654,
            4.8130923
          ],
          [
            97.486134,
            4.8132873
          ],
          [
            97.486375,
            4.8135283
          ],
          [
            97.4865593,
            4.8139039
          ],
          [
            97.4866939,
            4.8142973
          ],
          [
            97.4866868,
            4.814556
          ],
          [
            97.4865593,
            4.8147793
          ],
          [
            97.4862521,
            4.8150644
          ],
          [
            97.4857867,
            4.815279
          ],
          [
            97.4854783,
            4.815318
          ],
          [
            97.4853543,
            4.8152754
          ],
          [
            97.4852303,
            4.8151549
          ],
          [
            97.4850247,
            4.8150345
          ],
          [
            97.4847802,
            4.8149246
          ],
          [
            97.4843407,
            4.814921
          ],
          [
            97.4839721,
            4.8150167
          ],
          [
            97.4837045,
            4.8151449
          ],
          [
            97.4824837,
            4.8155767
          ],
          [
            97.4820974,
            4.8158212
          ],
          [
            97.481789,
            4.8158744
          ],
          [
            97.4815055,
            4.8158177
          ],
          [
            97.4813248,
            4.815683
          ],
          [
            97.4811759,
            4.8152825
          ],
          [
            97.4809987,
            4.8149919
          ],
          [
            97.4806869,
            4.8148714
          ],
          [
            97.4803396,
            4.8148679
          ],
          [
            97.4799745,
            4.8150026
          ],
          [
            97.4796697,
            4.8152223
          ],
          [
            97.479365,
            4.8153286
          ],
          [
            97.4788546,
            4.8153392
          ],
          [
            97.478401,
            4.8152506
          ],
          [
            97.4779226,
            4.8152152
          ],
          [
            97.4773768,
            4.8150876
          ],
          [
            97.4768983,
            4.8148041
          ],
          [
            97.4765687,
            4.8147155
          ],
          [
            97.4764093,
            4.814797
          ]
        ]
      }
    },
    {
      "type": "Feature",
      "id": "way/1298772139",
      "properties": {
        "id": 1298772139,
        "name": "Krueng Rubek",
        "waterway": "river",
        "source": "OpenStreetMap (ODbL)"
      },
      "geometry": {
        "type": "LineString",
        "coordinates": [
          [
            97.4842734,
            4.8000823
          ],
          [
            97.4841079,
            4.800231
          ],
          [
            97.4840623,
            4.800313
          ],
          [
            97.4840464,
            4.8006023
          ],
          [
            97.4840122,
            4.800862
          ],
          [
            97.4840441,
            4.8010602
          ],
          [
            97.4841056,
            4.8011763
          ],
          [
            97.4841922,
            4.8012447
          ],
          [
            97.4843152,
            4.8012652
          ],
          [
            97.4844108,
            4.8012993
          ],
          [
            97.4844883,
            4.8013927
          ],
          [
            97.4845582,
            4.8015653
          ]
        ]
      }
    },
    {
      "type": "Feature",
      "id": "way/1298772140",
      "properties": {
        "id": 1298772140,
        "name": "Krueng Rubek",
        "waterway": "river",
        "source": "OpenStreetMap (ODbL)"
      },
      "geometry": {
        "type": "LineString",
        "coordinates": [
          [
            97.4764093,
            4.814797
          ],
          [
            97.4761577,
            4.8148489
          ],
          [
            97.4760164,
            4.8149423
          ],
          [
            97.4759526,
            4.8150699
          ],
          [
            97.4759071,
            4.8153637
          ],
          [
            97.4759002,
            4.8155323
          ],
          [
            97.475857,
            4.8157236
          ],
          [
            97.4758661,
            4.8159674
          ],
          [
            97.4759162,
            4.8160972
          ],
          [
            97.4760073,
            4.8161861
          ],
          [
            97.4761235,
            4.816243
          ],
          [
            97.4761554,
            4.8163023
          ],
          [
            97.4761668,
            4.8164253
          ],
          [
            97.4761364,
            4.8165513
          ]
        ]
      }
    },
    {
      "type": "Feature",
      "id": "way/1298772141",
      "properties": {
        "id": 1298772141,
        "name": "Krueng Rubek",
        "waterway": "river",
        "source": "OpenStreetMap (ODbL)"
      },
      "geometry": {
        "type": "LineString",
        "coordinates": [
          [
            97.4764093,
            4.814797
          ],
          [
            97.4764837,
            4.8150912
          ],
          [
            97.476466,
            4.8153853
          ],
          [
            97.4763703,
            4.8156688
          ],
          [
            97.4763632,
            4.816087
          ],
          [
            97.4763915,
            4.8162997
          ],
          [
            97.4763384,
            4.8164662
          ],
          [
            97.4761364,
            4.8165513
          ],
          [
            97.4758174,
            4.8166044
          ],
          [
            97.4755481,
            4.8166292
          ],
          [
            97.4750951,
            4.8166091
          ],
          [
            97.4746833,
            4.8165725
          ],
          [
            97.4741978,
            4.8163493
          ],
          [
            97.4732161,
            4.8161579
          ],
          [
            97.4728227,
            4.8159488
          ],
          [
            97.4723337,
            4.8154845
          ],
          [
            97.4721104,
            4.81524
          ],
          [
            97.4718588,
            4.8150982
          ],
          [
            97.4716178,
            4.8150841
          ],
          [
            97.4713768,
            4.8151372
          ],
          [
            97.4711783,
            4.815318
          ],
          [
            97.4709799,
            4.8156476
          ],
          [
            97.4708452,
            4.8160587
          ],
          [
            97.470753,
            4.816693
          ],
          [
            97.4706255,
            4.8169624
          ],
          [
            97.47059,
            4.8171538
          ],
          [
            97.4705865,
            4.8174727
          ],
          [
            97.4705581,
            4.8176854
          ],
          [
            97.4704483,
            4.8178696
          ],
          [
            97.4702569,
            4.8179264
          ],
          [
            97.4700442,
            4.817859
          ],
          [
            97.4699131,
            4.8176535
          ],
          [
            97.469914,
            4.8173738
          ],
          [
            97.4699946,
            4.8171254
          ],
          [
            97.4699911,
            4.8169057
          ],
          [
            97.4698883,
            4.8166611
          ],
          [
            97.4697076,
            4.8163599
          ],
          [
            97.4696615,
            4.8160799
          ],
          [
            97.4696969,
            4.8148183
          ],
          [
            97.4696473,
            4.8145454
          ],
          [
            97.4695233,
            4.8144639
          ],
          [
            97.4693603,
            4.8144674
          ],
          [
            97.4691985,
            4.8145908
          ],
          [
            97.4691015,
            4.8149919
          ],
          [
            97.4688995,
            4.8153853
          ],
          [
            97.4685664,
            4.8157007
          ],
          [
            97.4682155,
            4.8158531
          ],
          [
            97.4679179,
            4.8159134
          ],
          [
            97.467443,
            4.8158956
          ],
          [
            97.4668086,
            4.8156724
          ],
          [
            97.4664506,
            4.8156547
          ],
          [
            97.465997,
            4.8157255
          ],
          [
            97.4654619,
            4.8159523
          ],
          [
            97.4646857,
            4.8161225
          ],
          [
            97.4643278,
            4.8162571
          ]
        ]
      }
    },
    {
      "type": "Feature",
      "id": "way/1298772142",
      "properties": {
        "id": 1298772142,
        "name": "Krueng Rubek",
        "waterway": "river",
        "source": "OpenStreetMap (ODbL)"
      },
      "geometry": {
        "type": "LineString",
        "coordinates": [
          [
            97.4774547,
            4.7689838
          ],
          [
            97.477352,
            4.7692531
          ],
          [
            97.4773272,
            4.7695296
          ],
          [
            97.4773877,
            4.7697543
          ],
          [
            97.4781175,
            4.7705786
          ],
          [
            97.478766,
            4.7711208
          ],
          [
            97.479007,
            4.7717056
          ],
          [
            97.4790956,
            4.772106
          ],
          [
            97.4790921,
            4.7725384
          ],
          [
            97.4791346,
            4.7728538
          ],
          [
            97.4791381,
            4.7730771
          ],
          [
            97.4790779,
            4.7732189
          ],
          [
            97.4788794,
            4.7733925
          ],
          [
            97.4781281,
            4.773871
          ],
          [
            97.4772279,
            4.7743671
          ],
          [
            97.4765794,
            4.7746329
          ],
          [
            97.4762498,
            4.7748101
          ],
          [
            97.4755335,
            4.775419
          ],
          [
            97.4751866,
            4.775806
          ],
          [
            97.4748464,
            4.7763305
          ],
          [
            97.4745522,
            4.7765679
          ],
          [
            97.4741907,
            4.7766246
          ],
          [
            97.4736875,
            4.7765077
          ],
          [
            97.473124,
            4.7764793
          ],
          [
            97.471873,
            4.7766317
          ],
          [
            97.4700968,
            4.7770743
          ],
          [
            97.4693355,
            4.777461
          ],
          [
            97.4691689,
            4.7776311
          ],
          [
            97.4689421,
            4.7780174
          ],
          [
            97.4687294,
            4.7784569
          ],
          [
            97.4685142,
            4.7787314
          ],
          [
            97.4684353,
            4.7789211
          ],
          [
            97.4684565,
            4.7792259
          ],
          [
            97.4686054,
            4.7794527
          ],
          [
            97.4689066,
            4.7795768
          ],
          [
            97.4694524,
            4.7795626
          ],
          [
            97.4702148,
            4.7797928
          ],
          [
            97.4708308,
            4.7800812
          ],
          [
            97.4716107,
            4.7805443
          ],
          [
            97.472277,
            4.7809837
          ],
          [
            97.4725782,
            4.7813275
          ],
          [
            97.4727341,
            4.7816394
          ],
          [
            97.4729326,
            4.781806
          ],
          [
            97.4734146,
            4.7820434
          ],
          [
            97.4739391,
            4.782373
          ],
          [
            97.4744813,
            4.7827699
          ],
          [
            97.4750767,
            4.783259
          ],
          [
            97.4753921,
            4.7836559
          ],
          [
            97.4756757,
            4.7841521
          ],
          [
            97.4757643,
            4.7845242
          ],
          [
            97.4757324,
            4.7846695
          ],
          [
            97.4755552,
            4.7847227
          ],
          [
            97.4752114,
            4.7846553
          ],
          [
            97.4747436,
            4.7843895
          ],
          [
            97.4741765,
            4.7842088
          ],
          [
            97.4737017,
            4.7839678
          ],
          [
            97.473326,
            4.7838331
          ],
          [
            97.4729822,
            4.7838438
          ],
          [
            97.4727341,
            4.7839642
          ],
          [
            97.4724152,
            4.784425
          ],
          [
            97.4720608,
            4.7848219
          ],
          [
            97.4713378,
            4.7858567
          ],
          [
            97.4710011,
            4.786562
          ],
          [
            97.4706908,
            4.78775
          ],
          [
            97.4706467,
            4.7880398
          ],
          [
            97.4706999,
            4.7882702
          ],
          [
            97.4708563,
            4.7883629
          ],
          [
            97.4711404,
            4.7883132
          ],
          [
            97.4715728,
            4.7880293
          ],
          [
            97.4720643,
            4.7876252
          ],
          [
            97.4722876,
            4.7873594
          ],
          [
            97.472479,
            4.7871645
          ],
          [
            97.4727022,
            4.7870794
          ],
          [
            97.472961,
            4.7870865
          ],
          [
            97.4732055,
            4.7871645
          ],
          [
            97.473942,
            4.78769
          ],
          [
            97.4743006,
            4.7878485
          ],
          [
            97.4746231,
            4.7881568
          ],
          [
            97.4749385,
            4.7883623
          ],
          [
            97.4760655,
            4.7885537
          ],
          [
            97.4764447,
            4.7886565
          ],
          [
            97.4769338,
            4.7888762
          ],
          [
            97.4773803,
            4.788979
          ],
          [
            97.4778162,
            4.7889294
          ],
          [
            97.4786065,
            4.7886317
          ],
          [
            97.4797654,
            4.7881497
          ],
          [
            97.4810023,
            4.7875862
          ],
          [
            97.4818918,
            4.7872673
          ],
          [
            97.4822817,
            4.787005
          ],
          [
            97.4828416,
            4.7869164
          ],
          [
            97.4831783,
            4.7869199
          ],
          [
            97.483398,
            4.787044
          ],
          [
            97.4835788,
            4.7872885
          ],
          [
            97.4836496,
            4.7876004
          ],
          [
            97.4838091,
            4.7881816
          ],
          [
            97.4839367,
            4.7891846
          ],
          [
            97.4841139,
            4.7896098
          ],
          [
            97.4841848,
            4.7898189
          ],
          [
            97.4841812,
            4.790145
          ],
          [
            97.484043,
            4.7905738
          ],
          [
            97.4838481,
            4.7910097
          ],
          [
            97.4836922,
            4.7915661
          ],
          [
            97.4832137,
            4.7925584
          ],
          [
            97.4828664,
            4.7932318
          ],
          [
            97.481743,
            4.79466
          ],
          [
            97.4811582,
            4.7955496
          ],
          [
            97.480779,
            4.7960067
          ],
          [
            97.4805876,
            4.7963505
          ],
          [
            97.4804317,
            4.7965525
          ],
          [
            97.4801269,
            4.7967864
          ],
          [
            97.4799426,
            4.797116
          ],
          [
            97.4798505,
            4.7975236
          ],
          [
            97.4798115,
            4.7978106
          ],
          [
            97.4798434,
            4.7980871
          ],
          [
            97.4799603,
            4.7983068
          ],
          [
            97.4801269,
            4.798367
          ],
          [
            97.4804104,
            4.79836
          ],
          [
            97.4808251,
            4.7982253
          ],
          [
            97.4823703,
            4.7980516
          ],
          [
            97.4837576,
            4.7979332
          ],
          [
            97.4853109,
            4.7979605
          ],
          [
            97.4855138,
            4.7980339
          ],
          [
            97.4856555,
            4.7981615
          ]
        ]
      }
    },
    {
      "type": "Feature",
      "id": "way/1298772143",
      "properties": {
        "id": 1298772143,
        "name": "Krueng Rubek",
        "waterway": "river",
        "source": "OpenStreetMap (ODbL)"
      },
      "geometry": {
        "type": "LineString",
        "coordinates": [
          [
            97.4882923,
            4.7570618
          ],
          [
            97.4878483,
            4.7575686
          ],
          [
            97.4875112,
            4.7577918
          ],
          [
            97.4871649,
            4.7578829
          ],
          [
            97.4867595,
            4.7580652
          ],
          [
            97.4866319,
            4.7581654
          ],
          [
            97.4864114,
            4.7581602
          ]
        ]
      }
    },
    {
      "type": "Feature",
      "id": "way/1306101707",
      "properties": {
        "id": 1306101707,
        "name": "Krueng Bidin",
        "waterway": "river",
        "source": "OpenStreetMap (ODbL)"
      },
      "geometry": {
        "type": "LineString",
        "coordinates": [
          [
            97.2188819,
            4.7638818
          ],
          [
            97.2185659,
            4.7643479
          ],
          [
            97.2183198,
            4.7645848
          ],
          [
            97.2181057,
            4.7649265
          ],
          [
            97.2179715,
            4.7655758
          ],
          [
            97.2178825,
            4.7658696
          ],
          [
            97.217764,
            4.7661703
          ],
          [
            97.2177822,
            4.7664437
          ],
          [
            97.2178369,
            4.7666304
          ],
          [
            97.2180237,
            4.7668628
          ],
          [
            97.2182515,
            4.767045
          ],
          [
            97.2185932,
            4.7671817
          ],
          [
            97.2195102,
            4.7675727
          ],
          [
            97.2201382,
            4.7676709
          ],
          [
            97.221401,
            4.7677369
          ],
          [
            97.2223855,
            4.7673777
          ],
          [
            97.2231693,
            4.7671903
          ],
          [
            97.2239068,
            4.7670523
          ],
          [
            97.2242424,
            4.7670257
          ],
          [
            97.2245276,
            4.7670457
          ],
          [
            97.224685,
            4.7670911
          ],
          [
            97.2248218,
            4.7671727
          ],
          [
            97.2251022,
            4.767444
          ],
          [
            97.2253442,
            4.7678342
          ],
          [
            97.2254599,
            4.7681072
          ],
          [
            97.2256366,
            4.7689981
          ],
          [
            97.2259648,
            4.7699472
          ],
          [
            97.2259557,
            4.7705076
          ],
          [
            97.2261516,
            4.7710771
          ],
          [
            97.2265161,
            4.7715054
          ],
          [
            97.2268897,
            4.771642
          ],
          [
            97.2274409,
            4.7717332
          ],
          [
            97.2281681,
            4.7715421
          ],
          [
            97.2287166,
            4.7713368
          ],
          [
            97.2291084,
            4.7712502
          ],
          [
            97.2295549,
            4.771027
          ],
          [
            97.2302757,
            4.7706111
          ],
          [
            97.2305162,
            4.7705668
          ],
          [
            97.2309855,
            4.7705395
          ],
          [
            97.231309,
            4.7705395
          ],
          [
            97.2321382,
            4.7705668
          ],
          [
            97.2325801,
            4.7706625
          ],
          [
            97.2330084,
            4.770699
          ],
          [
            97.2333546,
            4.7706762
          ],
          [
            97.2336326,
            4.7705623
          ],
          [
            97.2341018,
            4.770134
          ],
          [
            97.2345392,
            4.7698151
          ],
          [
            97.2356376,
            4.7692691
          ],
          [
            97.2361885,
            4.7691044
          ],
          [
            97.2366766,
            4.769025
          ],
          [
            97.2375107,
            4.7688543
          ],
          [
            97.2381658,
            4.7685531
          ],
          [
            97.2388902,
            4.7680519
          ],
          [
            97.2393205,
            4.767626
          ],
          [
            97.2395554,
            4.7671817
          ],
          [
            97.2399016,
            4.7669813
          ],
          [
            97.2401249,
            4.7667671
          ],
          [
            97.2402433,
            4.7664026
          ],
          [
            97.2404802,
            4.7659789
          ],
          [
            97.2406488,
            4.7657101
          ],
          [
            97.2409874,
            4.7652997
          ],
          [
            97.241724,
            4.7647397
          ],
          [
            97.2428676,
            4.7642158
          ],
          [
            97.2436056,
            4.7640062
          ],
          [
            97.2442845,
            4.7637602
          ],
          [
            97.2452002,
            4.7633046
          ],
          [
            97.2456103,
            4.7630312
          ],
          [
            97.2459517,
            4.7626818
          ],
          [
            97.2462208,
            4.7622704
          ],
          [
            97.2464759,
            4.7617601
          ],
          [
            97.2467584,
            4.7612635
          ],
          [
            97.2469908,
            4.7609172
          ],
          [
            97.2471138,
            4.7606029
          ],
          [
            97.2474327,
            4.7600835
          ],
          [
            97.2476423,
            4.7596051
          ],
          [
            97.2477106,
            4.7590766
          ],
          [
            97.2477106,
            4.7586073
          ],
          [
            97.2476126,
            4.7581905
          ],
          [
            97.2474281,
            4.7578601
          ],
          [
            97.2473142,
            4.7575412
          ],
          [
            97.2473416,
            4.7570674
          ],
          [
            97.2478199,
            4.754999
          ],
          [
            97.2480204,
            4.7539374
          ],
          [
            97.2481799,
            4.7534636
          ],
          [
            97.2495376,
            4.7506936
          ],
          [
            97.2501071,
            4.7498279
          ],
          [
            97.2507403,
            4.748903
          ],
          [
            97.2512278,
            4.7478779
          ],
          [
            97.2521208,
            4.7459143
          ],
          [
            97.2523623,
            4.7454724
          ],
          [
            97.2526037,
            4.7451626
          ],
          [
            97.2528543,
            4.7449667
          ],
          [
            97.2531049,
            4.7449074
          ],
          [
            97.2533737,
            4.7449165
          ],
          [
            97.25372,
            4.7450304
          ],
          [
            97.2543214,
            4.7454496
          ],
          [
            97.2546858,
            4.7456182
          ],
          [
            97.2549501,
            4.7456956
          ],
          [
            97.255269,
            4.7456774
          ],
          [
            97.2554057,
            4.7456546
          ],
          [
            97.2555922,
            4.7454607
          ],
          [
            97.2556726,
            4.7453327
          ],
          [
            97.2556836,
            4.745117
          ],
          [
            97.2556426,
            4.7448254
          ],
          [
            97.2556016,
            4.7446432
          ],
          [
            97.2554194,
            4.7444746
          ],
          [
            97.2551551,
            4.7443106
          ],
          [
            97.2547132,
            4.7439279
          ],
          [
            97.2540173,
            4.7434369
          ],
          [
            97.2533464,
            4.7428755
          ]
        ]
      }
    },
    {
      "type": "Feature",
      "id": "way/1306101709",
      "properties": {
        "id": 1306101709,
        "name": "Krueng Bidin",
        "waterway": "river",
        "source": "OpenStreetMap (ODbL)"
      },
      "geometry": {
        "type": "LineString",
        "coordinates": [
          [
            97.1747354,
            4.7503946
          ],
          [
            97.1750387,
            4.7502653
          ],
          [
            97.175862,
            4.7500583
          ],
          [
            97.17596,
            4.7499962
          ],
          [
            97.1759948,
            4.7499317
          ],
          [
            97.1759986,
            4.749328
          ],
          [
            97.176037,
            4.7490674
          ],
          [
            97.1762024,
            4.7488506
          ],
          [
            97.1770488,
            4.748403
          ],
          [
            97.177978,
            4.7477845
          ],
          [
            97.1784821,
            4.7472538
          ],
          [
            97.1789286,
            4.7470898
          ],
          [
            97.1799919,
            4.7470326
          ],
          [
            97.1810472,
            4.7464929
          ],
          [
            97.181398,
            4.7463972
          ],
          [
            97.1819083,
            4.7463608
          ],
          [
            97.182701,
            4.7465658
          ],
          [
            97.1829607,
            4.7467207
          ],
          [
            97.1833586,
            4.7472792
          ],
          [
            97.1837899,
            4.7483062
          ],
          [
            97.1838537,
            4.7486862
          ],
          [
            97.1840633,
            4.74914
          ],
          [
            97.1841544,
            4.7494042
          ],
          [
            97.1841225,
            4.7497231
          ],
          [
            97.1836348,
            4.7507075
          ],
          [
            97.1835295,
            4.7511652
          ],
          [
            97.1834899,
            4.7515345
          ],
          [
            97.1834975,
            4.7525893
          ],
          [
            97.1835506,
            4.7529212
          ],
          [
            97.1837549,
            4.7535098
          ],
          [
            97.1838091,
            4.7538386
          ],
          [
            97.1840086,
            4.7549215
          ],
          [
            97.183966,
            4.7558015
          ],
          [
            97.1839292,
            4.7561257
          ],
          [
            97.1839688,
            4.7563637
          ],
          [
            97.1840732,
            4.7565144
          ],
          [
            97.1841829,
            4.7565973
          ],
          [
            97.1843909,
            4.7566337
          ],
          [
            97.1845504,
            4.7565804
          ],
          [
            97.1846726,
            4.7564683
          ],
          [
            97.1848755,
            4.7562444
          ],
          [
            97.1850871,
            4.7559415
          ],
          [
            97.1852011,
            4.7558208
          ],
          [
            97.1854369,
            4.7556492
          ],
          [
            97.1859114,
            4.7551184
          ],
          [
            97.1863059,
            4.7547307
          ],
          [
            97.1864065,
            4.7545912
          ],
          [
            97.1865033,
            4.7544276
          ],
          [
            97.1867137,
            4.753889
          ],
          [
            97.1869535,
            4.7534004
          ],
          [
            97.1872168,
            4.7527161
          ],
          [
            97.1873062,
            4.7525452
          ],
          [
            97.1876417,
            4.7520986
          ],
          [
            97.1878036,
            4.7518211
          ],
          [
            97.1879196,
            4.7514641
          ],
          [
            97.1880279,
            4.7509653
          ],
          [
            97.1882133,
            4.7506462
          ],
          [
            97.1884384,
            4.7503813
          ],
          [
            97.1891751,
            4.7496457
          ],
          [
            97.1894439,
            4.7493404
          ],
          [
            97.1899451,
            4.7492766
          ],
          [
            97.1907241,
            4.7491308
          ],
          [
            97.1914394,
            4.7490762
          ],
          [
            97.1919178,
            4.749099
          ],
          [
            97.192141,
            4.7492037
          ],
          [
            97.1924007,
            4.7494589
          ],
          [
            97.1924463,
            4.7497915
          ],
          [
            97.192501,
            4.750484
          ],
          [
            97.1926513,
            4.7509122
          ],
          [
            97.1928654,
            4.7513086
          ],
          [
            97.1932937,
            4.7516458
          ],
          [
            97.193845,
            4.7522699
          ],
          [
            97.194255,
            4.7528303
          ],
          [
            97.1944008,
            4.753172
          ],
          [
            97.1943644,
            4.7535274
          ],
          [
            97.1941776,
            4.7538144
          ],
          [
            97.1941548,
            4.754147
          ],
          [
            97.194337,
            4.7544978
          ],
          [
            97.1944464,
            4.7549443
          ],
          [
            97.1946742,
            4.7569489
          ],
          [
            97.1947106,
            4.7574592
          ],
          [
            97.1948382,
            4.757933
          ],
          [
            97.1948109,
            4.7584615
          ],
          [
            97.1948838,
            4.7595094
          ]
        ]
      }
    },
    {
      "type": "Feature",
      "id": "way/1306101716",
      "properties": {
        "id": 1306101716,
        "name": "Krueng Bidin",
        "waterway": "river",
        "source": "OpenStreetMap (ODbL)"
      },
      "geometry": {
        "type": "LineString",
        "coordinates": [
          [
            97.1359383,
            4.7192944
          ],
          [
            97.1361569,
            4.7198369
          ],
          [
            97.1362439,
            4.7202366
          ],
          [
            97.1363438,
            4.7204737
          ],
          [
            97.1364676,
            4.7206773
          ],
          [
            97.1365874,
            4.7207813
          ],
          [
            97.1367927,
            4.7208099
          ],
          [
            97.13698,
            4.7207795
          ],
          [
            97.1372079,
            4.7206834
          ],
          [
            97.1383578,
            4.7200951
          ],
          [
            97.1395434,
            4.7191719
          ],
          [
            97.139951,
            4.7187834
          ],
          [
            97.140917,
            4.7179661
          ],
          [
            97.1419301,
            4.7173073
          ],
          [
            97.1422788,
            4.7170097
          ],
          [
            97.1426679,
            4.7167276
          ],
          [
            97.14297,
            4.7165869
          ],
          [
            97.1433235,
            4.7165479
          ],
          [
            97.1436559,
            4.7165579
          ],
          [
            97.1438668,
            4.7165935
          ],
          [
            97.1441067,
            4.7167076
          ],
          [
            97.1443158,
            4.7168876
          ],
          [
            97.1445219,
            4.7171264
          ],
          [
            97.144647,
            4.7173832
          ],
          [
            97.1447245,
            4.7176357
          ],
          [
            97.1447182,
            4.7178964
          ],
          [
            97.1446219,
            4.7184076
          ],
          [
            97.1446414,
            4.7189459
          ],
          [
            97.1447063,
            4.7192207
          ],
          [
            97.1448663,
            4.7194875
          ],
          [
            97.1449944,
            4.719628
          ],
          [
            97.1450315,
            4.7198803
          ],
          [
            97.1450074,
            4.7205418
          ],
          [
            97.1449018,
            4.7208246
          ],
          [
            97.1447658,
            4.7210204
          ],
          [
            97.1440112,
            4.7216631
          ],
          [
            97.1438608,
            4.7219809
          ],
          [
            97.1438313,
            4.7225862
          ],
          [
            97.1438838,
            4.7228162
          ],
          [
            97.1439727,
            4.7229818
          ],
          [
            97.1444893,
            4.7236265
          ],
          [
            97.1445754,
            4.7238019
          ],
          [
            97.1446349,
            4.7240263
          ],
          [
            97.1446516,
            4.7245716
          ],
          [
            97.1447487,
            4.7248423
          ],
          [
            97.1448615,
            4.7249575
          ],
          [
            97.1450499,
            4.7250183
          ],
          [
            97.1451645,
            4.7250158
          ],
          [
            97.145342,
            4.7249644
          ],
          [
            97.1460725,
            4.7245081
          ],
          [
            97.1462685,
            4.7243194
          ],
          [
            97.1465166,
            4.7240202
          ],
          [
            97.1467439,
            4.7236199
          ],
          [
            97.1476095,
            4.7222614
          ],
          [
            97.1476843,
            4.7219687
          ],
          [
            97.1476808,
            4.7216855
          ],
          [
            97.1475093,
            4.721067
          ],
          [
            97.1474542,
            4.7207501
          ],
          [
            97.1474494,
            4.720453
          ],
          [
            97.147534,
            4.7201631
          ],
          [
            97.1476435,
            4.7199574
          ],
          [
            97.147848,
            4.7197365
          ],
          [
            97.1490448,
            4.7188287
          ],
          [
            97.1493204,
            4.7186725
          ],
          [
            97.1496392,
            4.7185892
          ],
          [
            97.1503948,
            4.7186403
          ],
          [
            97.1507814,
            4.7187731
          ],
          [
            97.1511427,
            4.7189534
          ],
          [
            97.1521731,
            4.7196695
          ],
          [
            97.1525163,
            4.7198597
          ],
          [
            97.1542373,
            4.72038
          ],
          [
            97.1547539,
            4.7204697
          ],
          [
            97.1556186,
            4.7205014
          ],
          [
            97.1560039,
            4.7205753
          ],
          [
            97.1578184,
            4.7211505
          ],
          [
            97.1586892,
            4.7215074
          ],
          [
            97.1590728,
            4.7217089
          ],
          [
            97.1602136,
            4.7224225
          ],
          [
            97.1608323,
            4.7230057
          ],
          [
            97.1612031,
            4.7233081
          ],
          [
            97.1615291,
            4.7236607
          ],
          [
            97.1617953,
            4.7239929
          ],
          [
            97.1621109,
            4.7244653
          ],
          [
            97.1623207,
            4.7248849
          ],
          [
            97.1624076,
            4.7253796
          ],
          [
            97.1624044,
            4.7259783
          ],
          [
            97.1623128,
            4.7262948
          ],
          [
            97.1618689,
            4.7272103
          ],
          [
            97.1616127,
            4.727958
          ],
          [
            97.1615546,
            4.7282844
          ],
          [
            97.1615474,
            4.7289038
          ],
          [
            97.16165,
            4.7291858
          ],
          [
            97.1620642,
            4.7299956
          ],
          [
            97.1620589,
            4.7304006
          ],
          [
            97.1619887,
            4.7305392
          ],
          [
            97.1617563,
            4.7307362
          ],
          [
            97.1610835,
            4.7310567
          ],
          [
            97.1608287,
            4.7312481
          ],
          [
            97.160655,
            4.731455
          ],
          [
            97.160537,
            4.7316776
          ],
          [
            97.1604202,
            4.7320262
          ],
          [
            97.160129,
            4.7333261
          ],
          [
            97.1601251,
            4.7337241
          ],
          [
            97.1601623,
            4.733912
          ],
          [
            97.1602373,
            4.7341056
          ],
          [
            97.1605349,
            4.7345871
          ],
          [
            97.1607166,
            4.7351076
          ],
          [
            97.160777,
            4.7354791
          ],
          [
            97.1608367,
            4.7356531
          ],
          [
            97.1609312,
            4.7358187
          ],
          [
            97.1610593,
            4.7359648
          ],
          [
            97.1613633,
            4.7361828
          ],
          [
            97.1618033,
            4.7362219
          ],
          [
            97.1619849,
            4.7361971
          ],
          [
            97.1625246,
            4.7360135
          ],
          [
            97.162796,
            4.7358867
          ],
          [
            97.1634354,
            4.7355058
          ],
          [
            97.1637527,
            4.7354282
          ],
          [
            97.164306,
            4.7353946
          ],
          [
            97.1646229,
            4.7354655
          ],
          [
            97.164916,
            4.7355994
          ],
          [
            97.1651627,
            4.7357837
          ],
          [
            97.1653186,
            4.7360224
          ],
          [
            97.1654686,
            4.7363493
          ],
          [
            97.1655797,
            4.7371275
          ],
          [
            97.1655923,
            4.7381702
          ],
          [
            97.1657239,
            4.7385784
          ],
          [
            97.1658879,
            4.7389306
          ],
          [
            97.1661146,
            4.7393012
          ],
          [
            97.1664853,
            4.7401558
          ],
          [
            97.1668023,
            4.7418006
          ],
          [
            97.1669406,
            4.7423419
          ],
          [
            97.1673601,
            4.7432498
          ],
          [
            97.1677444,
            4.7442628
          ],
          [
            97.1679888,
            4.7447918
          ],
          [
            97.1682338,
            4.745133
          ],
          [
            97.169968,
            4.7465307
          ],
          [
            97.1705383,
            4.7469163
          ],
          [
            97.170983,
            4.7473267
          ],
          [
            97.1712108,
            4.7477367
          ],
          [
            97.1715115,
            4.7486479
          ],
          [
            97.17204,
            4.7495136
          ],
          [
            97.1723589,
            4.7499054
          ],
          [
            97.1725593,
            4.7500603
          ],
          [
            97.1729425,
            4.7501414
          ],
          [
            97.1737495,
            4.7502081
          ],
          [
            97.1740477,
            4.7502757
          ],
          [
            97.1744732,
            4.7504301
          ],
          [
            97.1747354,
            4.7503946
          ]
        ]
      }
    },
    {
      "type": "Feature",
      "id": "way/1306101724",
      "properties": {
        "id": 1306101724,
        "name": "Krueng Bidin",
        "waterway": "river",
        "source": "OpenStreetMap (ODbL)"
      },
      "geometry": {
        "type": "LineString",
        "coordinates": [
          [
            97.2107894,
            4.7674184
          ],
          [
            97.2109358,
            4.7672697
          ],
          [
            97.2112023,
            4.7671566
          ],
          [
            97.2114046,
            4.7671329
          ],
          [
            97.2117435,
            4.7670654
          ],
          [
            97.2119725,
            4.7670001
          ]
        ]
      }
    },
    {
      "type": "Feature",
      "id": "way/1306101725",
      "properties": {
        "id": 1306101725,
        "name": "Krueng Bidin",
        "waterway": "river",
        "source": "OpenStreetMap (ODbL)"
      },
      "geometry": {
        "type": "LineString",
        "coordinates": [
          [
            97.2188819,
            4.7638818
          ],
          [
            97.2189805,
            4.7642249
          ],
          [
            97.2190898,
            4.7645529
          ],
          [
            97.2191445,
            4.7650358
          ],
          [
            97.2190761,
            4.7654778
          ],
          [
            97.2188984,
            4.7661794
          ],
          [
            97.2186342,
            4.7666988
          ],
          [
            97.2185841,
            4.7669357
          ],
          [
            97.2185932,
            4.7671817
          ]
        ]
      }
    },
    {
      "type": "Feature",
      "id": "way/1306101728",
      "properties": {
        "id": 1306101728,
        "name": "Krueng Bidin",
        "waterway": "river",
        "source": "OpenStreetMap (ODbL)"
      },
      "geometry": {
        "type": "LineString",
        "coordinates": [
          [
            97.2120951,
            4.7657669
          ],
          [
            97.2120377,
            4.7656747
          ],
          [
            97.2119804,
            4.7655825
          ],
          [
            97.2119459,
            4.7654076
          ],
          [
            97.2119505,
            4.765243
          ],
          [
            97.2120188,
            4.7649922
          ],
          [
            97.2121614,
            4.764642
          ],
          [
            97.2122417,
            4.7645394
          ],
          [
            97.2123131,
            4.7644802
          ]
        ]
      }
    },
    {
      "type": "Feature",
      "id": "way/1306101729",
      "properties": {
        "id": 1306101729,
        "name": "Krueng Bidin",
        "waterway": "river",
        "source": "OpenStreetMap (ODbL)"
      },
      "geometry": {
        "type": "LineString",
        "coordinates": [
          [
            97.2135106,
            4.7629217
          ],
          [
            97.2137848,
            4.7627634
          ],
          [
            97.21412,
            4.7627667
          ],
          [
            97.2146547,
            4.7628469
          ],
          [
            97.2152306,
            4.762724
          ],
          [
            97.2160619,
            4.762678
          ],
          [
            97.2163588,
            4.7626446
          ]
        ]
      }
    },
    {
      "type": "Feature",
      "id": "way/1336847766",
      "properties": {
        "id": 1336847766,
        "name": "Sungai Tanpa Nama",
        "waterway": "river",
        "source": "OpenStreetMap (ODbL)"
      },
      "geometry": {
        "type": "LineString",
        "coordinates": [
          [
            97.1494871,
            4.9334299
          ],
          [
            97.1496668,
            4.9334219
          ],
          [
            97.1497902,
            4.9333979
          ],
          [
            97.1498787,
            4.9333525
          ],
          [
            97.1499753,
            4.9333044
          ],
          [
            97.1500504,
            4.933307
          ],
          [
            97.1501175,
            4.9333364
          ],
          [
            97.1512804,
            4.9342605
          ]
        ]
      }
    },
    {
      "type": "Feature",
      "id": "way/1336847767",
      "properties": {
        "id": 1336847767,
        "name": "Sungai Tanpa Nama",
        "waterway": "river",
        "source": "OpenStreetMap (ODbL)"
      },
      "geometry": {
        "type": "LineString",
        "coordinates": [
          [
            97.1494871,
            4.9334299
          ],
          [
            97.1495864,
            4.9334887
          ],
          [
            97.1496615,
            4.933633
          ],
          [
            97.1497688,
            4.9337827
          ],
          [
            97.1500289,
            4.9339831
          ]
        ]
      }
    },
    {
      "type": "Feature",
      "id": "way/1336847778",
      "properties": {
        "id": 1336847778,
        "name": "Krueng Keureutu",
        "waterway": "river",
        "source": "OpenStreetMap (ODbL)"
      },
      "geometry": {
        "type": "LineString",
        "coordinates": [
          [
            97.1528494,
            4.9360812
          ],
          [
            97.1550289,
            4.9377866
          ],
          [
            97.1553525,
            4.9381383
          ],
          [
            97.1559476,
            4.9390204
          ],
          [
            97.1562517,
            4.939162
          ],
          [
            97.156423,
            4.9395373
          ]
        ]
      }
    },
    {
      "type": "Feature",
      "id": "way/1462510235",
      "properties": {
        "id": 1462510235,
        "name": "Krueng Pase",
        "waterway": "river",
        "source": "OpenStreetMap (ODbL)"
      },
      "geometry": {
        "type": "LineString",
        "coordinates": [
          [
            97.0433812,
            4.9747639
          ],
          [
            97.0445472,
            4.9760235
          ],
          [
            97.0447179,
            4.9761723
          ],
          [
            97.0448566,
            4.9763318
          ],
          [
            97.045038,
            4.97647
          ],
          [
            97.0462118,
            4.9770759
          ],
          [
            97.0464252,
            4.9771397
          ],
          [
            97.0466279,
            4.977246
          ],
          [
            97.0468307,
            4.9773204
          ],
          [
            97.0475563,
            4.9773204
          ],
          [
            97.0478017,
            4.9772991
          ],
          [
            97.0479831,
            4.9771822
          ],
          [
            97.0481752,
            4.9770971
          ],
          [
            97.0483352,
            4.9769483
          ],
          [
            97.0486233,
            4.9765763
          ],
          [
            97.0489221,
            4.9762467
          ],
          [
            97.0490928,
            4.9761085
          ],
          [
            97.0492849,
            4.9760235
          ],
          [
            97.0499038,
            4.9758428
          ],
          [
            97.050576,
            4.9757577
          ],
          [
            97.0514083,
            4.975779
          ],
          [
            97.0516324,
            4.9757577
          ],
          [
            97.0518352,
            4.9757683
          ],
          [
            97.0524647,
            4.9758534
          ],
          [
            97.0528809,
            4.9759597
          ],
          [
            97.053105,
            4.9760341
          ],
          [
            97.0532757,
            4.9761617
          ],
          [
            97.0533824,
            4.9763636
          ],
          [
            97.0534678,
            4.9765763
          ],
          [
            97.0535104,
            4.9767889
          ],
          [
            97.0534998,
            4.9770334
          ],
          [
            97.0534144,
            4.9774798
          ],
          [
            97.0534144,
            4.9776924
          ],
          [
            97.0534571,
            4.9779263
          ],
          [
            97.0535531,
            4.9783621
          ],
          [
            97.0536492,
            4.9785748
          ],
          [
            97.0539052,
            4.9789468
          ],
          [
            97.0546202,
            4.9791913
          ],
          [
            97.0548549,
            4.9792445
          ],
          [
            97.0555592,
            4.979287
          ],
          [
            97.0557833,
            4.9792445
          ],
          [
            97.0559753,
            4.9791594
          ],
          [
            97.0572024,
            4.977618
          ],
          [
            97.0575652,
            4.9773842
          ],
          [
            97.057928,
            4.9772141
          ],
          [
            97.0583762,
            4.977129
          ],
          [
            97.058803,
            4.9771078
          ],
          [
            97.0592298,
            4.977129
          ],
          [
            97.0601048,
            4.9772566
          ],
          [
            97.060553,
            4.9772991
          ],
          [
            97.0609798,
            4.9773204
          ],
          [
            97.0613853,
            4.9772991
          ],
          [
            97.0617908,
            4.9771928
          ],
          [
            97.0627405,
            4.976842
          ],
          [
            97.0630819,
            4.9765444
          ],
          [
            97.063242,
            4.9763849
          ],
          [
            97.0633914,
            4.9762042
          ],
          [
            97.0634767,
            4.9759703
          ],
          [
            97.0637115,
            4.975577
          ],
          [
            97.0638502,
            4.9754175
          ],
          [
            97.0640423,
            4.9752581
          ],
          [
            97.0642557,
            4.9751837
          ],
          [
            97.0644157,
            4.9750349
          ],
          [
            97.0645865,
            4.9749073
          ],
          [
            97.0647785,
            4.9748116
          ],
          [
            97.0657922,
            4.9747053
          ],
          [
            97.0660163,
            4.9746947
          ],
          [
            97.0665072,
            4.9747904
          ],
          [
            97.0671687,
            4.9749923
          ],
          [
            97.0673501,
            4.975088
          ],
          [
            97.0675315,
            4.9752262
          ],
          [
            97.067937,
            4.9754494
          ],
          [
            97.0683532,
            4.9756195
          ],
          [
            97.0685559,
            4.9756408
          ],
          [
            97.0693028,
            4.975662
          ],
          [
            97.0699324,
            4.9757683
          ],
          [
            97.0701245,
            4.9758534
          ],
          [
            97.0702952,
            4.975981
          ],
          [
            97.0704979,
            4.9760979
          ],
          [
            97.0709248,
            4.9764593
          ],
          [
            97.0711488,
            4.9765444
          ],
          [
            97.0716183,
            4.9766932
          ],
          [
            97.0720345,
            4.9768101
          ],
          [
            97.0726854,
            4.9769058
          ],
          [
            97.0729202,
            4.9769164
          ],
          [
            97.0731442,
            4.9769164
          ],
          [
            97.0733576,
            4.9768952
          ],
          [
            97.0743607,
            4.976555
          ],
          [
            97.0746381,
            4.9762574
          ],
          [
            97.0749582,
            4.9759597
          ],
          [
            97.0762814,
            4.9757046
          ],
          [
            97.0767509,
            4.9756621
          ],
          [
            97.077199,
            4.9756408
          ],
          [
            97.0776685,
            4.9756408
          ],
          [
            97.078138,
            4.9756833
          ],
          [
            97.0785862,
            4.9757471
          ],
          [
            97.079013,
            4.9758534
          ],
          [
            97.0794612,
            4.9758747
          ],
          [
            97.0799094,
            4.9758534
          ],
          [
            97.0814673,
            4.975492
          ],
          [
            97.0819794,
            4.9755983
          ],
          [
            97.0824489,
            4.9757471
          ],
          [
            97.0828117,
            4.9759597
          ],
          [
            97.0831105,
            4.9763424
          ],
          [
            97.0833453,
            4.9767676
          ],
          [
            97.083516,
            4.9771716
          ],
          [
            97.0838361,
            4.9775755
          ],
          [
            97.0841989,
            4.9779157
          ],
          [
            97.0846044,
            4.9782559
          ],
          [
            97.0849672,
            4.978511
          ],
          [
            97.08533,
            4.9788086
          ],
          [
            97.0857141,
            4.9790638
          ],
          [
            97.0861196,
            4.9792976
          ],
          [
            97.0865251,
            4.979489
          ],
          [
            97.0869946,
            4.9796165
          ],
          [
            97.0890433,
            4.9800843
          ],
          [
            97.0894702,
            4.9802118
          ],
          [
            97.0899183,
            4.9802756
          ],
          [
            97.0903665,
            4.9802756
          ],
          [
            97.090772,
            4.9801906
          ],
          [
            97.0919884,
            4.9792764
          ],
          [
            97.0928634,
            4.9790425
          ],
          [
            97.0932689,
            4.9788299
          ],
          [
            97.093653,
            4.9786811
          ],
          [
            97.0940585,
            4.9784685
          ],
          [
            97.0944853,
            4.9782984
          ],
          [
            97.0953176,
            4.9780645
          ],
          [
            97.0965767,
            4.9777456
          ],
          [
            97.0984121,
            4.9777456
          ],
          [
            97.0988602,
            4.9776606
          ],
          [
            97.0993084,
            4.9776606
          ],
          [
            97.0997566,
            4.9776393
          ],
          [
            97.1001834,
            4.9775755
          ],
          [
            97.1006315,
            4.9774267
          ],
          [
            97.101037,
            4.9772141
          ],
          [
            97.1014639,
            4.9770865
          ],
          [
            97.1020289,
            4.9765428
          ],
          [
            97.1025339,
            4.9765084
          ],
          [
            97.1035065,
            4.9767048
          ],
          [
            97.1044303,
            4.9765125
          ],
          [
            97.1048998,
            4.9764912
          ],
          [
            97.1053266,
            4.9764912
          ],
          [
            97.1064251,
            4.9760589
          ],
          [
            97.1073632,
            4.9758787
          ],
          [
            97.1086862,
            4.9757977
          ],
          [
            97.1093733,
            4.9757633
          ],
          [
            97.1100064,
            4.9759384
          ],
          [
            97.1104484,
            4.9762574
          ],
          [
            97.1108539,
            4.9763849
          ],
          [
            97.1112381,
            4.9765763
          ],
          [
            97.1116436,
            4.9766826
          ],
          [
            97.112049,
            4.9767251
          ],
          [
            97.1124972,
            4.9767251
          ],
          [
            97.1129667,
            4.9767464
          ],
          [
            97.1133935,
            4.9768314
          ],
          [
            97.113671,
            4.9772141
          ],
          [
            97.1142898,
            4.9778732
          ],
          [
            97.1148874,
            4.978596
          ],
          [
            97.1153142,
            4.9794039
          ],
          [
            97.1155063,
            4.9798291
          ],
          [
            97.1157197,
            4.9802331
          ],
          [
            97.1159758,
            4.9806158
          ],
          [
            97.1162746,
            4.9809134
          ],
          [
            97.116552,
            4.9812323
          ],
          [
            97.1181739,
            4.9821253
          ],
          [
            97.1186007,
            4.9821465
          ],
          [
            97.1190276,
            4.9822316
          ],
          [
            97.1194544,
            4.9823379
          ],
          [
            97.1202867,
            4.982678
          ],
          [
            97.1210336,
            4.9832733
          ],
          [
            97.1213537,
            4.983571
          ],
          [
            97.1215031,
            4.9839962
          ],
          [
            97.1215245,
            4.9844639
          ],
          [
            97.1215245,
            4.9853569
          ],
          [
            97.1216098,
            4.9857821
          ],
          [
            97.1217592,
            4.986271
          ],
          [
            97.1219086,
            4.9866963
          ],
          [
            97.122122,
            4.9870789
          ],
          [
            97.1223781,
            4.9874616
          ],
          [
            97.1225915,
            4.9878443
          ],
          [
            97.122869,
            4.988227
          ],
          [
            97.1234238,
            4.9889286
          ],
          [
            97.1242561,
            4.9895876
          ],
          [
            97.124747,
            4.9895876
          ],
          [
            97.1251738,
            4.9895026
          ],
          [
            97.1255793,
            4.9893113
          ],
          [
            97.1259421,
            4.9890136
          ],
          [
            97.1267317,
            4.9885246
          ],
          [
            97.1271799,
            4.9883546
          ],
          [
            97.127692,
            4.9882908
          ],
          [
            97.1285884,
            4.9882483
          ],
          [
            97.1290152,
            4.9883333
          ],
          [
            97.1293993,
            4.9885246
          ],
          [
            97.1298262,
            4.988716
          ],
          [
            97.1302103,
            4.9888648
          ],
          [
            97.1304237,
            4.9892687
          ],
          [
            97.1305091,
            4.9897365
          ],
          [
            97.1303597,
            4.9901617
          ],
          [
            97.1295914,
            4.9913097
          ],
          [
            97.1293567,
            4.9916924
          ],
          [
            97.1292286,
            4.9925641
          ],
          [
            97.1292286,
            4.9930105
          ],
          [
            97.129378,
            4.9934357
          ],
          [
            97.1296341,
            4.9937972
          ],
          [
            97.1299329,
            4.9940948
          ],
          [
            97.1308719,
            4.9943074
          ],
          [
            97.1312987,
            4.9943499
          ],
          [
            97.132259,
            4.9943499
          ],
          [
            97.1326859,
            4.9943924
          ],
          [
            97.133134,
            4.9943924
          ],
          [
            97.1335608,
            4.9943074
          ],
          [
            97.133945,
            4.9941373
          ],
          [
            97.1341797,
            4.9937759
          ],
          [
            97.1344999,
            4.9934145
          ],
          [
            97.1350547,
            4.9927342
          ],
          [
            97.1352895,
            4.9923515
          ],
          [
            97.1354602,
            4.9919475
          ],
          [
            97.1356523,
            4.9915648
          ],
          [
            97.135887,
            4.9912034
          ],
          [
            97.1362285,
            4.990927
          ],
          [
            97.136698,
            4.990927
          ],
          [
            97.1371248,
            4.9909908
          ],
          [
            97.1375089,
            4.9911396
          ],
          [
            97.1381919,
            4.9917137
          ],
          [
            97.1388961,
            4.9922239
          ],
          [
            97.1391949,
            4.9925641
          ],
          [
            97.1394083,
            4.9929468
          ],
          [
            97.1396004,
            4.9933507
          ],
          [
            97.1397711,
            4.9937546
          ],
          [
            97.1399845,
            4.9941373
          ],
          [
            97.1401126,
            4.9945625
          ],
          [
            97.1403046,
            4.9949665
          ],
          [
            97.1405821,
            4.9957956
          ],
          [
            97.1407528,
            4.9961783
          ],
          [
            97.1413077,
            4.9965078
          ],
          [
            97.1415104,
            4.9964015
          ],
          [
            97.1416811,
            4.9962633
          ],
          [
            97.1418305,
            4.996072
          ],
          [
            97.1419479,
            4.9958913
          ],
          [
            97.142172,
            4.9954767
          ],
          [
            97.1422574,
            4.9952854
          ],
          [
            97.1423107,
            4.9950727
          ],
          [
            97.1424174,
            4.9948814
          ],
          [
            97.1425028,
            4.9946901
          ],
          [
            97.1426308,
            4.9944881
          ],
          [
            97.1427802,
            4.9943393
          ],
          [
            97.1429723,
            4.9942436
          ],
          [
            97.1433991,
            4.9942861
          ],
          [
            97.1436018,
            4.9943286
          ],
          [
            97.1438046,
            4.9944137
          ],
          [
            97.1439753,
            4.9945731
          ],
          [
            97.144114,
            4.9947432
          ],
          [
            97.1442634,
            4.994892
          ],
          [
            97.1443701,
            4.9950834
          ],
          [
            97.1460134,
            4.9976027
          ],
          [
            97.1460987,
            4.997794
          ],
          [
            97.1461414,
            4.9980173
          ],
          [
            97.1461628,
            4.9984637
          ],
          [
            97.1461948,
            4.9986869
          ],
          [
            97.1461948,
            4.9989102
          ],
          [
            97.1460667,
            4.9991121
          ],
          [
            97.145896,
            4.9995267
          ],
          [
            97.145864,
            4.9997393
          ],
          [
            97.145864,
            4.9999732
          ],
          [
            97.1459067,
            5.0001964
          ],
          [
            97.1459814,
            5.0003984
          ],
          [
            97.1463442,
            5.000983
          ],
          [
            97.1467791,
            5.0015797
          ],
          [
            97.1471658,
            5.0017803
          ],
          [
            97.1474219,
            5.0017803
          ],
          [
            97.1478701,
            5.0016633
          ],
          [
            97.1480835,
            5.0015889
          ],
          [
            97.1482755,
            5.0014826
          ],
          [
            97.148489,
            5.0015251
          ],
          [
            97.148649,
            5.001674
          ],
          [
            97.1487877,
            5.001844
          ],
          [
            97.1488197,
            5.0020566
          ],
          [
            97.1488944,
            5.0022799
          ],
          [
            97.1490758,
            5.0026944
          ],
          [
            97.1491078,
            5.002907
          ],
          [
            97.1492039,
            5.003109
          ],
          [
            97.1494173,
            5.0031834
          ],
          [
            97.1499828,
            5.0031834
          ],
          [
            97.1501642,
            5.0030346
          ],
          [
            97.1512633,
            5.0027476
          ],
          [
            97.1516901,
            5.0027263
          ],
          [
            97.1518929,
            5.0027369
          ],
          [
            97.1521063,
            5.0027901
          ],
          [
            97.1525224,
            5.0029389
          ],
          [
            97.1526931,
            5.0030558
          ],
          [
            97.1528639,
            5.0032153
          ],
          [
            97.153216,
            5.0037893
          ],
          [
            97.1536215,
            5.0039806
          ],
          [
            97.1538349,
            5.0040551
          ],
          [
            97.1542617,
            5.0041932
          ],
          [
            97.1549233,
            5.0043421
          ],
          [
            97.1551154,
            5.0044696
          ],
          [
            97.1552861,
            5.0046184
          ],
          [
            97.1553501,
            5.004831
          ],
          [
            97.1553715,
            5.0050436
          ],
          [
            97.1552968,
            5.0052562
          ],
          [
            97.1549019,
            5.0055539
          ],
          [
            97.1545178,
            5.0061598
          ],
          [
            97.1544324,
            5.0063617
          ],
          [
            97.1543898,
            5.0065743
          ],
          [
            97.1544004,
            5.0067976
          ],
          [
            97.1548059,
            5.0071802
          ],
          [
            97.1549873,
            5.0072759
          ],
          [
            97.1552007,
            5.0072759
          ],
          [
            97.1554141,
            5.0072227
          ],
          [
            97.1555955,
            5.0071058
          ],
          [
            97.1559263,
            5.0065424
          ],
          [
            97.1562358,
            5.0062448
          ],
          [
            97.1564278,
            5.0061598
          ],
          [
            97.1566306,
            5.0061279
          ],
          [
            97.156844,
            5.0061279
          ],
          [
            97.1570574,
            5.0062129
          ],
          [
            97.1572388,
            5.006383
          ],
          [
            97.1573242,
            5.0065956
          ],
          [
            97.1574522,
            5.0067657
          ],
          [
            97.1576123,
            5.0069145
          ],
          [
            97.157751,
            5.0070846
          ],
          [
            97.157879,
            5.0072759
          ],
          [
            97.1579857,
            5.0074779
          ],
          [
            97.1580604,
            5.0076905
          ],
          [
            97.1580711,
            5.0079031
          ],
          [
            97.1579644,
            5.0080944
          ],
          [
            97.1578257,
            5.0082645
          ],
          [
            97.1574522,
            5.0088172
          ],
          [
            97.156764,
            5.0097314
          ],
          [
            97.1562678,
            5.0102522
          ],
          [
            97.1560437,
            5.0105127
          ],
          [
            97.1558676,
            5.0106509
          ],
          [
            97.1557663,
            5.010704
          ],
          [
            97.1555475,
            5.0107837
          ],
          [
            97.1551901,
            5.010789
          ],
          [
            97.1549766,
            5.0106881
          ],
          [
            97.1548966,
            5.0106083
          ],
          [
            97.1548059,
            5.0104011
          ],
          [
            97.1547472,
            5.0100715
          ],
          [
            97.1545392,
            5.0094019
          ],
          [
            97.1545018,
            5.0092956
          ],
          [
            97.1543898,
            5.0091042
          ],
          [
            97.1541817,
            5.0090139
          ],
          [
            97.154059,
            5.0090139
          ],
          [
            97.1539469,
            5.0090511
          ],
          [
            97.1537335,
            5.0091308
          ],
          [
            97.1536482,
            5.0092052
          ],
          [
            97.1535841,
            5.0092956
          ],
          [
            97.1535361,
            5.0093965
          ],
          [
            97.1534508,
            5.0097314
          ],
          [
            97.1534454,
            5.0100662
          ],
          [
            97.1535041,
            5.0102948
          ],
          [
            97.1535575,
            5.0106083
          ],
          [
            97.1538989,
            5.0117617
          ],
          [
            97.1538562,
            5.012442
          ],
          [
            97.1538562,
            5.0137335
          ],
          [
            97.1540643,
            5.0142171
          ],
          [
            97.1544164,
            5.0145998
          ],
          [
            97.1547579,
            5.0148921
          ],
          [
            97.1552594,
            5.0152004
          ],
          [
            97.1553821,
            5.0153864
          ],
          [
            97.1554248,
            5.0154821
          ],
          [
            97.1554301,
            5.0157053
          ],
          [
            97.1554088,
            5.0158169
          ],
          [
            97.1553555,
            5.0159126
          ],
          [
            97.1552594,
            5.0159817
          ],
          [
            97.1548113,
            5.0160135
          ],
          [
            97.1540323,
            5.0158913
          ],
          [
            97.1536642,
            5.0158647
          ],
          [
            97.1534294,
            5.0158116
          ],
          [
            97.153088,
            5.0157053
          ],
          [
            97.1528959,
            5.0156043
          ],
          [
            97.1527839,
            5.0155352
          ],
          [
            97.1526238,
            5.0153864
          ],
          [
            97.1522557,
            5.0150941
          ],
          [
            97.1521596,
            5.0150409
          ],
          [
            97.1520476,
            5.0150144
          ],
          [
            97.1519355,
            5.015025
          ],
          [
            97.1518288,
            5.0150675
          ],
          [
            97.1517168,
            5.0150888
          ],
          [
            97.1516154,
            5.0151419
          ],
          [
            97.1515194,
            5.0152163
          ],
          [
            97.1514447,
            5.0153014
          ],
          [
            97.151354,
            5.015514
          ],
          [
            97.151306,
            5.0158222
          ],
          [
            97.151306,
            5.0160986
          ],
          [
            97.1514874,
            5.016848
          ],
          [
            97.1517221,
            5.0172147
          ],
          [
            97.1520316,
            5.0175336
          ],
          [
            97.1533174,
            5.0184159
          ],
          [
            97.1535361,
            5.0186603
          ],
          [
            97.1541604,
            5.0192131
          ],
          [
            97.1550567,
            5.0200794
          ],
          [
            97.1554088,
            5.0205258
          ],
          [
            97.1555475,
            5.0208288
          ],
          [
            97.1557076,
            5.0211317
          ],
          [
            97.1558463,
            5.0213124
          ],
          [
            97.155937,
            5.0213656
          ],
          [
            97.1562624,
            5.0212805
          ],
          [
            97.1563478,
            5.0212168
          ],
          [
            97.1564332,
            5.0211264
          ],
          [
            97.1565772,
            5.0209298
          ],
          [
            97.1566946,
            5.0207225
          ],
          [
            97.1568547,
            5.0205471
          ],
          [
            97.1569507,
            5.020478
          ],
          [
            97.1570521,
            5.0204302
          ],
          [
            97.1571641,
            5.0204036
          ],
          [
            97.1572601,
            5.0203504
          ],
          [
            97.1574842,
            5.0203239
          ],
          [
            97.1575909,
            5.0203398
          ],
          [
            97.1578364,
            5.0206002
          ],
          [
            97.157895,
            5.0206959
          ],
          [
            97.1579751,
            5.0209032
          ],
          [
            97.1583966,
            5.0215835
          ],
          [
            97.1584392,
            5.0216845
          ],
          [
            97.1584606,
            5.0218067
          ],
          [
            97.1584606,
            5.0219289
          ],
          [
            97.1584339,
            5.0220352
          ],
          [
            97.1582685,
            5.0223488
          ],
          [
            97.1582045,
            5.0224392
          ],
          [
            97.1581618,
            5.0225508
          ],
          [
            97.1581511,
            5.0226571
          ],
          [
            97.1581885,
            5.022774
          ],
          [
            97.1583859,
            5.0230663
          ],
          [
            97.1589994,
            5.0236137
          ],
          [
            97.1590955,
            5.0236722
          ],
          [
            97.1596717,
            5.0236934
          ],
          [
            97.1599865,
            5.023736
          ],
          [
            97.1603119,
            5.0238423
          ],
          [
            97.1604186,
            5.0238901
          ],
          [
            97.1605787,
            5.0240389
          ],
          [
            97.160648,
            5.0241293
          ],
          [
            97.1606961,
            5.0243472
          ],
          [
            97.1606587,
            5.0244535
          ],
          [
            97.1603012,
            5.0248946
          ],
          [
            97.1601359,
            5.0250647
          ],
          [
            97.1593089,
            5.0261861
          ],
          [
            97.1591328,
            5.0264837
          ],
          [
            97.1590955,
            5.0266006
          ],
          [
            97.1590848,
            5.0269408
          ],
          [
            97.1591382,
            5.0271534
          ],
          [
            97.1592609,
            5.0273766
          ],
          [
            97.1600825,
            5.0282376
          ],
          [
            97.1604293,
            5.0285299
          ],
          [
            97.1607654,
            5.0288541
          ],
          [
            97.1610162,
            5.029056
          ],
          [
            97.1611175,
            5.0291039
          ],
          [
            97.1612296,
            5.0291304
          ],
          [
            97.161443,
            5.0291358
          ],
          [
            97.1618752,
            5.0289657
          ],
          [
            97.1620512,
            5.0288328
          ],
          [
            97.1621526,
            5.0287903
          ],
          [
            97.1624727,
            5.0287106
          ],
          [
            97.1626915,
            5.0286999
          ],
          [
            97.1630222,
            5.028785
          ],
          [
            97.1632196,
            5.0288753
          ],
          [
            97.1636571,
            5.0292155
          ],
          [
            97.1638492,
            5.0293165
          ],
          [
            97.1639506,
            5.0293377
          ],
          [
            97.164164,
            5.0292633
          ],
          [
            97.1642387,
            5.0291783
          ],
          [
            97.1643507,
            5.0289869
          ],
          [
            97.1643721,
            5.0288806
          ],
          [
            97.1643881,
            5.0286574
          ],
          [
            97.1644734,
            5.0283332
          ],
          [
            97.1646335,
            5.0280515
          ],
          [
            97.1647082,
            5.0279771
          ],
          [
            97.1647989,
            5.0279346
          ],
          [
            97.1649109,
            5.0279187
          ],
          [
            97.1650977,
            5.0280037
          ],
          [
            97.1652577,
            5.0281525
          ],
          [
            97.1653324,
            5.0283598
          ],
          [
            97.1653111,
            5.0289232
          ],
          [
            97.1653111,
            5.0294015
          ],
          [
            97.1653377,
            5.0296194
          ],
          [
            97.1653858,
            5.0297151
          ],
          [
            97.1654711,
            5.0297842
          ],
          [
            97.1655832,
            5.029816
          ],
          [
            97.1657966,
            5.0298214
          ],
          [
            97.1658873,
            5.0297735
          ],
          [
            97.166122,
            5.029529
          ],
          [
            97.166885,
            5.0283385
          ],
          [
            97.1669383,
            5.0282482
          ],
          [
            97.167029,
            5.0279825
          ],
          [
            97.1671464,
            5.0274457
          ],
          [
            97.166997,
            5.0269514
          ],
          [
            97.1666182,
            5.0260426
          ],
          [
            97.1667623,
            5.0254367
          ],
          [
            97.1668316,
            5.0253517
          ],
          [
            97.1670237,
            5.0252188
          ],
          [
            97.1671357,
            5.0252028
          ],
          [
            97.1672478,
            5.0252082
          ],
          [
            97.1675732,
            5.0253091
          ],
          [
            97.1677973,
            5.025357
          ],
          [
            97.1683095,
            5.0256705
          ],
          [
            97.1684429,
            5.0258566
          ],
          [
            97.1684642,
            5.0260798
          ],
          [
            97.1682241,
            5.0271215
          ],
          [
            97.1682241,
            5.0274563
          ],
          [
            97.1682508,
            5.0277805
          ],
          [
            97.1682508,
            5.0280197
          ],
          [
            97.1683042,
            5.0282429
          ],
          [
            97.1683949,
            5.0284448
          ],
          [
            97.1684642,
            5.0285246
          ],
          [
            97.1686456,
            5.0286734
          ],
          [
            97.1687416,
            5.0287212
          ],
          [
            97.168859,
            5.0287425
          ],
          [
            97.1692058,
            5.0287318
          ],
          [
            97.1693125,
            5.0287159
          ],
          [
            97.169606,
            5.0285671
          ],
          [
            97.1696967,
            5.0285033
          ],
          [
            97.1699634,
            5.0282907
          ],
          [
            97.1701181,
            5.0281366
          ],
          [
            97.1701822,
            5.0280462
          ],
          [
            97.1702622,
            5.0278283
          ],
          [
            97.1702942,
            5.0276157
          ],
          [
            97.1702409,
            5.0272862
          ],
          [
            97.1701768,
            5.0266697
          ],
          [
            97.1701928,
            5.026303
          ],
          [
            97.1702355,
            5.0260904
          ],
          [
            97.1702995,
            5.0258778
          ],
          [
            97.1703529,
            5.0257875
          ],
          [
            97.1705556,
            5.0252719
          ],
          [
            97.1706357,
            5.0247936
          ],
          [
            97.170625,
            5.024682
          ],
          [
            97.170577,
            5.024581
          ],
          [
            97.1705076,
            5.0244853
          ],
          [
            97.1704116,
            5.0244216
          ],
          [
            97.1702995,
            5.0244003
          ],
          [
            97.1701928,
            5.024395
          ],
          [
            97.1700808,
            5.0244109
          ],
          [
            97.1699901,
            5.0244694
          ],
          [
            97.169654,
            5.0245332
          ],
          [
            97.1695473,
            5.0245651
          ],
          [
            97.1692325,
            5.0247086
          ],
          [
            97.1688804,
            5.0247989
          ],
          [
            97.1687737,
            5.0248042
          ],
          [
            97.1686616,
            5.0247883
          ],
          [
            97.1685603,
            5.0247458
          ],
          [
            97.1683575,
            5.0246129
          ],
          [
            97.1682828,
            5.0245279
          ],
          [
            97.1682348,
            5.0244375
          ],
          [
            97.1682508,
            5.0243365
          ],
          [
            97.1684535,
            5.023922
          ],
          [
            97.1686083,
            5.0237572
          ],
          [
            97.1688697,
            5.0235606
          ],
          [
            97.1689497,
            5.0234809
          ],
          [
            97.1691471,
            5.0233746
          ],
          [
            97.1692538,
            5.0233427
          ],
          [
            97.169574,
            5.0232948
          ],
          [
            97.1697927,
            5.0232364
          ],
          [
            97.1699047,
            5.0232204
          ],
          [
            97.1701235,
            5.0232204
          ],
          [
            97.1704436,
            5.0232842
          ],
          [
            97.1706623,
            5.0233427
          ],
          [
            97.1708758,
            5.0234224
          ],
          [
            97.1709771,
            5.0234383
          ],
          [
            97.1717454,
            5.0236828
          ],
          [
            97.1720442,
            5.0238529
          ],
          [
            97.1722363,
            5.0239858
          ],
          [
            97.172423,
            5.0241399
          ],
          [
            97.1726951,
            5.0243365
          ],
          [
            97.1727858,
            5.0244216
          ],
          [
            97.1729405,
            5.0245757
          ],
          [
            97.173362,
            5.0250912
          ],
          [
            97.173442,
            5.025171
          ],
          [
            97.1735114,
            5.0252826
          ],
          [
            97.1735487,
            5.0253995
          ],
          [
            97.1735487,
            5.0255111
          ],
          [
            97.1735167,
            5.025628
          ],
          [
            97.1734687,
            5.025729
          ],
          [
            97.1732873,
            5.0258672
          ],
          [
            97.1732233,
            5.0259629
          ],
          [
            97.1728338,
            5.0262977
          ],
          [
            97.1727111,
            5.026489
          ],
          [
            97.1725991,
            5.0266857
          ],
          [
            97.1725777,
            5.0269142
          ],
          [
            97.1725884,
            5.0270258
          ],
          [
            97.1726577,
            5.0271108
          ],
          [
            97.1729298,
            5.0272278
          ],
          [
            97.1731432,
            5.0272862
          ],
          [
            97.1732446,
            5.0272969
          ],
          [
            97.1733567,
            5.0272969
          ],
          [
            97.1736021,
            5.0272224
          ],
          [
            97.1739542,
            5.0271799
          ],
          [
            97.1741676,
            5.0271055
          ],
          [
            97.174381,
            5.0271002
          ],
          [
            97.1750693,
            5.0272384
          ],
          [
            97.175304,
            5.027249
          ],
          [
            97.1754107,
            5.0272437
          ],
          [
            97.1756135,
            5.0271746
          ],
          [
            97.1756988,
            5.0271108
          ],
          [
            97.1758322,
            5.0268557
          ],
          [
            97.1758589,
            5.0267494
          ],
          [
            97.1758162,
            5.0261861
          ],
          [
            97.1758322,
            5.0260585
          ],
          [
            97.1758642,
            5.0259522
          ],
          [
            97.1760936,
            5.0256865
          ],
          [
            97.1762537,
            5.0255377
          ],
          [
            97.1764671,
            5.0254845
          ],
          [
            97.1766805,
            5.0253995
          ],
          [
            97.1768833,
            5.025357
          ],
          [
            97.1774488,
            5.02507
          ],
          [
            97.1776302,
            5.0249424
          ],
          [
            97.1777369,
            5.0247405
          ],
          [
            97.1778223,
            5.0245385
          ],
          [
            97.1778756,
            5.0243153
          ],
          [
            97.1779076,
            5.0240921
          ],
          [
            97.1779183,
            5.0236669
          ],
          [
            97.177961,
            5.0234437
          ],
          [
            97.178089,
            5.023263
          ],
          [
            97.1782704,
            5.0231354
          ],
          [
            97.1784839,
            5.0231567
          ],
          [
            97.1790814,
            5.023348
          ],
          [
            97.1794229,
            5.0234968
          ],
          [
            97.1802125,
            5.0237094
          ],
          [
            97.1804366,
            5.0238051
          ],
          [
            97.1806553,
            5.0238741
          ],
          [
            97.1810501,
            5.0240708
          ],
          [
            97.1814503,
            5.0243365
          ],
          [
            97.1816103,
            5.0244853
          ],
          [
            97.1817064,
            5.0245385
          ],
          [
            97.1818077,
            5.0245704
          ],
          [
            97.1819198,
            5.0245651
          ],
          [
            97.1820211,
            5.0245279
          ],
          [
            97.1821065,
            5.0244747
          ],
          [
            97.1821545,
            5.0243791
          ],
          [
            97.1821705,
            5.0242781
          ],
          [
            97.1821278,
            5.0241771
          ],
          [
            97.1819411,
            5.024023
          ],
          [
            97.1817277,
            5.023736
          ],
          [
            97.1816743,
            5.023635
          ],
          [
            97.1816583,
            5.0235287
          ],
          [
            97.1816957,
            5.0232098
          ],
          [
            97.1817277,
            5.0230982
          ],
          [
            97.1818237,
            5.0229069
          ],
          [
            97.1819785,
            5.0227474
          ],
          [
            97.1822399,
            5.0225455
          ],
          [
            97.1828481,
            5.0221681
          ],
          [
            97.1836111,
            5.0219077
          ],
          [
            97.1837124,
            5.0218917
          ],
          [
            97.1837978,
            5.021828
          ],
          [
            97.1840325,
            5.0215835
          ],
          [
            97.1840806,
            5.0214772
          ],
          [
            97.1841499,
            5.021254
          ],
          [
            97.1841553,
            5.0211477
          ],
          [
            97.1841553,
            5.0210414
          ],
          [
            97.1841232,
            5.0209298
          ],
          [
            97.1838085,
            5.0205577
          ],
          [
            97.1833496,
            5.0204036
          ],
          [
            97.1831362,
            5.0203132
          ],
          [
            97.1829548,
            5.0201751
          ],
          [
            97.1828374,
            5.0201166
          ],
          [
            97.1825067,
            5.0199944
          ],
          [
            97.1823092,
            5.0198721
          ],
          [
            97.1820371,
            5.0196701
          ],
          [
            97.1819731,
            5.0195798
          ],
          [
            97.1819571,
            5.0194735
          ],
          [
            97.1819731,
            5.0192609
          ],
          [
            97.1820051,
            5.0191599
          ],
          [
            97.1820692,
            5.0190696
          ],
          [
            97.1822452,
            5.0189473
          ],
          [
            97.1825867,
            5.0189048
          ],
          [
            97.1828054,
            5.0189208
          ],
          [
            97.1829068,
            5.018958
          ],
          [
            97.1830989,
            5.0190696
          ],
          [
            97.1833603,
            5.0192769
          ],
          [
            97.184278,
            5.0197605
          ],
          [
            97.1846461,
            5.0200528
          ],
          [
            97.1848435,
            5.0203292
          ],
          [
            97.1849609,
            5.0205152
          ],
          [
            97.1850836,
            5.0208341
          ],
          [
            97.185233,
            5.021137
          ],
          [
            97.1852917,
            5.0212274
          ],
          [
            97.1856758,
            5.0214134
          ],
          [
            97.1858839,
            5.0213443
          ],
          [
            97.186108,
            5.0213443
          ],
          [
            97.1867589,
            5.0216791
          ],
          [
            97.1868549,
            5.0217163
          ],
          [
            97.187079,
            5.0217429
          ],
          [
            97.1872017,
            5.0217323
          ],
          [
            97.1873137,
            5.0217004
          ],
          [
            97.1874098,
            5.0216419
          ],
          [
            97.1875752,
            5.0214984
          ],
          [
            97.1876979,
            5.0213177
          ],
          [
            97.1877832,
            5.0211105
          ],
          [
            97.1878046,
            5.020292
          ],
          [
            97.1877886,
            5.0201857
          ],
          [
            97.1874578,
            5.0192396
          ],
          [
            97.1873991,
            5.019128
          ],
          [
            97.1871964,
            5.0188464
          ],
          [
            97.1869723,
            5.0185859
          ],
          [
            97.1867322,
            5.0183468
          ],
          [
            97.1862147,
            5.0179428
          ],
          [
            97.1858572,
            5.0176239
          ],
          [
            97.1857505,
            5.0174326
          ],
          [
            97.1857345,
            5.0173263
          ],
          [
            97.1857398,
            5.0171084
          ],
          [
            97.1857718,
            5.0170074
          ],
          [
            97.1858305,
            5.0169064
          ],
          [
            97.1859266,
            5.0168586
          ],
          [
            97.1860386,
            5.016848
          ],
          [
            97.1861453,
            5.0168586
          ],
          [
            97.1863587,
            5.0169436
          ],
          [
            97.1864387,
            5.0170127
          ],
          [
            97.1865348,
            5.0170606
          ],
          [
            97.1868656,
            5.0171243
          ],
          [
            97.1871857,
            5.017236
          ],
          [
            97.1873991,
            5.0172944
          ],
          [
            97.1877032,
            5.0174273
          ],
          [
            97.1878846,
            5.0175495
          ],
          [
            97.187954,
            5.0176346
          ],
          [
            97.1880553,
            5.0178312
          ],
          [
            97.1883915,
            5.0189048
          ],
          [
            97.1884875,
            5.0191227
          ],
          [
            97.1887062,
            5.0195373
          ],
          [
            97.1887916,
            5.0196117
          ],
          [
            97.1889943,
            5.0197074
          ],
          [
            97.189101,
            5.0197392
          ],
          [
            97.1892024,
            5.0197233
          ],
          [
            97.1892824,
            5.0196436
          ],
          [
            97.1893305,
            5.0195479
          ],
          [
            97.1892645,
            5.0193597
          ],
          [
            97.1887505,
            5.0183513
          ],
          [
            97.1884292,
            5.0167638
          ],
          [
            97.1885133,
            5.016006
          ],
          [
            97.1895926,
            5.0159841
          ],
          [
            97.1904569,
            5.0164006
          ],
          [
            97.1913539,
            5.0166594
          ],
          [
            97.1916676,
            5.0169679
          ],
          [
            97.1918837,
            5.0176309
          ],
          [
            97.1916745,
            5.0186952
          ],
          [
            97.1916852,
            5.0197781
          ],
          [
            97.1923527,
            5.020677
          ],
          [
            97.1929096,
            5.0214746
          ],
          [
            97.1936058,
            5.0216826
          ],
          [
            97.1940932,
            5.0215439
          ],
          [
            97.1948938,
            5.0215786
          ],
          [
            97.1957989,
            5.0220987
          ],
          [
            97.1965995,
            5.0227923
          ],
          [
            97.1971217,
            5.0236592
          ],
          [
            97.1980267,
            5.0234858
          ],
          [
            97.1987578,
            5.0235205
          ],
          [
            97.1993147,
            5.024318
          ],
          [
            97.1992799,
            5.025289
          ],
          [
            97.1991755,
            5.0262252
          ],
          [
            97.2000109,
            5.0262252
          ],
          [
            97.2006723,
            5.0260172
          ],
          [
            97.2015774,
            5.0261906
          ],
          [
            97.2027609,
            5.0268147
          ],
          [
            97.203666,
            5.0268147
          ],
          [
            97.204397,
            5.0261559
          ],
          [
            97.2052325,
            5.0256704
          ],
          [
            97.2054413,
            5.0252196
          ],
          [
            97.2055109,
            5.0241447
          ],
          [
            97.2059983,
            5.0238326
          ],
          [
            97.2066945,
            5.0239019
          ],
          [
            97.2075299,
            5.0244567
          ],
          [
            97.2081565,
            5.0249769
          ],
          [
            97.2082261,
            5.0256704
          ],
          [
            97.2089224,
            5.0257745
          ],
          [
            97.2094097,
            5.0252196
          ],
          [
            97.2101755,
            5.0249075
          ],
          [
            97.2111154,
            5.0252543
          ],
          [
            97.2114635,
            5.0256704
          ],
          [
            97.2110806,
            5.0260519
          ],
          [
            97.2108717,
            5.026572
          ],
          [
            97.2111154,
            5.0272309
          ],
          [
            97.2117072,
            5.027751
          ],
          [
            97.2124382,
            5.027751
          ],
          [
            97.2130648,
            5.0272309
          ],
          [
            97.2135402,
            5.0274251
          ],
          [
            97.2136088,
            5.0277751
          ],
          [
            97.2135178,
            5.0284691
          ],
          [
            97.2137553,
            5.0294092
          ],
          [
            97.2144224,
            5.0297969
          ],
          [
            97.214973,
            5.0299038
          ],
          [
            97.2153718,
            5.0295855
          ],
          [
            97.215578,
            5.0288898
          ],
          [
            97.2158688,
            5.0287862
          ],
          [
            97.2161597,
            5.0288965
          ],
          [
            97.216444,
            5.0294048
          ],
          [
            97.2158851,
            5.0306327
          ],
          [
            97.2156506,
            5.0311912
          ],
          [
            97.2157675,
            5.0316385
          ],
          [
            97.215954,
            5.0320855
          ],
          [
            97.2156365,
            5.0325813
          ],
          [
            97.2149233,
            5.0328588
          ],
          [
            97.214713,
            5.0333111
          ],
          [
            97.2150403,
            5.0340784
          ],
          [
            97.2153311,
            5.0349428
          ],
          [
            97.2152262,
            5.0355958
          ],
          [
            97.2158218,
            5.0361555
          ],
          [
            97.216705,
            5.036085
          ],
          [
            97.2173813,
            5.0362813
          ],
          [
            97.2174161,
            5.0368708
          ],
          [
            97.2170331,
            5.0372523
          ],
          [
            97.2174713,
            5.0371917
          ],
          [
            97.2176262,
            5.0377018
          ],
          [
            97.2179485,
            5.0377362
          ],
          [
            97.2184511,
            5.0370982
          ],
          [
            97.2200626,
            5.0364845
          ],
          [
            97.2209555,
            5.0366542
          ],
          [
            97.221529,
            5.0374368
          ],
          [
            97.221844,
            5.0385748
          ],
          [
            97.2223445,
            5.0400981
          ],
          [
            97.2225332,
            5.0399223
          ],
          [
            97.2230796,
            5.0410404
          ],
          [
            97.2236819,
            5.0415867
          ],
          [
            97.2235419,
            5.0418353
          ],
          [
            97.223856,
            5.042835
          ],
          [
            97.2237515,
            5.0434245
          ],
          [
            97.2242389,
            5.0439447
          ],
          [
            97.2251788,
            5.0440834
          ],
          [
            97.2261534,
            5.0443261
          ],
          [
            97.2262231,
            5.0447769
          ],
          [
            97.2263275,
            5.0457825
          ],
          [
            97.22678,
            5.0463026
          ],
          [
            97.2276155,
            5.046684
          ],
          [
            97.2280332,
            5.0474815
          ],
          [
            97.2283813,
            5.0482444
          ],
          [
            97.2284509,
            5.0489726
          ],
          [
            97.2287294,
            5.0493193
          ],
          [
            97.2294952,
            5.0498048
          ],
          [
            97.2303655,
            5.0504636
          ],
          [
            97.2303307,
            5.0517466
          ],
          [
            97.2301218,
            5.0530642
          ],
          [
            97.230644,
            5.0539658
          ],
          [
            97.2314446,
            5.0543819
          ],
          [
            97.2320783,
            5.0550264
          ],
          [
            97.2324406,
            5.055439
          ],
          [
            97.2328022,
            5.0558036
          ],
          [
            97.233394,
            5.0564277
          ],
          [
            97.234125,
            5.0569478
          ],
          [
            97.2346036,
            5.0576863
          ],
          [
            97.2349232,
            5.0583504
          ],
          [
            97.2352638,
            5.0591455
          ],
          [
            97.2355519,
            5.0597913
          ],
          [
            97.2359697,
            5.0602885
          ],
          [
            97.2362351,
            5.0606475
          ],
          [
            97.2363629,
            5.0609357
          ],
          [
            97.2362824,
            5.0611548
          ],
          [
            97.2356912,
            5.0614087
          ],
          [
            97.235018,
            5.0616863
          ],
          [
            97.2346238,
            5.0616292
          ],
          [
            97.2338929,
            5.0611787
          ],
          [
            97.2329414,
            5.0605887
          ],
          [
            97.2323806,
            5.060119
          ],
          [
            97.2319826,
            5.0600897
          ],
          [
            97.2319776,
            5.0608884
          ],
          [
            97.2319779,
            5.0618137
          ],
          [
            97.2318672,
            5.06249
          ],
          [
            97.2321637,
            5.0632011
          ],
          [
            97.2327093,
            5.0635595
          ],
          [
            97.2332312,
            5.0636985
          ],
          [
            97.2338925,
            5.0638109
          ],
          [
            97.2341946,
            5.0641601
          ],
          [
            97.2338465,
            5.0645069
          ],
          [
            97.2337925,
            5.0649327
          ],
          [
            97.2338518,
            5.0653187
          ],
          [
            97.2341112,
            5.0654534
          ],
          [
            97.23523,
            5.0645157
          ],
          [
            97.2352656,
            5.0645645
          ],
          [
            97.2356644,
            5.0648567
          ],
          [
            97.2359371,
            5.0653932
          ],
          [
            97.2360628,
            5.065675
          ],
          [
            97.2359019,
            5.0663178
          ],
          [
            97.2354981,
            5.0665469
          ],
          [
            97.2351735,
            5.0667184
          ],
          [
            97.2346381,
            5.0671781
          ],
          [
            97.234335,
            5.067397
          ],
          [
            97.2336743,
            5.0676832
          ],
          [
            97.2330807,
            5.0679743
          ],
          [
            97.232414,
            5.0685536
          ],
          [
            97.2324962,
            5.0695533
          ],
          [
            97.2328926,
            5.0707616
          ],
          [
            97.2336725,
            5.0716498
          ],
          [
            97.2346471,
            5.0720658
          ],
          [
            97.2350816,
            5.0727184
          ],
          [
            97.235154,
            5.0731081
          ],
          [
            97.2348873,
            5.0735887
          ],
          [
            97.2343047,
            5.0744972
          ],
          [
            97.2341104,
            5.0753516
          ],
          [
            97.2341772,
            5.0760645
          ],
          [
            97.2346952,
            5.0764237
          ],
          [
            97.2351464,
            5.0766428
          ],
          [
            97.2359699,
            5.0769202
          ],
          [
            97.2366661,
            5.0770589
          ],
          [
            97.2375914,
            5.0767281
          ],
          [
            97.2382514,
            5.0761158
          ],
          [
            97.2384989,
            5.0758204
          ],
          [
            97.2388037,
            5.075889
          ],
          [
            97.2390541,
            5.076192
          ],
          [
            97.2392191,
            5.0768168
          ],
          [
            97.2392038,
            5.0774444
          ],
          [
            97.2391279,
            5.0781171
          ],
          [
            97.2389121,
            5.0788251
          ],
          [
            97.2385348,
            5.0795339
          ],
          [
            97.2377877,
            5.0797669
          ],
          [
            97.2368841,
            5.0795512
          ],
          [
            97.2361384,
            5.0793744
          ],
          [
            97.235302,
            5.0799679
          ]
        ]
      }
    },
    {
      "type": "Feature",
      "id": "way/1462587823",
      "properties": {
        "id": 1462587823,
        "name": "Sungai Tanpa Nama",
        "waterway": "river",
        "source": "OpenStreetMap (ODbL)"
      },
      "geometry": {
        "type": "LineString",
        "coordinates": [
          [
            97.2504187,
            4.9826487
          ],
          [
            97.2507244,
            4.9830869
          ],
          [
            97.2507888,
            4.9831778
          ],
          [
            97.2508156,
            4.9833915
          ],
          [
            97.2508156,
            4.9835145
          ],
          [
            97.2507942,
            4.9836213
          ],
          [
            97.250644,
            4.9840649
          ],
          [
            97.250586,
            4.9845135
          ],
          [
            97.2505911,
            4.9846892
          ],
          [
            97.2505262,
            4.9847386
          ],
          [
            97.2506581,
            4.9848371
          ],
          [
            97.2506156,
            4.984941
          ],
          [
            97.2506922,
            4.9850055
          ],
          [
            97.2509551,
            4.9850322
          ],
          [
            97.2514379,
            4.9849681
          ],
          [
            97.2516578,
            4.9849253
          ],
          [
            97.2517544,
            4.9848826
          ],
          [
            97.252205,
            4.9848077
          ],
          [
            97.2523123,
            4.984765
          ],
          [
            97.2524196,
            4.9847436
          ],
          [
            97.2526503,
            4.9847489
          ],
          [
            97.2529077,
            4.9849146
          ],
          [
            97.253176,
            4.985246
          ],
          [
            97.2533584,
            4.9858873
          ],
          [
            97.2534442,
            4.9860903
          ],
          [
            97.2534764,
            4.9863148
          ],
          [
            97.2534549,
            4.9865392
          ],
          [
            97.2532296,
            4.9865713
          ],
          [
            97.2529936,
            4.9865713
          ],
          [
            97.2527683,
            4.9865927
          ],
          [
            97.2524464,
            4.9869454
          ],
          [
            97.2524142,
            4.9871592
          ],
          [
            97.2526824,
            4.9873302
          ],
          [
            97.2532028,
            4.9873943
          ],
          [
            97.2533047,
            4.9874424
          ],
          [
            97.2534817,
            4.9876027
          ],
          [
            97.2535729,
            4.9876615
          ],
          [
            97.2540075,
            4.9877149
          ],
          [
            97.2542167,
            4.9877149
          ],
          [
            97.2543347,
            4.9877523
          ],
          [
            97.2544312,
            4.9878111
          ],
          [
            97.2549355,
            4.9882547
          ],
          [
            97.2550535,
            4.98826
          ],
          [
            97.2551608,
            4.9882226
          ],
          [
            97.2552198,
            4.9881318
          ],
          [
            97.2552359,
            4.9876882
          ],
          [
            97.2552574,
            4.987576
          ],
          [
            97.2553003,
            4.9874744
          ],
          [
            97.2553647,
            4.9873836
          ],
          [
            97.2554558,
            4.9873248
          ],
          [
            97.2556704,
            4.9872874
          ],
          [
            97.2557831,
            4.9872874
          ],
          [
            97.2562927,
            4.9875065
          ],
          [
            97.2565985,
            4.9877042
          ],
          [
            97.2570276,
            4.9880837
          ],
          [
            97.2570974,
            4.9881692
          ],
          [
            97.2572583,
            4.9884791
          ],
          [
            97.2573656,
            4.9885967
          ],
          [
            97.2576553,
            4.9884471
          ],
          [
            97.2577411,
            4.9883776
          ],
          [
            97.2579342,
            4.9882814
          ],
          [
            97.2580308,
            4.9882173
          ],
          [
            97.2582453,
            4.9882066
          ],
          [
            97.2583473,
            4.988244
          ],
          [
            97.2584224,
            4.9883295
          ],
          [
            97.2585189,
            4.9886502
          ],
          [
            97.2585243,
            4.9889868
          ],
          [
            97.2585082,
            4.9890991
          ],
          [
            97.2583955,
            4.9892861
          ],
          [
            97.2581595,
            4.9895426
          ],
          [
            97.258063,
            4.989751
          ],
          [
            97.258063,
            4.9898633
          ],
          [
            97.258079,
            4.9899701
          ],
          [
            97.2582427,
            4.9901171
          ],
          [
            97.2584197,
            4.9901545
          ],
          [
            97.258586,
            4.9901572
          ],
          [
            97.2586665,
            4.9901412
          ],
          [
            97.2589534,
            4.9900289
          ],
          [
            97.2590393,
            4.9899541
          ],
          [
            97.2591412,
            4.9899007
          ],
          [
            97.2592217,
            4.9898312
          ],
          [
            97.2592431,
            4.9895747
          ],
          [
            97.2592807,
            4.9894625
          ],
          [
            97.2594416,
            4.9891792
          ],
          [
            97.2595274,
            4.9890884
          ],
          [
            97.2596294,
            4.9890349
          ],
          [
            97.2598332,
            4.9888799
          ],
          [
            97.2603321,
            4.9886448
          ],
          [
            97.2604448,
            4.9886288
          ],
          [
            97.2605199,
            4.9887089
          ],
          [
            97.2605628,
            4.9888158
          ],
          [
            97.2609061,
            4.9892968
          ],
          [
            97.261228,
            4.9896174
          ],
          [
            97.2614425,
            4.9898953
          ],
          [
            97.2616786,
            4.9901198
          ],
          [
            97.2617537,
            4.9902106
          ],
          [
            97.261818,
            4.9902961
          ],
          [
            97.2619629,
            4.9906542
          ],
          [
            97.2620219,
            4.9908733
          ],
          [
            97.2620273,
            4.9909855
          ],
          [
            97.2620058,
            4.9910977
          ],
          [
            97.2619629,
            4.9911993
          ],
          [
            97.2619361,
            4.9914344
          ],
          [
            97.2619361,
            4.9919955
          ],
          [
            97.2619522,
            4.9921078
          ],
          [
            97.2622204,
            4.9925994
          ],
          [
            97.2622257,
            4.9929468
          ],
          [
            97.2621721,
            4.9931819
          ],
          [
            97.2621185,
            4.9932781
          ],
          [
            97.2617537,
            4.9935881
          ],
          [
            97.261346,
            4.9938339
          ],
          [
            97.2612709,
            4.9939248
          ],
          [
            97.261126,
            4.9946943
          ],
          [
            97.2611153,
            4.9949188
          ],
          [
            97.2610724,
            4.9951325
          ],
          [
            97.2610509,
            4.995357
          ],
          [
            97.2610509,
            4.9955707
          ],
          [
            97.2611153,
            4.9957845
          ],
          [
            97.2612548,
            4.9959662
          ],
          [
            97.2614586,
            4.9960517
          ],
          [
            97.2616625,
            4.9960089
          ],
          [
            97.261877,
            4.9959876
          ],
          [
            97.262553,
            4.9959876
          ],
          [
            97.2627568,
            4.9960303
          ],
          [
            97.2628856,
            4.996212
          ],
          [
            97.2629285,
            4.9964258
          ],
          [
            97.2629285,
            4.9966609
          ],
          [
            97.2627675,
            4.9975694
          ],
          [
            97.2627461,
            4.9977938
          ],
          [
            97.2627354,
            4.9982427
          ],
          [
            97.2629017,
            4.9986596
          ],
          [
            97.263084,
            4.9989535
          ],
          [
            97.2632396,
            4.9992634
          ],
          [
            97.2632879,
            4.9994131
          ],
          [
            97.263481,
            4.9996589
          ],
          [
            97.2635722,
            4.9997123
          ],
          [
            97.2636795,
            4.9997391
          ],
          [
            97.2642696,
            4.9996749
          ],
          [
            97.2647095,
            4.9995787
          ],
          [
            97.2658038,
            4.9995574
          ],
          [
            97.2666728,
            4.9994612
          ],
          [
            97.2668874,
            4.9994184
          ],
          [
            97.2673273,
            4.9992902
          ],
          [
            97.2675419,
            4.9992474
          ],
          [
            97.2677565,
            4.9992367
          ],
          [
            97.2679603,
            4.9993543
          ],
          [
            97.2680354,
            4.9995681
          ],
          [
            97.268132,
            4.9997604
          ],
          [
            97.2683144,
            4.999878
          ],
          [
            97.2684646,
            5.000049
          ],
          [
            97.2684967,
            5.0002735
          ],
          [
            97.2685075,
            5.0004872
          ],
          [
            97.2684967,
            5.000701
          ],
          [
            97.2682822,
            5.0012995
          ],
          [
            97.2681856,
            5.001524
          ],
          [
            97.26803,
            5.0015774
          ],
          [
            97.2678852,
            5.0015934
          ],
          [
            97.2674078,
            5.0015026
          ],
          [
            97.2671932,
            5.0014812
          ],
          [
            97.2670752,
            5.0015026
          ],
          [
            97.266984,
            5.0015667
          ],
          [
            97.2669196,
            5.0016576
          ],
          [
            97.2668928,
            5.0017698
          ],
          [
            97.2669035,
            5.001882
          ],
          [
            97.2669572,
            5.0020904
          ],
          [
            97.2672844,
            5.0026248
          ],
          [
            97.267456,
            5.0027745
          ],
          [
            97.2676384,
            5.0028813
          ],
          [
            97.2678423,
            5.0029668
          ],
          [
            97.2680032,
            5.0028172
          ],
          [
            97.2680998,
            5.0026248
          ],
          [
            97.2682607,
            5.0024859
          ],
          [
            97.2684753,
            5.0024218
          ],
          [
            97.2686791,
            5.0024752
          ],
          [
            97.2688937,
            5.0025607
          ],
          [
            97.2691083,
            5.0025928
          ],
          [
            97.2693121,
            5.0026034
          ],
          [
            97.2694945,
            5.0024859
          ],
          [
            97.2696876,
            5.0024111
          ],
          [
            97.2699022,
            5.0023897
          ],
          [
            97.2701061,
            5.0024111
          ],
          [
            97.2702992,
            5.0024966
          ],
          [
            97.2706962,
            5.0027317
          ],
          [
            97.2708678,
            5.0028813
          ],
          [
            97.2709858,
            5.003063
          ],
          [
            97.2710717,
            5.0032661
          ],
          [
            97.2711253,
            5.0035012
          ],
          [
            97.2711575,
            5.0039501
          ],
          [
            97.2712111,
            5.0041746
          ],
          [
            97.2713292,
            5.0043563
          ],
          [
            97.2716832,
            5.0047197
          ],
          [
            97.2723645,
            5.0051258
          ],
          [
            97.2725415,
            5.0052594
          ],
          [
            97.2728097,
            5.0055212
          ],
          [
            97.2729653,
            5.0056495
          ],
          [
            97.2730994,
            5.0057297
          ],
          [
            97.2733569,
            5.0057297
          ],
          [
            97.2734696,
            5.0056976
          ],
          [
            97.2736466,
            5.005564
          ],
          [
            97.2737968,
            5.0053983
          ],
          [
            97.2740972,
            5.0049494
          ],
          [
            97.274183,
            5.0048639
          ],
          [
            97.2743708,
            5.0047464
          ],
          [
            97.27458,
            5.0046876
          ],
          [
            97.2747999,
            5.0046822
          ],
          [
            97.2749019,
            5.0046983
          ],
          [
            97.2751379,
            5.0049281
          ],
          [
            97.275154,
            5.0050456
          ],
          [
            97.2750628,
            5.0053877
          ],
          [
            97.2750467,
            5.0058526
          ],
          [
            97.2750896,
            5.0061946
          ],
          [
            97.2751915,
            5.0065259
          ],
          [
            97.2752452,
            5.0066274
          ],
          [
            97.2757226,
            5.0069962
          ],
          [
            97.2758245,
            5.0070282
          ],
          [
            97.2759372,
            5.0070336
          ],
          [
            97.2760445,
            5.0069962
          ],
          [
            97.2763878,
            5.0069748
          ],
          [
            97.277053,
            5.0071458
          ],
          [
            97.2775304,
            5.0071939
          ],
          [
            97.2779757,
            5.0071939
          ],
          [
            97.2782063,
            5.007226
          ],
          [
            97.2784209,
            5.0072848
          ],
          [
            97.2786194,
            5.0073703
          ],
          [
            97.278952,
            5.0074397
          ],
          [
            97.2790432,
            5.0074932
          ],
          [
            97.2791183,
            5.0075733
          ],
          [
            97.2791666,
            5.0076749
          ],
          [
            97.278893,
            5.0081558
          ],
          [
            97.2785765,
            5.0085032
          ],
          [
            97.2782868,
            5.0090055
          ],
          [
            97.2781634,
            5.0093422
          ],
          [
            97.278142,
            5.0094544
          ],
          [
            97.2781151,
            5.0096788
          ],
          [
            97.2781312,
            5.0100369
          ],
          [
            97.2781956,
            5.010256
          ],
          [
            97.2783619,
            5.0105499
          ],
          [
            97.2785068,
            5.0107316
          ],
          [
            97.2787696,
            5.010956
          ],
          [
            97.2788393,
            5.0110362
          ],
          [
            97.2789466,
            5.0112339
          ],
          [
            97.2790378,
            5.0115011
          ],
          [
            97.2791451,
            5.0117149
          ],
          [
            97.2794992,
            5.0121477
          ],
          [
            97.2795904,
            5.0123561
          ],
          [
            97.2796118,
            5.0126073
          ],
          [
            97.2795957,
            5.0127142
          ],
          [
            97.2795314,
            5.0129386
          ],
          [
            97.2792739,
            5.013302
          ],
          [
            97.2791934,
            5.0133929
          ],
          [
            97.2790915,
            5.0134677
          ],
          [
            97.2787911,
            5.013628
          ],
          [
            97.2785175,
            5.0138311
          ],
          [
            97.2784424,
            5.0139166
          ],
          [
            97.2782654,
            5.0142212
          ],
          [
            97.2782063,
            5.0144509
          ],
          [
            97.2781742,
            5.0147823
          ],
          [
            97.2782439,
            5.0152098
          ],
          [
            97.2782761,
            5.0153273
          ],
          [
            97.2784638,
            5.0157335
          ],
          [
            97.2785389,
            5.0158136
          ],
          [
            97.2788393,
            5.0159633
          ],
          [
            97.2791451,
            5.0160862
          ],
          [
            97.2793168,
            5.0162144
          ],
          [
            97.2794026,
            5.0162999
          ],
          [
            97.2794723,
            5.0163961
          ],
          [
            97.2795689,
            5.0166045
          ],
          [
            97.2797942,
            5.0169358
          ],
          [
            97.2801161,
            5.0173153
          ],
          [
            97.280277,
            5.0174649
          ],
          [
            97.2803789,
            5.0175023
          ],
          [
            97.2807062,
            5.0174756
          ],
          [
            97.2810441,
            5.0174756
          ],
          [
            97.2812641,
            5.0175076
          ],
          [
            97.2813767,
            5.017545
          ],
          [
            97.2819292,
            5.0178176
          ],
          [
            97.2822243,
            5.0180313
          ],
          [
            97.2823048,
            5.0181168
          ],
          [
            97.2828197,
            5.0187688
          ],
          [
            97.2833347,
            5.0190467
          ],
          [
            97.2836995,
            5.0192818
          ],
          [
            97.2840267,
            5.019565
          ],
          [
            97.2843057,
            5.0197574
          ],
          [
            97.2845578,
            5.0199765
          ],
          [
            97.2849977,
            5.020233
          ],
          [
            97.2850943,
            5.0203025
          ],
          [
            97.2851694,
            5.020388
          ],
          [
            97.2853142,
            5.0206765
          ],
          [
            97.2853196,
            5.0207834
          ],
          [
            97.2852927,
            5.0208903
          ],
          [
            97.2852284,
            5.0209811
          ],
          [
            97.2851318,
            5.0211896
          ],
          [
            97.2851264,
            5.02143
          ],
          [
            97.2851425,
            5.0218415
          ],
          [
            97.2850889,
            5.0219377
          ],
          [
            97.2849923,
            5.0219965
          ],
          [
            97.2848743,
            5.0220018
          ],
          [
            97.284531,
            5.0220927
          ],
          [
            97.2842413,
            5.0222904
          ],
          [
            97.2841126,
            5.0224774
          ],
          [
            97.2840214,
            5.0227446
          ],
          [
            97.2839288,
            5.0232393
          ]
        ]
      }
    },
    {
      "type": "Feature",
      "id": "way/1462587825",
      "properties": {
        "id": 1462587825,
        "name": "Sungai Tanpa Nama",
        "waterway": "river",
        "source": "OpenStreetMap (ODbL)"
      },
      "geometry": {
        "type": "LineString",
        "coordinates": [
          [
            97.3552769,
            4.8706473
          ],
          [
            97.3552072,
            4.871278
          ],
          [
            97.3552501,
            4.8715025
          ],
          [
            97.3553467,
            4.8717056
          ],
          [
            97.3554754,
            4.8718874
          ],
          [
            97.3556256,
            4.872037
          ],
          [
            97.3558295,
            4.872176
          ],
          [
            97.3560226,
            4.8722829
          ],
          [
            97.356205,
            4.8724219
          ],
          [
            97.3563659,
            4.8725822
          ],
          [
            97.3564625,
            4.8727746
          ],
          [
            97.3564625,
            4.8731702
          ],
          [
            97.3557651,
            4.8748164
          ],
          [
            97.3556578,
            4.8750195
          ],
          [
            97.3554325,
            4.8752868
          ],
          [
            97.3553467,
            4.8753616
          ],
          [
            97.3552287,
            4.875399
          ],
          [
            97.3549819,
            4.8754044
          ],
          [
            97.3548692,
            4.875383
          ],
          [
            97.3545581,
            4.8751852
          ],
          [
            97.3544562,
            4.8751425
          ],
          [
            97.3543435,
            4.8751211
          ],
          [
            97.3542255,
            4.8751264
          ],
          [
            97.3541182,
            4.8751745
          ],
          [
            97.3540324,
            4.8759496
          ],
          [
            97.3539787,
            4.8768582
          ],
          [
            97.3541343,
            4.8771736
          ],
          [
            97.3542041,
            4.8772698
          ],
          [
            97.3542899,
            4.87735
          ],
          [
            97.3544723,
            4.8774569
          ],
          [
            97.3545849,
            4.8774782
          ],
          [
            97.3546976,
            4.8774675
          ],
          [
            97.3548049,
            4.8774301
          ],
          [
            97.354998,
            4.8773286
          ],
          [
            97.3553091,
            4.8772751
          ],
          [
            97.3554164,
            4.8773072
          ],
          [
            97.3554969,
            4.877382
          ],
          [
            97.3555022,
            4.8774889
          ],
          [
            97.3554808,
            4.8776012
          ],
          [
            97.3554164,
            4.8776974
          ],
          [
            97.3553359,
            4.8777829
          ],
          [
            97.3552233,
            4.8778417
          ],
          [
            97.3551053,
            4.8778684
          ],
          [
            97.3545259,
            4.8778631
          ],
          [
            97.354306,
            4.8778898
          ],
          [
            97.3542094,
            4.8779646
          ],
          [
            97.354188,
            4.8780769
          ],
          [
            97.3544294,
            4.8784938
          ],
          [
            97.3548853,
            4.878761
          ],
          [
            97.3554218,
            4.8791673
          ],
          [
            97.3555666,
            4.8793436
          ]
        ]
      }
    },
    {
      "type": "Feature",
      "id": "way/1462587860",
      "properties": {
        "id": 1462587860,
        "name": "Sungai Tanpa Nama",
        "waterway": "river",
        "source": "OpenStreetMap (ODbL)"
      },
      "geometry": {
        "type": "LineString",
        "coordinates": [
          [
            97.1008185,
            5.1082534
          ],
          [
            97.1006978,
            5.1086461
          ],
          [
            97.1007004,
            5.1091217
          ],
          [
            97.1010035,
            5.1095705
          ],
          [
            97.1013978,
            5.1097495
          ],
          [
            97.1017331,
            5.1099953
          ],
          [
            97.101827,
            5.1102517
          ],
          [
            97.1016258,
            5.1106071
          ],
          [
            97.1014729,
            5.110746
          ],
          [
            97.1013147,
            5.1111761
          ],
          [
            97.1013522,
            5.1113658
          ],
          [
            97.1013097,
            5.1115749
          ],
          [
            97.1013844,
            5.1118867
          ],
          [
            97.1011671,
            5.1121405
          ],
          [
            97.1010035,
            5.1124745
          ],
          [
            97.1011644,
            5.1128191
          ],
          [
            97.1012127,
            5.1130488
          ],
          [
            97.1011698,
            5.1131611
          ],
          [
            97.1011376,
            5.1132786
          ],
          [
            97.1011001,
            5.1133855
          ],
          [
            97.1010733,
            5.1134923
          ],
          [
            97.1009767,
            5.1137328
          ],
          [
            97.100966,
            5.113845
          ],
          [
            97.1009499,
            5.1139625
          ],
          [
            97.1009391,
            5.1140694
          ],
          [
            97.1009284,
            5.1141869
          ],
          [
            97.1009123,
            5.1142991
          ],
          [
            97.1008855,
            5.114406
          ],
          [
            97.1008158,
            5.1144968
          ],
          [
            97.1007675,
            5.114593
          ],
          [
            97.1005529,
            5.1146945
          ],
          [
            97.100451,
            5.1147586
          ],
          [
            97.1003491,
            5.1148174
          ],
          [
            97.1002525,
            5.1148708
          ],
          [
            97.1001828,
            5.1149617
          ],
          [
            97.1001452,
            5.1150685
          ],
          [
            97.1000701,
            5.1152929
          ],
          [
            97.1000594,
            5.1154051
          ],
          [
            97.1000701,
            5.1155173
          ],
          [
            97.1000755,
            5.1156242
          ],
          [
            97.1000218,
            5.1157311
          ],
          [
            97.0999628,
            5.1158272
          ],
          [
            97.099928,
            5.1160009
          ],
          [
            97.0998958,
            5.1160516
          ],
          [
            97.0998904,
            5.1161051
          ],
          [
            97.0998904,
            5.1161612
          ],
          [
            97.099877,
            5.1162226
          ],
          [
            97.0998663,
            5.1162841
          ],
          [
            97.0998394,
            5.1163375
          ],
          [
            97.0998019,
            5.1163856
          ],
          [
            97.0997617,
            5.1164283
          ],
          [
            97.099708,
            5.116455
          ],
          [
            97.0996544,
            5.1164577
          ],
          [
            97.099598,
            5.1164684
          ],
          [
            97.0995176,
            5.1164818
          ],
          [
            97.099404,
            5.1165111
          ]
        ]
      }
    },
    {
      "type": "Feature",
      "id": "way/1462890226",
      "properties": {
        "id": 1462890226,
        "name": "Sungai Tanpa Nama",
        "waterway": "river",
        "source": "OpenStreetMap (ODbL)"
      },
      "geometry": {
        "type": "LineString",
        "coordinates": [
          [
            96.9937671,
            4.7118954
          ],
          [
            96.9934416,
            4.7126775
          ],
          [
            96.9931251,
            4.7128646
          ],
          [
            96.9929963,
            4.7131266
          ],
          [
            96.9928998,
            4.7136184
          ],
          [
            96.9929427,
            4.7139285
          ],
          [
            96.9930714,
            4.7142493
          ],
          [
            96.9930875,
            4.7143616
          ],
          [
            96.9930446,
            4.7145273
          ],
          [
            96.9925135,
            4.7147198
          ],
          [
            96.9924009,
            4.7147411
          ],
          [
            96.992299,
            4.7147893
          ],
          [
            96.992197,
            4.7149978
          ],
          [
            96.9919449,
            4.7160777
          ],
          [
            96.9918591,
            4.7161632
          ],
          [
            96.9915533,
            4.7164092
          ],
          [
            96.9914192,
            4.7165963
          ],
          [
            96.9913334,
            4.7166872
          ],
          [
            96.9908827,
            4.7170561
          ],
          [
            96.9904214,
            4.7169973
          ],
          [
            96.9903356,
            4.7170935
          ],
          [
            96.9902122,
            4.7172753
          ],
          [
            96.99018,
            4.7176174
          ],
          [
            96.9901693,
            4.7180665
          ],
          [
            96.9902337,
            4.7187508
          ],
          [
            96.9902229,
            4.7188578
          ],
          [
            96.9900191,
            4.7192908
          ],
          [
            96.9894022,
            4.7202638
          ],
          [
            96.9894075,
            4.7203921
          ],
          [
            96.9893593,
            4.7204937
          ],
          [
            96.9892842,
            4.7205953
          ],
          [
            96.9891125,
            4.7208947
          ],
          [
            96.9891232,
            4.7210069
          ],
          [
            96.9893753,
            4.7217394
          ],
          [
            96.9893968,
            4.7219746
          ],
          [
            96.9893968,
            4.7221991
          ],
          [
            96.9893539,
            4.7224237
          ],
          [
            96.9893324,
            4.7226482
          ],
          [
            96.988796,
            4.7239848
          ],
          [
            96.988678,
            4.7241772
          ],
          [
            96.9884741,
            4.7243162
          ],
          [
            96.9883883,
            4.7245194
          ],
          [
            96.9883454,
            4.7249471
          ],
          [
            96.9883346,
            4.7254176
          ],
          [
            96.9881952,
            4.7258666
          ],
          [
            96.9880879,
            4.7260591
          ],
          [
            96.9879913,
            4.7262729
          ],
          [
            96.9873047,
            4.7270214
          ],
          [
            96.9873154,
            4.727695
          ],
          [
            96.9873798,
            4.7279089
          ],
          [
            96.9875085,
            4.7280906
          ],
          [
            96.9875622,
            4.7283045
          ],
          [
            96.9875729,
            4.7285183
          ],
          [
            96.9875193,
            4.7287322
          ],
          [
            96.9874978,
            4.7297479
          ],
          [
            96.9875622,
            4.7299618
          ],
          [
            96.9877446,
            4.7303681
          ],
          [
            96.988163,
            4.7309241
          ],
          [
            96.9882166,
            4.7311593
          ],
          [
            96.988163,
            4.7313732
          ],
          [
            96.9878411,
            4.7318436
          ],
          [
            96.987884,
            4.7320575
          ],
          [
            96.987884,
            4.7323034
          ],
          [
            96.9881308,
            4.7326883
          ],
          [
            96.9883346,
            4.7328166
          ],
          [
            96.9885385,
            4.7329022
          ],
          [
            96.9887316,
            4.7330091
          ],
          [
            96.9888925,
            4.7331588
          ],
          [
            96.9890427,
            4.7333299
          ],
          [
            96.9891608,
            4.7335223
          ],
          [
            96.9892037,
            4.7337469
          ],
          [
            96.9891286,
            4.73395
          ],
          [
            96.9889676,
            4.7341104
          ],
          [
            96.9887531,
            4.7342601
          ],
          [
            96.9885921,
            4.7344312
          ],
          [
            96.9885707,
            4.7346557
          ],
          [
            96.9886458,
            4.7352652
          ],
          [
            96.9887423,
            4.7354683
          ],
          [
            96.9887423,
            4.7356822
          ],
          [
            96.9887209,
            4.735896
          ],
          [
            96.9885707,
            4.7363344
          ],
          [
            96.988517,
            4.7367621
          ],
          [
            96.988796,
            4.7375747
          ],
          [
            96.9888925,
            4.7378099
          ],
          [
            96.9888925,
            4.7380451
          ],
          [
            96.9888496,
            4.738259
          ],
          [
            96.9887638,
            4.7384621
          ],
          [
            96.9886458,
            4.738676
          ],
          [
            96.9885492,
            4.7389112
          ],
          [
            96.9878089,
            4.7397879
          ],
          [
            96.9874549,
            4.7400766
          ],
          [
            96.9873369,
            4.7402798
          ],
          [
            96.9872779,
            4.7407395
          ],
          [
            96.9872135,
            4.7408411
          ],
          [
            96.9869184,
            4.7411726
          ],
          [
            96.9864732,
            4.7416163
          ],
          [
            96.9863766,
            4.7418355
          ],
          [
            96.986264,
            4.7426748
          ],
          [
            96.9862747,
            4.7429421
          ],
          [
            96.9861191,
            4.7443481
          ],
          [
            96.9863015,
            4.7449041
          ],
          [
            96.9863337,
            4.7451286
          ],
          [
            96.986323,
            4.7453532
          ],
          [
            96.9856042,
            4.74569
          ],
          [
            96.985352,
            4.7457488
          ],
          [
            96.9849765,
            4.7458771
          ],
          [
            96.9848746,
            4.7459252
          ],
          [
            96.9841129,
            4.7461444
          ],
          [
            96.9840002,
            4.7461979
          ],
          [
            96.9838983,
            4.7462674
          ],
          [
            96.9832867,
            4.7467699
          ],
          [
            96.9833028,
            4.7468768
          ],
          [
            96.9833511,
            4.7470051
          ],
          [
            96.9833833,
            4.7471441
          ],
          [
            96.9833994,
            4.7472671
          ],
          [
            96.9833994,
            4.74739
          ],
          [
            96.9833726,
            4.7476092
          ],
          [
            96.9833136,
            4.7478498
          ],
          [
            96.9832116,
            4.7480636
          ],
          [
            96.9831473,
            4.7481652
          ],
          [
            96.9830722,
            4.7482507
          ],
          [
            96.9829649,
            4.7483202
          ],
          [
            96.9828415,
            4.7483683
          ],
          [
            96.9826966,
            4.7483897
          ],
          [
            96.9824445,
            4.7483897
          ],
          [
            96.9823319,
            4.748363
          ],
          [
            96.9821548,
            4.748208
          ],
          [
            96.98201,
            4.7480369
          ],
          [
            96.981833,
            4.7474702
          ],
          [
            96.9818062,
            4.7473098
          ],
          [
            96.9817579,
            4.7472029
          ],
          [
            96.9816667,
            4.7471388
          ],
          [
            96.9814467,
            4.7471334
          ],
          [
            96.9813394,
            4.7471815
          ],
          [
            96.9812483,
            4.7472617
          ],
          [
            96.9811302,
            4.7473312
          ],
          [
            96.9810176,
            4.7473686
          ],
          [
            96.98095,
            4.747376
          ],
          [
            96.9807225,
            4.7473419
          ],
          [
            96.9806153,
            4.7472884
          ],
          [
            96.9804543,
            4.7471388
          ],
          [
            96.9803417,
            4.747096
          ],
          [
            96.9802344,
            4.7470906
          ],
          [
            96.9801271,
            4.7471281
          ],
          [
            96.9800466,
            4.7472029
          ],
          [
            96.9799715,
            4.7472991
          ],
          [
            96.9799232,
            4.7474007
          ],
          [
            96.9794941,
            4.7477642
          ],
          [
            96.9793814,
            4.7477642
          ],
          [
            96.9793137,
            4.7477827
          ],
          [
            96.9791883,
            4.7477856
          ],
          [
            96.979081,
            4.7478391
          ],
          [
            96.9788986,
            4.7479674
          ],
          [
            96.9788128,
            4.7480529
          ],
          [
            96.9788104,
            4.7480939
          ],
          [
            96.9787216,
            4.7481705
          ],
          [
            96.9785982,
            4.7482026
          ],
          [
            96.9784749,
            4.7481866
          ],
          [
            96.9782871,
            4.748069
          ],
          [
            96.9780457,
            4.7480636
          ],
          [
            96.977933,
            4.748085
          ],
          [
            96.9777131,
            4.7481919
          ],
          [
            96.9775951,
            4.7482133
          ],
          [
            96.9769567,
            4.7482614
          ],
          [
            96.9766509,
            4.7482668
          ],
          [
            96.9765383,
            4.7482507
          ],
          [
            96.9764364,
            4.7482026
          ],
          [
            96.9762218,
            4.7480422
          ],
          [
            96.9757765,
            4.74793
          ],
          [
            96.9755512,
            4.7479139
          ],
          [
            96.9754493,
            4.7479727
          ],
          [
            96.9753313,
            4.7483844
          ],
          [
            96.975283,
            4.7484859
          ],
          [
            96.9752079,
            4.7485715
          ],
          [
            96.9751114,
            4.7486356
          ],
          [
            96.9750148,
            4.7486891
          ],
          [
            96.9749021,
            4.7487212
          ],
          [
            96.9747949,
            4.7487158
          ],
          [
            96.9745588,
            4.7486731
          ],
          [
            96.9743335,
            4.7485448
          ],
          [
            96.9742316,
            4.7485073
          ],
          [
            96.9741189,
            4.748502
          ],
          [
            96.9738883,
            4.7485341
          ],
          [
            96.973663,
            4.7485982
          ],
          [
            96.9734484,
            4.7486944
          ],
          [
            96.9731373,
            4.7488014
          ],
          [
            96.9730461,
            4.7488655
          ],
          [
            96.9729871,
            4.7489778
          ],
          [
            96.9729495,
            4.74909
          ],
          [
            96.9729388,
            4.7493092
          ],
          [
            96.9728798,
            4.7494108
          ],
          [
            96.972853,
            4.7494211
          ],
          [
            96.9727939,
            4.7495177
          ],
          [
            96.972692,
            4.7495765
          ],
          [
            96.972574,
            4.7495926
          ],
          [
            96.9724506,
            4.7495926
          ],
          [
            96.9722038,
            4.7495551
          ],
          [
            96.9717157,
            4.7495231
          ],
          [
            96.9716084,
            4.7495445
          ],
          [
            96.9715601,
            4.7498492
          ],
          [
            96.9715762,
            4.7501806
          ],
          [
            96.9715977,
            4.7502929
          ],
          [
            96.9717479,
            4.7506137
          ],
          [
            96.9718283,
            4.7506938
          ],
          [
            96.9719571,
            4.7507366
          ],
          [
            96.9723058,
            4.750758
          ],
          [
            96.9724184,
            4.7507954
          ],
          [
            96.972515,
            4.7508542
          ],
          [
            96.9726062,
            4.7509344
          ],
          [
            96.9726705,
            4.75102
          ],
          [
            96.9727135,
            4.7511162
          ],
          [
            96.9727296,
            4.7512231
          ],
          [
            96.9727188,
            4.7513354
          ],
          [
            96.9726276,
            4.7514049
          ],
          [
            96.9722307,
            4.7515171
          ],
          [
            96.9721234,
            4.7515225
          ],
          [
            96.9718873,
            4.7515171
          ],
          [
            96.9715387,
            4.7514316
          ],
          [
            96.9711739,
            4.7514316
          ],
          [
            96.9709539,
            4.7514102
          ],
          [
            96.9701815,
            4.7511803
          ],
          [
            96.9698489,
            4.75102
          ],
          [
            96.9697201,
            4.7509772
          ],
          [
            96.9696128,
            4.7509558
          ],
          [
            96.9694631,
            4.7509572
          ],
          [
            96.9692695,
            4.7510734
          ],
          [
            96.969189,
            4.7511536
          ],
          [
            96.9691408,
            4.7512659
          ],
          [
            96.9691146,
            4.7512734
          ],
          [
            96.9691032,
            4.7513835
          ],
          [
            96.9691676,
            4.7515385
          ],
          [
            96.9688901,
            4.7517339
          ],
          [
            96.9686526,
            4.751763
          ],
          [
            96.9684112,
            4.751763
          ],
          [
            96.9682985,
            4.7517791
          ],
          [
            96.9682074,
            4.7518486
          ],
          [
            96.9679713,
            4.7521212
          ],
          [
            96.9677971,
            4.7524387
          ],
          [
            96.9677353,
            4.7525329
          ],
          [
            96.9676924,
            4.7526398
          ],
          [
            96.9675851,
            4.7528322
          ],
          [
            96.9675046,
            4.7535165
          ],
          [
            96.96751,
            4.7538747
          ],
          [
            96.9674617,
            4.7542275
          ],
          [
            96.9674188,
            4.7543345
          ],
          [
            96.9671935,
            4.7547354
          ],
          [
            96.9671184,
            4.7548263
          ],
          [
            96.9670454,
            4.7548678
          ],
          [
            96.9670004,
            4.7549706
          ],
          [
            96.9665766,
            4.7556549
          ],
          [
            96.9664156,
            4.7558581
          ],
          [
            96.9663566,
            4.7559543
          ],
          [
            96.9663137,
            4.7560559
          ],
          [
            96.9663459,
            4.7561628
          ],
          [
            96.9663835,
            4.7563873
          ],
          [
            96.9663405,
            4.7564996
          ],
          [
            96.9662601,
            4.7565798
          ],
          [
            96.9658363,
            4.7569272
          ],
          [
            96.96567,
            4.757093
          ],
          [
            96.9656002,
            4.7571838
          ],
          [
            96.9655412,
            4.757403
          ],
          [
            96.9654769,
            4.7575206
          ],
          [
            96.9654018,
            4.7576062
          ],
          [
            96.9648921,
            4.7577398
          ],
          [
            96.9647902,
            4.7576971
          ],
          [
            96.9646561,
            4.7576864
          ],
          [
            96.9641519,
            4.7576917
          ],
          [
            96.9638139,
            4.7577666
          ],
          [
            96.963594,
            4.7578467
          ],
          [
            96.9634974,
            4.7579055
          ],
          [
            96.9634491,
            4.7580018
          ],
          [
            96.9634974,
            4.7582958
          ],
          [
            96.9636047,
            4.7584883
          ],
          [
            96.9636422,
            4.7585952
          ],
          [
            96.9636583,
            4.7587074
          ],
          [
            96.963653,
            4.7588197
          ],
          [
            96.9635725,
            4.7589747
          ],
          [
            96.9631755,
            4.7593169
          ],
          [
            96.9629449,
            4.7594024
          ],
          [
            96.9627249,
            4.7593222
          ],
          [
            96.962387,
            4.7590496
          ],
          [
            96.9621295,
            4.7587662
          ],
          [
            96.9619471,
            4.7584615
          ],
          [
            96.961872,
            4.758376
          ],
          [
            96.9617701,
            4.7583225
          ],
          [
            96.961652,
            4.7583118
          ],
          [
            96.9615555,
            4.758376
          ],
          [
            96.9613999,
            4.7585524
          ],
          [
            96.9613677,
            4.75867
          ],
          [
            96.9613624,
            4.7587823
          ],
          [
            96.9615018,
            4.7590603
          ],
          [
            96.9615823,
            4.7591511
          ],
          [
            96.9616628,
            4.759226
          ],
          [
            96.9619417,
            4.7594184
          ],
          [
            96.9619954,
            4.7595093
          ],
          [
            96.9620168,
            4.7596162
          ],
          [
            96.9618076,
            4.7598622
          ],
          [
            96.9617218,
            4.7599423
          ],
          [
            96.9616038,
            4.7599958
          ],
          [
            96.9613677,
            4.7600279
          ],
          [
            96.9611371,
            4.7600279
          ],
          [
            96.961019,
            4.76006
          ],
          [
            96.9606864,
            4.7602417
          ],
          [
            96.9605738,
            4.7602791
          ],
          [
            96.9604504,
            4.7602791
          ],
          [
            96.9603538,
            4.7602043
          ],
          [
            96.9602358,
            4.7600065
          ],
          [
            96.9601339,
            4.7597927
          ],
          [
            96.9600534,
            4.7597071
          ],
          [
            96.9599462,
            4.7596697
          ],
          [
            96.9598228,
            4.7596697
          ],
          [
            96.9594848,
            4.7597285
          ],
          [
            96.9593775,
            4.759782
          ],
          [
            96.9592541,
            4.759814
          ],
          [
            96.9587606,
            4.7600172
          ],
          [
            96.9586426,
            4.7600439
          ],
          [
            96.9585353,
            4.760092
          ],
          [
            96.9582295,
            4.7603005
          ],
          [
            96.9581437,
            4.7603861
          ],
          [
            96.9580042,
            4.7605678
          ],
          [
            96.957956,
            4.7606747
          ],
          [
            96.9579291,
            4.7607817
          ],
          [
            96.9580096,
            4.7611131
          ],
          [
            96.9580847,
            4.7611933
          ],
          [
            96.958192,
            4.76122
          ],
          [
            96.95831,
            4.7612254
          ],
          [
            96.9584012,
            4.7611772
          ],
          [
            96.9585139,
            4.7611559
          ],
          [
            96.9588464,
            4.7611559
          ],
          [
            96.9589537,
            4.7611826
          ],
          [
            96.959002,
            4.7612895
          ],
          [
            96.9589752,
            4.7614018
          ],
          [
            96.9588572,
            4.7616049
          ],
          [
            96.9587767,
            4.7616958
          ],
          [
            96.9585031,
            4.7619203
          ],
          [
            96.9580257,
            4.7618776
          ],
          [
            96.9579184,
            4.7618294
          ],
          [
            96.9576341,
            4.7616103
          ],
          [
            96.9575268,
            4.7615461
          ],
          [
            96.9574195,
            4.761498
          ],
          [
            96.9573015,
            4.7614873
          ],
          [
            96.9571942,
            4.7615033
          ],
          [
            96.9571191,
            4.7615942
          ],
          [
            96.9570923,
            4.7617065
          ],
          [
            96.9573659,
            4.7620967
          ],
          [
            96.9574141,
            4.762193
          ],
          [
            96.9574195,
            4.7623052
          ],
          [
            96.9574062,
            4.7623844
          ],
          [
            96.957382,
            4.7624977
          ],
          [
            96.9572961,
            4.7625672
          ],
          [
            96.9572409,
            4.7625594
          ],
          [
            96.9571298,
            4.7625565
          ],
          [
            96.9570782,
            4.7625034
          ],
          [
            96.9569743,
            4.7624496
          ],
          [
            96.9568938,
            4.7623747
          ],
          [
            96.9568461,
            4.762367
          ],
          [
            96.9567382,
            4.7623587
          ],
          [
            96.9565076,
            4.7624122
          ],
          [
            96.9564898,
            4.7624332
          ],
          [
            96.9564056,
            4.7625084
          ],
          [
            96.9563359,
            4.7627115
          ],
          [
            96.956344,
            4.7627643
          ],
          [
            96.9561803,
            4.7629628
          ],
          [
            96.9560945,
            4.763043
          ],
          [
            96.9559926,
            4.7631071
          ],
          [
            96.9557244,
            4.7634386
          ],
          [
            96.955483,
            4.763615
          ],
          [
            96.9552416,
            4.7637326
          ],
          [
            96.9549374,
            4.7639599
          ],
          [
            96.9548339,
            4.7639999
          ],
          [
            96.9544369,
            4.7642458
          ],
          [
            96.954335,
            4.7642939
          ],
          [
            96.9539807,
            4.7645611
          ],
          [
            96.9538844,
            4.76462
          ],
          [
            96.9536591,
            4.7646307
          ],
          [
            96.9533103,
            4.7644902
          ],
          [
            96.9530851,
            4.7644436
          ],
          [
            96.9529563,
            4.7644436
          ],
          [
            96.9527203,
            4.764481
          ],
          [
            96.9526687,
            4.7644761
          ],
          [
            96.952554,
            4.764481
          ],
          [
            96.9523233,
            4.7645345
          ],
          [
            96.9521946,
            4.7645826
          ],
          [
            96.952139,
            4.7646202
          ],
          [
            96.9520229,
            4.7646414
          ],
          [
            96.951921,
            4.7646842
          ],
          [
            96.9515616,
            4.7647911
          ],
          [
            96.951465,
            4.7648552
          ],
          [
            96.9514441,
            4.7649482
          ],
          [
            96.9514221,
            4.7650584
          ],
          [
            96.9516479,
            4.7653926
          ],
          [
            96.9517171,
            4.7654914
          ],
          [
            96.9518286,
            4.7655283
          ],
          [
            96.9520497,
            4.765593
          ],
          [
            96.9521463,
            4.7656518
          ],
          [
            96.9521946,
            4.765748
          ],
          [
            96.9521946,
            4.7658656
          ],
          [
            96.9521463,
            4.7659885
          ],
          [
            96.9521429,
            4.766047
          ],
          [
            96.9520175,
            4.7664055
          ],
          [
            96.9518942,
            4.7664697
          ],
          [
            96.9518188,
            4.7665271
          ],
          [
            96.9516903,
            4.7665552
          ],
          [
            96.9515884,
            4.7666033
          ],
          [
            96.9513953,
            4.7667316
          ],
          [
            96.9513148,
            4.7668118
          ],
          [
            96.9512612,
            4.767031
          ],
          [
            96.9514543,
            4.7671005
          ],
          [
            96.9514713,
            4.7671383
          ],
          [
            96.9515669,
            4.7671914
          ],
          [
            96.9516367,
            4.7672822
          ],
          [
            96.9516675,
            4.7673692
          ],
          [
            96.9517171,
            4.7674747
          ],
          [
            96.951744,
            4.767587
          ],
          [
            96.9517697,
            4.7679542
          ],
          [
            96.9517493,
            4.7680627
          ],
          [
            96.9517064,
            4.768175
          ],
          [
            96.9513524,
            4.7683568
          ],
          [
            96.9512156,
            4.7684087
          ],
          [
            96.9510949,
            4.7683781
          ],
          [
            96.9508588,
            4.7683514
          ],
          [
            96.9507354,
            4.7683514
          ],
          [
            96.9505823,
            4.7683898
          ],
          [
            96.950478,
            4.768437
          ],
          [
            96.9504297,
            4.7685385
          ],
          [
            96.9504369,
            4.7685608
          ],
          [
            96.9503814,
            4.7686615
          ],
          [
            96.9503696,
            4.7687815
          ],
          [
            96.9503546,
            4.7688967
          ],
          [
            96.950655,
            4.7695542
          ],
          [
            96.9508749,
            4.7699552
          ],
          [
            96.9509125,
            4.7700567
          ],
          [
            96.9513953,
            4.7706876
          ],
          [
            96.9518083,
            4.7709067
          ],
          [
            96.9519451,
            4.7710407
          ],
          [
            96.952039,
            4.7711045
          ],
          [
            96.9521302,
            4.7712863
          ],
          [
            96.952157,
            4.7713932
          ],
          [
            96.952157,
            4.7715162
          ],
          [
            96.9520605,
            4.7718423
          ],
          [
            96.9519961,
            4.7719385
          ],
          [
            96.9519156,
            4.7720187
          ],
          [
            96.9518713,
            4.772095
          ],
          [
            96.9516635,
            4.7722272
          ],
          [
            96.9516555,
            4.7722532
          ],
          [
            96.9511807,
            4.7723929
          ],
          [
            96.951068,
            4.7724089
          ],
          [
            96.9508427,
            4.7724303
          ],
          [
            96.9506013,
            4.7724303
          ],
          [
            96.9503033,
            4.7723981
          ],
          [
            96.9500409,
            4.7722711
          ],
          [
            96.9499576,
            4.7721951
          ],
          [
            96.9499306,
            4.7721266
          ],
          [
            96.9498828,
            4.7719785
          ],
          [
            96.9498932,
            4.7717674
          ],
          [
            96.9498181,
            4.7715536
          ],
          [
            96.9497591,
            4.771452
          ],
          [
            96.9496143,
            4.7712756
          ],
          [
            96.9495177,
            4.7712008
          ],
          [
            96.9493622,
            4.7710457
          ],
          [
            96.9491476,
            4.7709548
          ],
          [
            96.9490403,
            4.7709495
          ],
          [
            96.9489276,
            4.7709709
          ],
          [
            96.9487077,
            4.7710511
          ],
          [
            96.9482088,
            4.7713184
          ],
          [
            96.9480962,
            4.7713397
          ],
          [
            96.9480488,
            4.7713714
          ],
          [
            96.948005,
            4.7714787
          ],
          [
            96.9478816,
            4.7716872
          ],
          [
            96.9478172,
            4.7719171
          ],
          [
            96.9478065,
            4.772024
          ],
          [
            96.9479889,
            4.7730558
          ],
          [
            96.947983,
            4.7730932
          ],
          [
            96.9481659,
            4.7733925
          ],
          [
            96.9483858,
            4.7734781
          ],
          [
            96.9486111,
            4.7735155
          ],
          [
            96.9487184,
            4.7735476
          ],
          [
            96.948815,
            4.7736064
          ],
          [
            96.9488768,
            4.7736813
          ],
          [
            96.948933,
            4.7737774
          ],
          [
            96.9489408,
            4.77384
          ],
          [
            96.9489384,
            4.7739538
          ],
          [
            96.9489029,
            4.7740105
          ],
          [
            96.948815,
            4.7740928
          ],
          [
            96.9487077,
            4.774141
          ],
          [
            96.9479459,
            4.7742265
          ],
          [
            96.9476026,
            4.7743441
          ],
          [
            96.9473666,
            4.7743762
          ],
          [
            96.9471198,
            4.7743762
          ],
          [
            96.9470125,
            4.7743494
          ],
          [
            96.9469102,
            4.7743018
          ],
          [
            96.9466853,
            4.7742746
          ],
          [
            96.9465886,
            4.774223
          ],
          [
            96.9464707,
            4.7742158
          ],
          [
            96.9463688,
            4.774173
          ],
          [
            96.9462583,
            4.774101
          ],
          [
            96.946095,
            4.7736866
          ],
          [
            96.9460845,
            4.7734674
          ],
          [
            96.9460577,
            4.7733551
          ],
          [
            96.9460094,
            4.7732535
          ],
          [
            96.9459128,
            4.7732054
          ],
          [
            96.9457327,
            4.7732838
          ],
          [
            96.9456339,
            4.7733337
          ],
          [
            96.9455116,
            4.7734815
          ],
          [
            96.9450461,
            4.7739858
          ],
          [
            96.9449741,
            4.7740715
          ],
          [
            96.9448668,
            4.774141
          ],
          [
            96.9446677,
            4.7742075
          ],
          [
            96.9444412,
            4.7742862
          ],
          [
            96.9443303,
            4.7743548
          ],
          [
            96.9442644,
            4.7743749
          ],
          [
            96.9441052,
            4.7744711
          ],
          [
            96.9440675,
            4.774574
          ],
          [
            96.9439808,
            4.7746299
          ],
          [
            96.9439816,
            4.7748466
          ],
          [
            96.9439632,
            4.7748716
          ],
          [
            96.9438529,
            4.7748787
          ],
          [
            96.9437563,
            4.7748092
          ],
          [
            96.9436276,
            4.7746167
          ],
          [
            96.9435793,
            4.7745045
          ],
          [
            96.9433755,
            4.7742104
          ],
          [
            96.9432145,
            4.7740501
          ],
          [
            96.943103,
            4.7739839
          ],
          [
            96.9430053,
            4.7739378
          ],
          [
            96.9428927,
            4.7739752
          ],
          [
            96.9428672,
            4.7740726
          ],
          [
            96.9428122,
            4.7741944
          ],
          [
            96.9427961,
            4.774312
          ],
          [
            96.9428229,
            4.7744296
          ],
          [
            96.9428658,
            4.7745312
          ],
          [
            96.9430473,
            4.7752463
          ],
          [
            96.9430429,
            4.7754721
          ],
          [
            96.943,
            4.7756912
          ],
          [
            96.9430102,
            4.7757705
          ],
          [
            96.942831,
            4.7760708
          ]
        ]
      }
    },
    {
      "type": "Feature",
      "id": "way/1464522330",
      "properties": {
        "id": 1464522330,
        "name": "Sungai Tanpa Nama",
        "waterway": "river",
        "source": "OpenStreetMap (ODbL)"
      },
      "geometry": {
        "type": "LineString",
        "coordinates": [
          [
            97.5023517,
            4.8780339
          ],
          [
            97.5033389,
            4.8782389
          ],
          [
            97.5040223,
            4.8782843
          ],
          [
            97.5050348,
            4.8781039
          ],
          [
            97.5057669,
            4.8777591
          ],
          [
            97.5066439,
            4.8775915
          ],
          [
            97.5073208,
            4.8778779
          ],
          [
            97.5076639,
            4.8782477
          ],
          [
            97.5078878,
            4.8787412
          ],
          [
            97.5079394,
            4.8794311
          ],
          [
            97.50778,
            4.8803622
          ],
          [
            97.5078724,
            4.8808668
          ],
          [
            97.5082334,
            4.8813665
          ],
          [
            97.5085713,
            4.8816536
          ],
          [
            97.5094317,
            4.8819139
          ],
          [
            97.5113857,
            4.8822802
          ],
          [
            97.5116948,
            4.8825363
          ],
          [
            97.5119534,
            4.8829089
          ],
          [
            97.512053,
            4.8833137
          ],
          [
            97.5118793,
            4.8837223
          ],
          [
            97.5109788,
            4.8846824
          ],
          [
            97.5104203,
            4.8850074
          ],
          [
            97.5088572,
            4.8857478
          ],
          [
            97.5078992,
            4.885983
          ],
          [
            97.5071836,
            4.8859458
          ],
          [
            97.5057439,
            4.8854716
          ],
          [
            97.5049063,
            4.884599
          ],
          [
            97.5044328,
            4.8838412
          ],
          [
            97.5041055,
            4.8830528
          ],
          [
            97.503688,
            4.8807638
          ],
          [
            97.5032935,
            4.8799226
          ],
          [
            97.5025905,
            4.8792053
          ],
          [
            97.5019856,
            4.8787035
          ]
        ]
      }
    },
    {
      "type": "Feature",
      "id": "way/1470882023",
      "properties": {
        "id": 1470882023,
        "name": "Sungai Tanpa Nama",
        "waterway": "river",
        "source": "OpenStreetMap (ODbL)"
      },
      "geometry": {
        "type": "LineString",
        "coordinates": [
          [
            96.9044623,
            5.1121627
          ],
          [
            96.9047493,
            5.1120727
          ],
          [
            96.905179,
            5.112053
          ],
          [
            96.9053396,
            5.1119217
          ],
          [
            96.9056751,
            5.1122084
          ],
          [
            96.9062008,
            5.1132172
          ],
          [
            96.9070672,
            5.1149187
          ],
          [
            96.9071326,
            5.1154316
          ],
          [
            96.9070427,
            5.1173123
          ],
          [
            96.9065768,
            5.1184195
          ],
          [
            96.9064051,
            5.1190138
          ],
          [
            96.9062907,
            5.1202757
          ],
          [
            96.9065114,
            5.122083
          ],
          [
            96.9062662,
            5.1239636
          ],
          [
            96.9063397,
            5.1247696
          ],
          [
            96.9067075,
            5.1259012
          ],
          [
            96.9072797,
            5.1270003
          ],
          [
            96.9075168,
            5.1272201
          ],
          [
            96.9102305,
            5.1283273
          ],
          [
            96.9105084,
            5.128368
          ],
          [
            96.9109007,
            5.1281482
          ],
          [
            96.9113094,
            5.1277737
          ],
          [
            96.9116527,
            5.1276842
          ],
          [
            96.9119388,
            5.1278633
          ],
          [
            96.9126336,
            5.1284738
          ],
          [
            96.9129033,
            5.1289542
          ],
          [
            96.9129769,
            5.1294182
          ],
          [
            96.9128706,
            5.1298741
          ],
          [
            96.9122903,
            5.1307859
          ],
          [
            96.9120696,
            5.1312337
          ],
          [
            96.912135,
            5.1318606
          ],
          [
            96.9120941,
            5.1323165
          ],
          [
            96.9116773,
            5.1333015
          ],
          [
            96.9112195,
            5.1337411
          ],
          [
            96.9106882,
            5.1340749
          ],
          [
            96.9100098,
            5.1341726
          ],
          [
            96.9095357,
            5.1344006
          ],
          [
            96.9092741,
            5.1347995
          ],
          [
            96.9092987,
            5.1352879
          ],
          [
            96.9095275,
            5.1362567
          ],
          [
            96.9097074,
            5.1364358
          ],
          [
            96.9103531,
            5.1365417
          ],
          [
            96.9109171,
            5.136794
          ],
          [
            96.9113912,
            5.1372744
          ],
          [
            96.9119552,
            5.1374942
          ],
          [
            96.9125192,
            5.1380396
          ],
          [
            96.9132466,
            5.1392201
          ],
          [
            96.9135,
            5.1398306
          ],
          [
            96.913639,
            5.1405715
          ],
          [
            96.9138924,
            5.1409052
          ],
          [
            96.9144073,
            5.1413123
          ],
          [
            96.9147424,
            5.1413937
          ],
          [
            96.9151757,
            5.1411658
          ],
          [
            96.9156906,
            5.1405226
          ],
          [
            96.9160666,
            5.1403272
          ],
          [
            96.9163772,
            5.1403028
          ],
          [
            96.9166306,
            5.1405226
          ],
          [
            96.9167205,
            5.1409052
          ],
          [
            96.9166715,
            5.1413693
          ],
          [
            96.9165243,
            5.1418415
          ],
          [
            96.9163118,
            5.1421101
          ],
          [
            96.9160339,
            5.1421997
          ],
          [
            96.91538,
            5.1421752
          ],
          [
            96.9147997,
            5.1423543
          ],
          [
            96.9140313,
            5.1427777
          ],
          [
            96.9136553,
            5.1431603
          ],
          [
            96.9135327,
            5.1436813
          ],
          [
            96.9133611,
            5.1441291
          ],
          [
            96.9130096,
            5.1443977
          ],
          [
            96.9126516,
            5.1445655
          ],
          [
            96.9121054,
            5.1444434
          ],
          [
            96.911825,
            5.1444489
          ],
          [
            96.9116119,
            5.1447233
          ],
          [
            96.9115873,
            5.1451141
          ],
          [
            96.9118407,
            5.1458875
          ],
          [
            96.9120223,
            5.146342
          ],
          [
            96.912323,
            5.1464655
          ],
          [
            96.9127843,
            5.1464356
          ],
          [
            96.9133938,
            5.1466039
          ],
          [
            96.9137123,
            5.1468356
          ],
          [
            96.9137779,
            5.1470109
          ],
          [
            96.9136554,
            5.1471343
          ],
          [
            96.912768,
            5.1475599
          ],
          [
            96.9119383,
            5.1478282
          ],
          [
            96.9097737,
            5.1479305
          ],
          [
            96.9078625,
            5.1489269
          ],
          [
            96.9075331,
            5.149787
          ],
          [
            96.9074401,
            5.1506519
          ]
        ]
      }
    }
  ]
}